Date,Crop,Mandi,Modal_Price
2024-01-01,Onion,Pune,2782
2024-01-02,Onion,Pune,2800
2024-01-03,Onion,Pune,2789
2024-01-04,Onion,Pune,2800
2024-01-05,Onion,Pune,2822
2024-01-06,Onion,Pune,2818
2024-01-07,Onion,Pune,2828
2024-01-08,Onion,Pune,2832
2024-01-09,Onion,Pune,2852
2024-01-10,Onion,Pune,2874
2024-01-11,Onion,Pune,2864
2024-01-12,Onion,Pune,2870
2024-01-13,Onion,Pune,2863
2024-01-14,Onion,Pune,2846
2024-01-15,Onion,Pune,2854
2024-01-16,Onion,Pune,2872
2024-01-17,Onion,Pune,2894
2024-01-18,Onion,Pune,2899
2024-01-19,Onion,Pune,2879
2024-01-20,Onion,Pune,2896
2024-01-21,Onion,Pune,2921
2024-01-22,Onion,Pune,2903
2024-01-23,Onion,Pune,2911
2024-01-24,Onion,Pune,2932
2024-01-25,Onion,Pune,2930
2024-01-26,Onion,Pune,2914
2024-01-27,Onion,Pune,2899
2024-01-28,Onion,Pune,2900
2024-01-29,Onion,Pune,2885
2024-01-30,Onion,Pune,2866
2024-01-31,Onion,Pune,2881
2024-02-01,Onion,Pune,2905
2024-02-02,Onion,Pune,2890
2024-02-03,Onion,Pune,2881
2024-02-04,Onion,Pune,2889
2024-02-05,Onion,Pune,2880
2024-02-06,Onion,Pune,2875
2024-02-07,Onion,Pune,2866
2024-02-08,Onion,Pune,2891
2024-02-09,Onion,Pune,2913
2024-02-10,Onion,Pune,2925
2024-02-11,Onion,Pune,2925
2024-02-12,Onion,Pune,2910
2024-02-13,Onion,Pune,2930
2024-02-14,Onion,Pune,2914
2024-02-15,Onion,Pune,2929
2024-02-16,Onion,Pune,2950
2024-02-17,Onion,Pune,2953
2024-02-18,Onion,Pune,2968
2024-02-19,Onion,Pune,2966
2024-02-20,Onion,Pune,2964
2024-02-21,Onion,Pune,2983
2024-02-22,Onion,Pune,2978
2024-02-23,Onion,Pune,2959
2024-02-24,Onion,Pune,2974
2024-02-25,Onion,Pune,2991
2024-02-26,Onion,Pune,3005
2024-02-27,Onion,Pune,3015
2024-02-28,Onion,Pune,3032
2024-02-29,Onion,Pune,3025
2024-03-01,Onion,Pune,3046
2024-03-02,Onion,Pune,3063
2024-03-03,Onion,Pune,3046
2024-03-04,Onion,Pune,3046
2024-03-05,Onion,Pune,3063
2024-03-06,Onion,Pune,3048
2024-03-07,Onion,Pune,3043
2024-03-08,Onion,Pune,3052
2024-03-09,Onion,Pune,3072
2024-03-10,Onion,Pune,3089
2024-03-11,Onion,Pune,3098
2024-03-12,Onion,Pune,3102
2024-03-13,Onion,Pune,3127
2024-03-14,Onion,Pune,3128
2024-03-15,Onion,Pune,3139
2024-03-16,Onion,Pune,3154
2024-03-17,Onion,Pune,3170
2024-03-18,Onion,Pune,3171
2024-03-19,Onion,Pune,3158
2024-03-20,Onion,Pune,3175
2024-03-21,Onion,Pune,3156
2024-03-22,Onion,Pune,3177
2024-03-23,Onion,Pune,3187
2024-03-24,Onion,Pune,3190
2024-03-25,Onion,Pune,3171
2024-03-26,Onion,Pune,3169
2024-03-27,Onion,Pune,3163
2024-03-28,Onion,Pune,3148
2024-03-29,Onion,Pune,3160
2024-03-30,Onion,Pune,3146
2024-03-31,Onion,Pune,3171
2024-04-01,Onion,Pune,3174
2024-04-02,Onion,Pune,3183
2024-04-03,Onion,Pune,3182
2024-04-04,Onion,Pune,3203
2024-04-05,Onion,Pune,3219
2024-04-06,Onion,Pune,3229
2024-04-07,Onion,Pune,3251
2024-04-08,Onion,Pune,3246
2024-04-09,Onion,Pune,3265
2024-04-10,Onion,Pune,3264
2024-04-11,Onion,Pune,3259
2024-04-12,Onion,Pune,3254
2024-04-13,Onion,Pune,3268
2024-04-14,Onion,Pune,3251
2024-04-15,Onion,Pune,3244
2024-04-16,Onion,Pune,3229
2024-04-17,Onion,Pune,3225
2024-04-18,Onion,Pune,3217
2024-04-19,Onion,Pune,3231
2024-04-20,Onion,Pune,3233
2024-04-21,Onion,Pune,3221
2024-04-22,Onion,Pune,3225
2024-04-23,Onion,Pune,3238
2024-04-24,Onion,Pune,3237
2024-04-25,Onion,Pune,3235
2024-04-26,Onion,Pune,3242
2024-04-27,Onion,Pune,3260
2024-04-28,Onion,Pune,3285
2024-04-29,Onion,Pune,3280
2024-04-30,Onion,Pune,3270
2024-05-01,Onion,Pune,3284
2024-05-02,Onion,Pune,3278
2024-05-03,Onion,Pune,3303
2024-05-04,Onion,Pune,3311
2024-05-05,Onion,Pune,3295
2024-05-06,Onion,Pune,3294
2024-05-07,Onion,Pune,3297
2024-05-08,Onion,Pune,3302
2024-05-09,Onion,Pune,3307
2024-05-10,Onion,Pune,3327
2024-05-11,Onion,Pune,3310
2024-05-12,Onion,Pune,3329
2024-05-13,Onion,Pune,3313
2024-05-14,Onion,Pune,3309
2024-05-15,Onion,Pune,3320
2024-05-16,Onion,Pune,3305
2024-05-17,Onion,Pune,3287
2024-05-18,Onion,Pune,3292
2024-05-19,Onion,Pune,3313
2024-05-20,Onion,Pune,3338
2024-05-21,Onion,Pune,3335
2024-05-22,Onion,Pune,3329
2024-05-23,Onion,Pune,3349
2024-05-24,Onion,Pune,3361
2024-05-25,Onion,Pune,3370
2024-05-26,Onion,Pune,3383
2024-05-27,Onion,Pune,3385
2024-05-28,Onion,Pune,3383
2024-05-29,Onion,Pune,3371
2024-05-30,Onion,Pune,3392
2024-05-31,Onion,Pune,3413
2024-06-01,Onion,Pune,3417
2024-06-02,Onion,Pune,3435
2024-06-03,Onion,Pune,3422
2024-06-04,Onion,Pune,3441
2024-06-05,Onion,Pune,3447
2024-06-06,Onion,Pune,3455
2024-06-07,Onion,Pune,3437
2024-06-08,Onion,Pune,3441
2024-06-09,Onion,Pune,3445
2024-06-10,Onion,Pune,3446
2024-06-11,Onion,Pune,3437
2024-06-12,Onion,Pune,3420
2024-06-13,Onion,Pune,3413
2024-06-14,Onion,Pune,3404
2024-06-15,Onion,Pune,3418
2024-06-16,Onion,Pune,3404
2024-06-17,Onion,Pune,3404
2024-06-18,Onion,Pune,3428
2024-06-19,Onion,Pune,3453
2024-06-20,Onion,Pune,3435
2024-06-21,Onion,Pune,3449
2024-06-22,Onion,Pune,3440
2024-06-23,Onion,Pune,3465
2024-06-24,Onion,Pune,3451
2024-06-25,Onion,Pune,3476
2024-06-26,Onion,Pune,3478
2024-06-27,Onion,Pune,3501
2024-06-28,Onion,Pune,3496
2024-06-29,Onion,Pune,3489
2024-06-30,Onion,Pune,3499
2024-07-01,Onion,Pune,3484
2024-07-02,Onion,Pune,3500
2024-07-03,Onion,Pune,3508
2024-07-04,Onion,Pune,3523
2024-07-05,Onion,Pune,3523
2024-07-06,Onion,Pune,3519
2024-07-07,Onion,Pune,3540
2024-07-08,Onion,Pune,3530
2024-07-09,Onion,Pune,3525
2024-07-10,Onion,Pune,3539
2024-07-11,Onion,Pune,3545
2024-07-12,Onion,Pune,3541
2024-07-13,Onion,Pune,3552
2024-07-14,Onion,Pune,3566
2024-07-15,Onion,Pune,3566
2024-07-16,Onion,Pune,3558
2024-07-17,Onion,Pune,3553
2024-07-18,Onion,Pune,3551
2024-07-19,Onion,Pune,3558
2024-07-20,Onion,Pune,3566
2024-07-21,Onion,Pune,3562
2024-07-22,Onion,Pune,3568
2024-07-23,Onion,Pune,3592
2024-07-24,Onion,Pune,3577
2024-07-25,Onion,Pune,3582
2024-07-26,Onion,Pune,3579
2024-07-27,Onion,Pune,3569
2024-07-28,Onion,Pune,3594
2024-07-29,Onion,Pune,3604
2024-07-30,Onion,Pune,3609
2024-07-31,Onion,Pune,3633
2024-08-01,Onion,Pune,3642
2024-08-02,Onion,Pune,3630
2024-08-03,Onion,Pune,3616
2024-08-04,Onion,Pune,3640
2024-08-05,Onion,Pune,3639
2024-08-06,Onion,Pune,3655
2024-08-07,Onion,Pune,3662
2024-08-08,Onion,Pune,3664
2024-08-09,Onion,Pune,3679
2024-08-10,Onion,Pune,3700
2024-08-11,Onion,Pune,3685
2024-08-12,Onion,Pune,3677
2024-08-13,Onion,Pune,3658
2024-08-14,Onion,Pune,3646
2024-08-15,Onion,Pune,3660
2024-08-16,Onion,Pune,3657
2024-08-17,Onion,Pune,3651
2024-08-18,Onion,Pune,3639
2024-08-19,Onion,Pune,3627
2024-08-20,Onion,Pune,3618
2024-08-21,Onion,Pune,3623
2024-08-22,Onion,Pune,3635
2024-08-23,Onion,Pune,3637
2024-08-24,Onion,Pune,3651
2024-08-25,Onion,Pune,3637
2024-08-26,Onion,Pune,3642
2024-08-27,Onion,Pune,3657
2024-08-28,Onion,Pune,3652
2024-08-29,Onion,Pune,3676
2024-08-30,Onion,Pune,3663
2024-08-31,Onion,Pune,3644
2024-09-01,Onion,Pune,3643
2024-09-02,Onion,Pune,3645
2024-09-03,Onion,Pune,3650
2024-09-04,Onion,Pune,3646
2024-09-05,Onion,Pune,3668
2024-09-06,Onion,Pune,3672
2024-09-07,Onion,Pune,3666
2024-09-08,Onion,Pune,3691
2024-09-09,Onion,Pune,3671
2024-09-10,Onion,Pune,3654
2024-09-11,Onion,Pune,3655
2024-09-12,Onion,Pune,3651
2024-09-13,Onion,Pune,3639
2024-09-14,Onion,Pune,3623
2024-09-15,Onion,Pune,3619
2024-09-16,Onion,Pune,3634
2024-09-17,Onion,Pune,3642
2024-09-18,Onion,Pune,3634
2024-09-19,Onion,Pune,3640
2024-09-20,Onion,Pune,3624
2024-09-21,Onion,Pune,3635
2024-09-22,Onion,Pune,3632
2024-09-23,Onion,Pune,3639
2024-09-24,Onion,Pune,3648
2024-09-25,Onion,Pune,3635
2024-09-26,Onion,Pune,3645
2024-09-27,Onion,Pune,3637
2024-09-28,Onion,Pune,3652
2024-09-29,Onion,Pune,3650
2024-09-30,Onion,Pune,3639
2024-10-01,Onion,Pune,3652
2024-10-02,Onion,Pune,3652
2024-10-03,Onion,Pune,3664
2024-10-04,Onion,Pune,3688
2024-10-05,Onion,Pune,3685
2024-10-06,Onion,Pune,3670
2024-10-07,Onion,Pune,3664
2024-10-08,Onion,Pune,3673
2024-10-09,Onion,Pune,3681
2024-10-10,Onion,Pune,3699
2024-10-11,Onion,Pune,3701
2024-10-12,Onion,Pune,3726
2024-10-13,Onion,Pune,3716
2024-10-14,Onion,Pune,3703
2024-10-15,Onion,Pune,3685
2024-10-16,Onion,Pune,3706
2024-10-17,Onion,Pune,3708
2024-10-18,Onion,Pune,3720
2024-10-19,Onion,Pune,3735
2024-10-20,Onion,Pune,3731
2024-10-21,Onion,Pune,3729
2024-10-22,Onion,Pune,3730
2024-10-23,Onion,Pune,3746
2024-10-24,Onion,Pune,3749
2024-10-25,Onion,Pune,3743
2024-10-26,Onion,Pune,3761
2024-10-27,Onion,Pune,3784
2024-10-28,Onion,Pune,3790
2024-10-29,Onion,Pune,3815
2024-10-30,Onion,Pune,3813
2024-10-31,Onion,Pune,3800
2024-11-01,Onion,Pune,3806
2024-11-02,Onion,Pune,3812
2024-11-03,Onion,Pune,3824
2024-11-04,Onion,Pune,3849
2024-11-05,Onion,Pune,3832
2024-11-06,Onion,Pune,3817
2024-11-07,Onion,Pune,3808
2024-11-08,Onion,Pune,3788
2024-11-09,Onion,Pune,3801
2024-11-10,Onion,Pune,3816
2024-11-11,Onion,Pune,3808
2024-11-12,Onion,Pune,3792
2024-11-13,Onion,Pune,3805
2024-11-14,Onion,Pune,3799
2024-11-15,Onion,Pune,3779
2024-11-16,Onion,Pune,3794
2024-11-17,Onion,Pune,3809
2024-11-18,Onion,Pune,3817
2024-11-19,Onion,Pune,3841
2024-11-20,Onion,Pune,3850
2024-11-21,Onion,Pune,3859
2024-11-22,Onion,Pune,3884
2024-11-23,Onion,Pune,3868
2024-11-24,Onion,Pune,3878
2024-11-25,Onion,Pune,3859
2024-11-26,Onion,Pune,3870
2024-11-27,Onion,Pune,3886
2024-11-28,Onion,Pune,3899
2024-11-29,Onion,Pune,3895
2024-11-30,Onion,Pune,3903
2024-12-01,Onion,Pune,3896
2024-12-02,Onion,Pune,3919
2024-12-03,Onion,Pune,3932
2024-12-04,Onion,Pune,3955
2024-12-05,Onion,Pune,3969
2024-12-06,Onion,Pune,3956
2024-12-07,Onion,Pune,3973
2024-12-08,Onion,Pune,3981
2024-12-09,Onion,Pune,3984
2024-12-10,Onion,Pune,3967
2024-12-11,Onion,Pune,3972
2024-12-12,Onion,Pune,3965
2024-12-13,Onion,Pune,3947
2024-12-14,Onion,Pune,3945
2024-12-15,Onion,Pune,3955
2024-12-16,Onion,Pune,3973
2024-12-17,Onion,Pune,3954
2024-12-18,Onion,Pune,3937
2024-12-19,Onion,Pune,3957
2024-12-20,Onion,Pune,3976
2024-12-21,Onion,Pune,3979
2024-12-22,Onion,Pune,3961
2024-12-23,Onion,Pune,3948
2024-12-24,Onion,Pune,3970
2024-12-25,Onion,Pune,3960
2024-12-26,Onion,Pune,3960
2024-12-27,Onion,Pune,3968
2024-12-28,Onion,Pune,3952
2024-12-29,Onion,Pune,3934
2024-12-30,Onion,Pune,3919
2024-12-31,Onion,Pune,3903
2025-01-01,Onion,Pune,3920
2025-01-02,Onion,Pune,3937
2025-01-03,Onion,Pune,3950
2025-01-04,Onion,Pune,3935
2025-01-05,Onion,Pune,3943
2025-01-06,Onion,Pune,3935
2025-01-07,Onion,Pune,3940
2025-01-08,Onion,Pune,3953
2025-01-09,Onion,Pune,3957
2025-01-10,Onion,Pune,3973
2025-01-11,Onion,Pune,3988
2025-01-12,Onion,Pune,3992
2025-01-13,Onion,Pune,3975
2025-01-14,Onion,Pune,3988
2025-01-15,Onion,Pune,4012
2025-01-16,Onion,Pune,4011
2025-01-17,Onion,Pune,3994
2025-01-18,Onion,Pune,4016
2025-01-19,Onion,Pune,4023
2025-01-20,Onion,Pune,4042
2025-01-21,Onion,Pune,4051
2025-01-22,Onion,Pune,4067
2025-01-23,Onion,Pune,4057
2025-01-24,Onion,Pune,4081
2025-01-25,Onion,Pune,4072
2025-01-26,Onion,Pune,4095
2025-01-27,Onion,Pune,4077
2025-01-28,Onion,Pune,4068
2025-01-29,Onion,Pune,4093
2025-01-30,Onion,Pune,4112
2025-01-31,Onion,Pune,4105
2025-02-01,Onion,Pune,4088
2025-02-02,Onion,Pune,4069
2025-02-03,Onion,Pune,4085
2025-02-04,Onion,Pune,4105
2025-02-05,Onion,Pune,4085
2025-02-06,Onion,Pune,4100
2025-02-07,Onion,Pune,4081
2025-02-08,Onion,Pune,4066
2025-02-09,Onion,Pune,4072
2025-02-10,Onion,Pune,4084
2025-02-11,Onion,Pune,4073
2025-02-12,Onion,Pune,4089
2025-02-13,Onion,Pune,4106
2025-02-14,Onion,Pune,4114
2025-02-15,Onion,Pune,4136
2025-02-16,Onion,Pune,4142
2025-02-17,Onion,Pune,4149
2025-02-18,Onion,Pune,4166
2025-02-19,Onion,Pune,4159
2025-02-20,Onion,Pune,4146
2025-02-21,Onion,Pune,4137
2025-02-22,Onion,Pune,4125
2025-02-23,Onion,Pune,4114
2025-02-24,Onion,Pune,4135
2025-02-25,Onion,Pune,4154
2025-02-26,Onion,Pune,4145
2025-02-27,Onion,Pune,4152
2025-02-28,Onion,Pune,4167
2025-03-01,Onion,Pune,4179
2025-03-02,Onion,Pune,4190
2025-03-03,Onion,Pune,4184
2025-03-04,Onion,Pune,4185
2025-03-05,Onion,Pune,4196
2025-03-06,Onion,Pune,4201
2025-03-07,Onion,Pune,4200
2025-03-08,Onion,Pune,4211
2025-03-09,Onion,Pune,4217
2025-03-10,Onion,Pune,4210
2025-03-11,Onion,Pune,4203
2025-03-12,Onion,Pune,4204
2025-03-13,Onion,Pune,4195
2025-03-14,Onion,Pune,4175
2025-03-15,Onion,Pune,4157
2025-03-16,Onion,Pune,4161
2025-03-17,Onion,Pune,4179
2025-03-18,Onion,Pune,4186
2025-03-19,Onion,Pune,4175
2025-03-20,Onion,Pune,4158
2025-03-21,Onion,Pune,4161
2025-03-22,Onion,Pune,4176
2025-03-23,Onion,Pune,4164
2025-03-24,Onion,Pune,4173
2025-03-25,Onion,Pune,4170
2025-03-26,Onion,Pune,4154
2025-03-27,Onion,Pune,4169
2025-03-28,Onion,Pune,4174
2025-03-29,Onion,Pune,4174
2025-03-30,Onion,Pune,4182
2025-03-31,Onion,Pune,4203
2025-04-01,Onion,Pune,4211
2025-04-02,Onion,Pune,4199
2025-04-03,Onion,Pune,4210
2025-04-04,Onion,Pune,4211
2025-04-05,Onion,Pune,4218
2025-04-06,Onion,Pune,4215
2025-04-07,Onion,Pune,4224
2025-04-08,Onion,Pune,4224
2025-04-09,Onion,Pune,4215
2025-04-10,Onion,Pune,4234
2025-04-11,Onion,Pune,4226
2025-04-12,Onion,Pune,4210
2025-04-13,Onion,Pune,4233
2025-04-14,Onion,Pune,4237
2025-04-15,Onion,Pune,4220
2025-04-16,Onion,Pune,4235
2025-04-17,Onion,Pune,4226
2025-04-18,Onion,Pune,4245
2025-04-19,Onion,Pune,4268
2025-04-20,Onion,Pune,4288
2025-04-21,Onion,Pune,4310
2025-04-22,Onion,Pune,4292
2025-04-23,Onion,Pune,4302
2025-04-24,Onion,Pune,4283
2025-04-25,Onion,Pune,4278
2025-04-26,Onion,Pune,4273
2025-04-27,Onion,Pune,4291
2025-04-28,Onion,Pune,4292
2025-04-29,Onion,Pune,4290
2025-04-30,Onion,Pune,4305
2025-05-01,Onion,Pune,4329
2025-05-02,Onion,Pune,4312
2025-05-03,Onion,Pune,4306
2025-05-04,Onion,Pune,4328
2025-05-05,Onion,Pune,4347
2025-05-06,Onion,Pune,4347
2025-05-07,Onion,Pune,4364
2025-05-08,Onion,Pune,4388
2025-05-09,Onion,Pune,4386
2025-05-10,Onion,Pune,4385
2025-05-11,Onion,Pune,4399
2025-05-12,Onion,Pune,4388
2025-05-13,Onion,Pune,4387
2025-05-14,Onion,Pune,4397
2025-05-15,Onion,Pune,4415
2025-05-16,Onion,Pune,4405
2025-05-17,Onion,Pune,4406
2025-05-18,Onion,Pune,4393
2025-05-19,Onion,Pune,4395
2025-05-20,Onion,Pune,4384
2025-05-21,Onion,Pune,4392
2025-05-22,Onion,Pune,4392
2025-05-23,Onion,Pune,4378
2025-05-24,Onion,Pune,4396
2025-05-25,Onion,Pune,4386
2025-05-26,Onion,Pune,4390
2025-05-27,Onion,Pune,4373
2025-05-28,Onion,Pune,4394
2025-05-29,Onion,Pune,4381
2025-05-30,Onion,Pune,4401
2025-05-31,Onion,Pune,4411
2025-06-01,Onion,Pune,4435
2025-06-02,Onion,Pune,4430
2025-06-03,Onion,Pune,4415
2025-06-04,Onion,Pune,4422
2025-06-05,Onion,Pune,4443
2025-06-06,Onion,Pune,4437
2025-06-07,Onion,Pune,4433
2025-06-08,Onion,Pune,4428
2025-06-09,Onion,Pune,4418
2025-06-10,Onion,Pune,4404
2025-06-11,Onion,Pune,4423
2025-06-12,Onion,Pune,4441
2025-06-13,Onion,Pune,4426
2025-06-14,Onion,Pune,4440
2025-06-15,Onion,Pune,4426
2025-06-16,Onion,Pune,4445
2025-06-17,Onion,Pune,4460
2025-06-18,Onion,Pune,4441
2025-06-19,Onion,Pune,4434
2025-06-20,Onion,Pune,4435
2025-06-21,Onion,Pune,4458
2025-06-22,Onion,Pune,4448
2025-06-23,Onion,Pune,4464
2025-06-24,Onion,Pune,4458
2025-06-25,Onion,Pune,4465
2025-06-26,Onion,Pune,4455
2025-06-27,Onion,Pune,4457
2025-06-28,Onion,Pune,4479
2025-06-29,Onion,Pune,4469
2025-06-30,Onion,Pune,4475
2025-07-01,Onion,Pune,4484
2025-07-02,Onion,Pune,4482
2025-07-03,Onion,Pune,4497
2025-07-04,Onion,Pune,4500
2025-07-05,Onion,Pune,4490
2025-07-06,Onion,Pune,4470
2025-07-07,Onion,Pune,4453
2025-07-08,Onion,Pune,4443
2025-07-09,Onion,Pune,4425
2025-07-10,Onion,Pune,4413
2025-07-11,Onion,Pune,4416
2025-07-12,Onion,Pune,4407
2025-07-13,Onion,Pune,4412
2025-07-14,Onion,Pune,4411
2025-07-15,Onion,Pune,4402
2025-07-16,Onion,Pune,4390
2025-07-17,Onion,Pune,4390
2025-07-18,Onion,Pune,4411
2025-07-19,Onion,Pune,4433
2025-07-20,Onion,Pune,4414
2025-07-21,Onion,Pune,4414
2025-07-22,Onion,Pune,4427
2025-07-23,Onion,Pune,4451
2025-07-24,Onion,Pune,4469
2025-07-25,Onion,Pune,4492
2025-07-26,Onion,Pune,4502
2025-07-27,Onion,Pune,4516
2025-07-28,Onion,Pune,4530
2025-07-29,Onion,Pune,4526
2025-07-30,Onion,Pune,4536
2025-07-31,Onion,Pune,4544
2025-08-01,Onion,Pune,4534
2025-08-02,Onion,Pune,4546
2025-08-03,Onion,Pune,4546
2025-08-04,Onion,Pune,4559
2025-08-05,Onion,Pune,4546
2025-08-06,Onion,Pune,4566
2025-08-07,Onion,Pune,4575
2025-08-08,Onion,Pune,4587
2025-08-09,Onion,Pune,4594
2025-08-10,Onion,Pune,4597
2025-08-11,Onion,Pune,4581
2025-08-12,Onion,Pune,4592
2025-08-13,Onion,Pune,4592
2025-08-14,Onion,Pune,4586
2025-08-15,Onion,Pune,4593
2025-08-16,Onion,Pune,4609
2025-08-17,Onion,Pune,4595
2025-08-18,Onion,Pune,4619
2025-08-19,Onion,Pune,4634
2025-08-20,Onion,Pune,4647
2025-08-21,Onion,Pune,4635
2025-08-22,Onion,Pune,4617
2025-08-23,Onion,Pune,4615
2025-08-24,Onion,Pune,4605
2025-08-25,Onion,Pune,4619
2025-08-26,Onion,Pune,4607
2025-08-27,Onion,Pune,4627
2025-08-28,Onion,Pune,4626
2025-08-29,Onion,Pune,4623
2025-08-30,Onion,Pune,4603
2025-08-31,Onion,Pune,4587
2025-09-01,Onion,Pune,4592
2025-09-02,Onion,Pune,4594
2025-09-03,Onion,Pune,4579
2025-09-04,Onion,Pune,4561
2025-09-05,Onion,Pune,4548
2025-09-06,Onion,Pune,4545
2025-09-07,Onion,Pune,4553
2025-09-08,Onion,Pune,4536
2025-09-09,Onion,Pune,4531
2025-09-10,Onion,Pune,4535
2025-09-11,Onion,Pune,4537
2025-09-12,Onion,Pune,4546
2025-09-13,Onion,Pune,4562
2025-09-14,Onion,Pune,4585
2025-09-15,Onion,Pune,4594
2025-09-16,Onion,Pune,4602
2025-09-17,Onion,Pune,4623
2025-09-18,Onion,Pune,4618
2025-09-19,Onion,Pune,4624
2025-09-20,Onion,Pune,4618
2025-09-21,Onion,Pune,4599
2025-09-22,Onion,Pune,4612
2025-09-23,Onion,Pune,4606
2025-09-24,Onion,Pune,4602
2025-09-25,Onion,Pune,4612
2025-09-26,Onion,Pune,4608
2025-09-27,Onion,Pune,4616
2025-09-28,Onion,Pune,4621
2025-09-29,Onion,Pune,4637
2025-09-30,Onion,Pune,4624
2025-10-01,Onion,Pune,4631
2025-10-02,Onion,Pune,4611
2025-10-03,Onion,Pune,4617
2025-10-04,Onion,Pune,4605
2025-10-05,Onion,Pune,4594
2025-10-06,Onion,Pune,4613
2025-10-07,Onion,Pune,4593
2025-10-08,Onion,Pune,4592
2025-10-09,Onion,Pune,4600
2025-10-10,Onion,Pune,4593
2025-10-11,Onion,Pune,4591
2025-10-12,Onion,Pune,4578
2025-10-13,Onion,Pune,4586
2025-10-14,Onion,Pune,4601
2025-10-15,Onion,Pune,4621
2025-10-16,Onion,Pune,4637
2025-10-17,Onion,Pune,4639
2025-10-18,Onion,Pune,4635
2025-10-19,Onion,Pune,4617
2025-10-20,Onion,Pune,4620
2025-10-21,Onion,Pune,4621
2025-10-22,Onion,Pune,4637
2025-10-23,Onion,Pune,4649
2025-10-24,Onion,Pune,4645
2025-10-25,Onion,Pune,4633
2025-10-26,Onion,Pune,4636
2025-10-27,Onion,Pune,4655
2025-10-28,Onion,Pune,4644
2025-10-29,Onion,Pune,4646
2025-10-30,Onion,Pune,4671
2025-10-31,Onion,Pune,4693
2025-11-01,Onion,Pune,4716
2025-11-02,Onion,Pune,4722
2025-11-03,Onion,Pune,4742
2025-11-04,Onion,Pune,4740
2025-11-05,Onion,Pune,4735
2025-11-06,Onion,Pune,4753
2025-11-07,Onion,Pune,4771
2025-11-08,Onion,Pune,4777
2025-11-09,Onion,Pune,4765
2025-11-10,Onion,Pune,4770
2025-11-11,Onion,Pune,4786
2025-11-12,Onion,Pune,4788
2025-11-13,Onion,Pune,4782
2025-11-14,Onion,Pune,4793
2025-11-15,Onion,Pune,4813
2025-11-16,Onion,Pune,4838
2025-11-17,Onion,Pune,4835
2025-11-18,Onion,Pune,4835
2025-11-19,Onion,Pune,4821
2025-11-20,Onion,Pune,4806
2025-11-21,Onion,Pune,4789
2025-11-22,Onion,Pune,4769
2025-11-23,Onion,Pune,4789
2025-11-24,Onion,Pune,4814
2025-11-25,Onion,Pune,4804
2025-11-26,Onion,Pune,4818
2025-11-27,Onion,Pune,4830
2025-11-28,Onion,Pune,4830
2025-11-29,Onion,Pune,4815
2025-11-30,Onion,Pune,4807
2025-12-01,Onion,Pune,4806
2025-12-02,Onion,Pune,4823
2025-12-03,Onion,Pune,4803
2025-12-04,Onion,Pune,4789
2025-12-05,Onion,Pune,4803
2025-12-06,Onion,Pune,4806
2025-12-07,Onion,Pune,4799
2025-12-08,Onion,Pune,4783
2025-12-09,Onion,Pune,4807
2025-12-10,Onion,Pune,4799
2025-12-11,Onion,Pune,4814
2025-12-12,Onion,Pune,4804
2025-12-13,Onion,Pune,4800
2025-12-14,Onion,Pune,4789
2025-12-15,Onion,Pune,4801
2025-12-16,Onion,Pune,4822
2025-12-17,Onion,Pune,4842
2025-12-18,Onion,Pune,4855
2025-12-19,Onion,Pune,4853
2025-12-20,Onion,Pune,4872
2025-12-21,Onion,Pune,4877
2025-12-22,Onion,Pune,4891
2025-12-23,Onion,Pune,4912
2025-12-24,Onion,Pune,4914
2025-12-25,Onion,Pune,4917
2025-12-26,Onion,Pune,4931
2025-12-27,Onion,Pune,4952
2025-12-28,Onion,Pune,4944
2025-12-29,Onion,Pune,4964
2025-12-30,Onion,Pune,4972
2025-12-31,Onion,Pune,4990
2024-01-01,Onion,Mumbai,2814
2024-01-02,Onion,Mumbai,2820
2024-01-03,Onion,Mumbai,2827
2024-01-04,Onion,Mumbai,2823
2024-01-05,Onion,Mumbai,2813
2024-01-06,Onion,Mumbai,2808
2024-01-07,Onion,Mumbai,2790
2024-01-08,Onion,Mumbai,2788
2024-01-09,Onion,Mumbai,2775
2024-01-10,Onion,Mumbai,2767
2024-01-11,Onion,Mumbai,2763
2024-01-12,Onion,Mumbai,2763
2024-01-13,Onion,Mumbai,2769
2024-01-14,Onion,Mumbai,2763
2024-01-15,Onion,Mumbai,2769
2024-01-16,Onion,Mumbai,2766
2024-01-17,Onion,Mumbai,2772
2024-01-18,Onion,Mumbai,2762
2024-01-19,Onion,Mumbai,2747
2024-01-20,Onion,Mumbai,2772
2024-01-21,Onion,Mumbai,2776
2024-01-22,Onion,Mumbai,2784
2024-01-23,Onion,Mumbai,2779
2024-01-24,Onion,Mumbai,2777
2024-01-25,Onion,Mumbai,2790
2024-01-26,Onion,Mumbai,2815
2024-01-27,Onion,Mumbai,2806
2024-01-28,Onion,Mumbai,2792
2024-01-29,Onion,Mumbai,2804
2024-01-30,Onion,Mumbai,2816
2024-01-31,Onion,Mumbai,2806
2024-02-01,Onion,Mumbai,2788
2024-02-02,Onion,Mumbai,2775
2024-02-03,Onion,Mumbai,2759
2024-02-04,Onion,Mumbai,2778
2024-02-05,Onion,Mumbai,2799
2024-02-06,Onion,Mumbai,2796
2024-02-07,Onion,Mumbai,2817
2024-02-08,Onion,Mumbai,2842
2024-02-09,Onion,Mumbai,2836
2024-02-10,Onion,Mumbai,2830
2024-02-11,Onion,Mumbai,2828
2024-02-12,Onion,Mumbai,2848
2024-02-13,Onion,Mumbai,2844
2024-02-14,Onion,Mumbai,2833
2024-02-15,Onion,Mumbai,2849
2024-02-16,Onion,Mumbai,2834
2024-02-17,Onion,Mumbai,2843
2024-02-18,Onion,Mumbai,2866
2024-02-19,Onion,Mumbai,2859
2024-02-20,Onion,Mumbai,2861
2024-02-21,Onion,Mumbai,2878
2024-02-22,Onion,Mumbai,2860
2024-02-23,Onion,Mumbai,2854
2024-02-24,Onion,Mumbai,2834
2024-02-25,Onion,Mumbai,2835
2024-02-26,Onion,Mumbai,2829
2024-02-27,Onion,Mumbai,2828
2024-02-28,Onion,Mumbai,2844
2024-02-29,Onion,Mumbai,2865
2024-03-01,Onion,Mumbai,2881
2024-03-02,Onion,Mumbai,2869
2024-03-03,Onion,Mumbai,2884
2024-03-04,Onion,Mumbai,2885
2024-03-05,Onion,Mumbai,2871
2024-03-06,Onion,Mumbai,2860
2024-03-07,Onion,Mumbai,2870
2024-03-08,Onion,Mumbai,2875
2024-03-09,Onion,Mumbai,2867
2024-03-10,Onion,Mumbai,2865
2024-03-11,Onion,Mumbai,2874
2024-03-12,Onion,Mumbai,2893
2024-03-13,Onion,Mumbai,2914
2024-03-14,Onion,Mumbai,2908
2024-03-15,Onion,Mumbai,2916
2024-03-16,Onion,Mumbai,2918
2024-03-17,Onion,Mumbai,2901
2024-03-18,Onion,Mumbai,2895
2024-03-19,Onion,Mumbai,2898
2024-03-20,Onion,Mumbai,2918
2024-03-21,Onion,Mumbai,2917
2024-03-22,Onion,Mumbai,2909
2024-03-23,Onion,Mumbai,2933
2024-03-24,Onion,Mumbai,2940
2024-03-25,Onion,Mumbai,2940
2024-03-26,Onion,Mumbai,2951
2024-03-27,Onion,Mumbai,2955
2024-03-28,Onion,Mumbai,2972
2024-03-29,Onion,Mumbai,2975
2024-03-30,Onion,Mumbai,2984
2024-03-31,Onion,Mumbai,2971
2024-04-01,Onion,Mumbai,2955
2024-04-02,Onion,Mumbai,2961
2024-04-03,Onion,Mumbai,2961
2024-04-04,Onion,Mumbai,2943
2024-04-05,Onion,Mumbai,2947
2024-04-06,Onion,Mumbai,2972
2024-04-07,Onion,Mumbai,2993
2024-04-08,Onion,Mumbai,2989
2024-04-09,Onion,Mumbai,2997
2024-04-10,Onion,Mumbai,2991
2024-04-11,Onion,Mumbai,2985
2024-04-12,Onion,Mumbai,2982
2024-04-13,Onion,Mumbai,2972
2024-04-14,Onion,Mumbai,2971
2024-04-15,Onion,Mumbai,2993
2024-04-16,Onion,Mumbai,3003
2024-04-17,Onion,Mumbai,2990
2024-04-18,Onion,Mumbai,2995
2024-04-19,Onion,Mumbai,3003
2024-04-20,Onion,Mumbai,3014
2024-04-21,Onion,Mumbai,3007
2024-04-22,Onion,Mumbai,3031
2024-04-23,Onion,Mumbai,3025
2024-04-24,Onion,Mumbai,3041
2024-04-25,Onion,Mumbai,3038
2024-04-26,Onion,Mumbai,3046
2024-04-27,Onion,Mumbai,3038
2024-04-28,Onion,Mumbai,3035
2024-04-29,Onion,Mumbai,3036
2024-04-30,Onion,Mumbai,3053
2024-05-01,Onion,Mumbai,3059
2024-05-02,Onion,Mumbai,3083
2024-05-03,Onion,Mumbai,3065
2024-05-04,Onion,Mumbai,3047
2024-05-05,Onion,Mumbai,3067
2024-05-06,Onion,Mumbai,3074
2024-05-07,Onion,Mumbai,3097
2024-05-08,Onion,Mumbai,3114
2024-05-09,Onion,Mumbai,3101
2024-05-10,Onion,Mumbai,3113
2024-05-11,Onion,Mumbai,3108
2024-05-12,Onion,Mumbai,3125
2024-05-13,Onion,Mumbai,3130
2024-05-14,Onion,Mumbai,3139
2024-05-15,Onion,Mumbai,3122
2024-05-16,Onion,Mumbai,3113
2024-05-17,Onion,Mumbai,3129
2024-05-18,Onion,Mumbai,3144
2024-05-19,Onion,Mumbai,3128
2024-05-20,Onion,Mumbai,3113
2024-05-21,Onion,Mumbai,3124
2024-05-22,Onion,Mumbai,3108
2024-05-23,Onion,Mumbai,3116
2024-05-24,Onion,Mumbai,3126
2024-05-25,Onion,Mumbai,3140
2024-05-26,Onion,Mumbai,3132
2024-05-27,Onion,Mumbai,3134
2024-05-28,Onion,Mumbai,3129
2024-05-29,Onion,Mumbai,3126
2024-05-30,Onion,Mumbai,3118
2024-05-31,Onion,Mumbai,3100
2024-06-01,Onion,Mumbai,3106
2024-06-02,Onion,Mumbai,3089
2024-06-03,Onion,Mumbai,3109
2024-06-04,Onion,Mumbai,3108
2024-06-05,Onion,Mumbai,3132
2024-06-06,Onion,Mumbai,3150
2024-06-07,Onion,Mumbai,3130
2024-06-08,Onion,Mumbai,3143
2024-06-09,Onion,Mumbai,3168
2024-06-10,Onion,Mumbai,3173
2024-06-11,Onion,Mumbai,3170
2024-06-12,Onion,Mumbai,3154
2024-06-13,Onion,Mumbai,3169
2024-06-14,Onion,Mumbai,3170
2024-06-15,Onion,Mumbai,3163
2024-06-16,Onion,Mumbai,3178
2024-06-17,Onion,Mumbai,3182
2024-06-18,Onion,Mumbai,3168
2024-06-19,Onion,Mumbai,3193
2024-06-20,Onion,Mumbai,3179
2024-06-21,Onion,Mumbai,3165
2024-06-22,Onion,Mumbai,3150
2024-06-23,Onion,Mumbai,3144
2024-06-24,Onion,Mumbai,3159
2024-06-25,Onion,Mumbai,3158
2024-06-26,Onion,Mumbai,3162
2024-06-27,Onion,Mumbai,3171
2024-06-28,Onion,Mumbai,3187
2024-06-29,Onion,Mumbai,3190
2024-06-30,Onion,Mumbai,3177
2024-07-01,Onion,Mumbai,3184
2024-07-02,Onion,Mumbai,3173
2024-07-03,Onion,Mumbai,3161
2024-07-04,Onion,Mumbai,3149
2024-07-05,Onion,Mumbai,3169
2024-07-06,Onion,Mumbai,3156
2024-07-07,Onion,Mumbai,3141
2024-07-08,Onion,Mumbai,3164
2024-07-09,Onion,Mumbai,3183
2024-07-10,Onion,Mumbai,3182
2024-07-11,Onion,Mumbai,3186
2024-07-12,Onion,Mumbai,3203
2024-07-13,Onion,Mumbai,3208
2024-07-14,Onion,Mumbai,3215
2024-07-15,Onion,Mumbai,3216
2024-07-16,Onion,Mumbai,3201
2024-07-17,Onion,Mumbai,3198
2024-07-18,Onion,Mumbai,3189
2024-07-19,Onion,Mumbai,3190
2024-07-20,Onion,Mumbai,3186
2024-07-21,Onion,Mumbai,3196
2024-07-22,Onion,Mumbai,3194
2024-07-23,Onion,Mumbai,3206
2024-07-24,Onion,Mumbai,3225
2024-07-25,Onion,Mumbai,3232
2024-07-26,Onion,Mumbai,3239
2024-07-27,Onion,Mumbai,3254
2024-07-28,Onion,Mumbai,3263
2024-07-29,Onion,Mumbai,3268
2024-07-30,Onion,Mumbai,3273
2024-07-31,Onion,Mumbai,3262
2024-08-01,Onion,Mumbai,3283
2024-08-02,Onion,Mumbai,3286
2024-08-03,Onion,Mumbai,3271
2024-08-04,Onion,Mumbai,3279
2024-08-05,Onion,Mumbai,3282
2024-08-06,Onion,Mumbai,3288
2024-08-07,Onion,Mumbai,3299
2024-08-08,Onion,Mumbai,3288
2024-08-09,Onion,Mumbai,3274
2024-08-10,Onion,Mumbai,3280
2024-08-11,Onion,Mumbai,3304
2024-08-12,Onion,Mumbai,3289
2024-08-13,Onion,Mumbai,3309
2024-08-14,Onion,Mumbai,3310
2024-08-15,Onion,Mumbai,3308
2024-08-16,Onion,Mumbai,3300
2024-08-17,Onion,Mumbai,3295
2024-08-18,Onion,Mumbai,3298
2024-08-19,Onion,Mumbai,3283
2024-08-20,Onion,Mumbai,3306
2024-08-21,Onion,Mumbai,3286
2024-08-22,Onion,Mumbai,3268
2024-08-23,Onion,Mumbai,3279
2024-08-24,Onion,Mumbai,3271
2024-08-25,Onion,Mumbai,3264
2024-08-26,Onion,Mumbai,3245
2024-08-27,Onion,Mumbai,3257
2024-08-28,Onion,Mumbai,3255
2024-08-29,Onion,Mumbai,3244
2024-08-30,Onion,Mumbai,3225
2024-08-31,Onion,Mumbai,3248
2024-09-01,Onion,Mumbai,3255
2024-09-02,Onion,Mumbai,3256
2024-09-03,Onion,Mumbai,3279
2024-09-04,Onion,Mumbai,3265
2024-09-05,Onion,Mumbai,3273
2024-09-06,Onion,Mumbai,3286
2024-09-07,Onion,Mumbai,3276
2024-09-08,Onion,Mumbai,3288
2024-09-09,Onion,Mumbai,3276
2024-09-10,Onion,Mumbai,3259
2024-09-11,Onion,Mumbai,3282
2024-09-12,Onion,Mumbai,3277
2024-09-13,Onion,Mumbai,3287
2024-09-14,Onion,Mumbai,3310
2024-09-15,Onion,Mumbai,3317
2024-09-16,Onion,Mumbai,3298
2024-09-17,Onion,Mumbai,3284
2024-09-18,Onion,Mumbai,3287
2024-09-19,Onion,Mumbai,3287
2024-09-20,Onion,Mumbai,3312
2024-09-21,Onion,Mumbai,3322
2024-09-22,Onion,Mumbai,3339
2024-09-23,Onion,Mumbai,3364
2024-09-24,Onion,Mumbai,3382
2024-09-25,Onion,Mumbai,3385
2024-09-26,Onion,Mumbai,3388
2024-09-27,Onion,Mumbai,3413
2024-09-28,Onion,Mumbai,3438
2024-09-29,Onion,Mumbai,3453
2024-09-30,Onion,Mumbai,3473
2024-10-01,Onion,Mumbai,3468
2024-10-02,Onion,Mumbai,3483
2024-10-03,Onion,Mumbai,3467
2024-10-04,Onion,Mumbai,3457
2024-10-05,Onion,Mumbai,3452
2024-10-06,Onion,Mumbai,3473
2024-10-07,Onion,Mumbai,3466
2024-10-08,Onion,Mumbai,3465
2024-10-09,Onion,Mumbai,3489
2024-10-10,Onion,Mumbai,3498
2024-10-11,Onion,Mumbai,3522
2024-10-12,Onion,Mumbai,3536
2024-10-13,Onion,Mumbai,3536
2024-10-14,Onion,Mumbai,3548
2024-10-15,Onion,Mumbai,3545
2024-10-16,Onion,Mumbai,3530
2024-10-17,Onion,Mumbai,3516
2024-10-18,Onion,Mumbai,3521
2024-10-19,Onion,Mumbai,3523
2024-10-20,Onion,Mumbai,3525
2024-10-21,Onion,Mumbai,3532
2024-10-22,Onion,Mumbai,3531
2024-10-23,Onion,Mumbai,3542
2024-10-24,Onion,Mumbai,3551
2024-10-25,Onion,Mumbai,3555
2024-10-26,Onion,Mumbai,3539
2024-10-27,Onion,Mumbai,3551
2024-10-28,Onion,Mumbai,3564
2024-10-29,Onion,Mumbai,3555
2024-10-30,Onion,Mumbai,3548
2024-10-31,Onion,Mumbai,3536
2024-11-01,Onion,Mumbai,3547
2024-11-02,Onion,Mumbai,3572
2024-11-03,Onion,Mumbai,3553
2024-11-04,Onion,Mumbai,3566
2024-11-05,Onion,Mumbai,3568
2024-11-06,Onion,Mumbai,3548
2024-11-07,Onion,Mumbai,3570
2024-11-08,Onion,Mumbai,3557
2024-11-09,Onion,Mumbai,3537
2024-11-10,Onion,Mumbai,3551
2024-11-11,Onion,Mumbai,3536
2024-11-12,Onion,Mumbai,3547
2024-11-13,Onion,Mumbai,3551
2024-11-14,Onion,Mumbai,3570
2024-11-15,Onion,Mumbai,3553
2024-11-16,Onion,Mumbai,3575
2024-11-17,Onion,Mumbai,3586
2024-11-18,Onion,Mumbai,3591
2024-11-19,Onion,Mumbai,3588
2024-11-20,Onion,Mumbai,3602
2024-11-21,Onion,Mumbai,3586
2024-11-22,Onion,Mumbai,3581
2024-11-23,Onion,Mumbai,3584
2024-11-24,Onion,Mumbai,3574
2024-11-25,Onion,Mumbai,3578
2024-11-26,Onion,Mumbai,3569
2024-11-27,Onion,Mumbai,3571
2024-11-28,Onion,Mumbai,3555
2024-11-29,Onion,Mumbai,3547
2024-11-30,Onion,Mumbai,3569
2024-12-01,Onion,Mumbai,3577
2024-12-02,Onion,Mumbai,3596
2024-12-03,Onion,Mumbai,3600
2024-12-04,Onion,Mumbai,3607
2024-12-05,Onion,Mumbai,3618
2024-12-06,Onion,Mumbai,3601
2024-12-07,Onion,Mumbai,3584
2024-12-08,Onion,Mumbai,3581
2024-12-09,Onion,Mumbai,3602
2024-12-10,Onion,Mumbai,3605
2024-12-11,Onion,Mumbai,3608
2024-12-12,Onion,Mumbai,3590
2024-12-13,Onion,Mumbai,3615
2024-12-14,Onion,Mumbai,3611
2024-12-15,Onion,Mumbai,3601
2024-12-16,Onion,Mumbai,3607
2024-12-17,Onion,Mumbai,3622
2024-12-18,Onion,Mumbai,3644
2024-12-19,Onion,Mumbai,3665
2024-12-20,Onion,Mumbai,3649
2024-12-21,Onion,Mumbai,3648
2024-12-22,Onion,Mumbai,3633
2024-12-23,Onion,Mumbai,3613
2024-12-24,Onion,Mumbai,3637
2024-12-25,Onion,Mumbai,3619
2024-12-26,Onion,Mumbai,3631
2024-12-27,Onion,Mumbai,3615
2024-12-28,Onion,Mumbai,3640
2024-12-29,Onion,Mumbai,3625
2024-12-30,Onion,Mumbai,3638
2024-12-31,Onion,Mumbai,3650
2025-01-01,Onion,Mumbai,3642
2025-01-02,Onion,Mumbai,3623
2025-01-03,Onion,Mumbai,3644
2025-01-04,Onion,Mumbai,3643
2025-01-05,Onion,Mumbai,3628
2025-01-06,Onion,Mumbai,3646
2025-01-07,Onion,Mumbai,3638
2025-01-08,Onion,Mumbai,3628
2025-01-09,Onion,Mumbai,3652
2025-01-10,Onion,Mumbai,3632
2025-01-11,Onion,Mumbai,3650
2025-01-12,Onion,Mumbai,3675
2025-01-13,Onion,Mumbai,3684
2025-01-14,Onion,Mumbai,3681
2025-01-15,Onion,Mumbai,3700
2025-01-16,Onion,Mumbai,3684
2025-01-17,Onion,Mumbai,3699
2025-01-18,Onion,Mumbai,3701
2025-01-19,Onion,Mumbai,3724
2025-01-20,Onion,Mumbai,3733
2025-01-21,Onion,Mumbai,3747
2025-01-22,Onion,Mumbai,3745
2025-01-23,Onion,Mumbai,3766
2025-01-24,Onion,Mumbai,3780
2025-01-25,Onion,Mumbai,3780
2025-01-26,Onion,Mumbai,3804
2025-01-27,Onion,Mumbai,3802
2025-01-28,Onion,Mumbai,3815
2025-01-29,Onion,Mumbai,3838
2025-01-30,Onion,Mumbai,3857
2025-01-31,Onion,Mumbai,3860
2025-02-01,Onion,Mumbai,3858
2025-02-02,Onion,Mumbai,3842
2025-02-03,Onion,Mumbai,3847
2025-02-04,Onion,Mumbai,3839
2025-02-05,Onion,Mumbai,3821
2025-02-06,Onion,Mumbai,3843
2025-02-07,Onion,Mumbai,3828
2025-02-08,Onion,Mumbai,3813
2025-02-09,Onion,Mumbai,3804
2025-02-10,Onion,Mumbai,3789
2025-02-11,Onion,Mumbai,3798
2025-02-12,Onion,Mumbai,3818
2025-02-13,Onion,Mumbai,3835
2025-02-14,Onion,Mumbai,3850
2025-02-15,Onion,Mumbai,3874
2025-02-16,Onion,Mumbai,3859
2025-02-17,Onion,Mumbai,3858
2025-02-18,Onion,Mumbai,3873
2025-02-19,Onion,Mumbai,3866
2025-02-20,Onion,Mumbai,3883
2025-02-21,Onion,Mumbai,3881
2025-02-22,Onion,Mumbai,3882
2025-02-23,Onion,Mumbai,3891
2025-02-24,Onion,Mumbai,3893
2025-02-25,Onion,Mumbai,3895
2025-02-26,Onion,Mumbai,3907
2025-02-27,Onion,Mumbai,3928
2025-02-28,Onion,Mumbai,3921
2025-03-01,Onion,Mumbai,3920
2025-03-02,Onion,Mumbai,3926
2025-03-03,Onion,Mumbai,3951
2025-03-04,Onion,Mumbai,3949
2025-03-05,Onion,Mumbai,3945
2025-03-06,Onion,Mumbai,3955
2025-03-07,Onion,Mumbai,3974
2025-03-08,Onion,Mumbai,3966
2025-03-09,Onion,Mumbai,3978
2025-03-10,Onion,Mumbai,3999
2025-03-11,Onion,Mumbai,4007
2025-03-12,Onion,Mumbai,3998
2025-03-13,Onion,Mumbai,3995
2025-03-14,Onion,Mumbai,3995
2025-03-15,Onion,Mumbai,4000
2025-03-16,Onion,Mumbai,3991
2025-03-17,Onion,Mumbai,3989
2025-03-18,Onion,Mumbai,4008
2025-03-19,Onion,Mumbai,4015
2025-03-20,Onion,Mumbai,4001
2025-03-21,Onion,Mumbai,4014
2025-03-22,Onion,Mumbai,4012
2025-03-23,Onion,Mumbai,4007
2025-03-24,Onion,Mumbai,3993
2025-03-25,Onion,Mumbai,3977
2025-03-26,Onion,Mumbai,3978
2025-03-27,Onion,Mumbai,3962
2025-03-28,Onion,Mumbai,3977
2025-03-29,Onion,Mumbai,3992
2025-03-30,Onion,Mumbai,3984
2025-03-31,Onion,Mumbai,4005
2025-04-01,Onion,Mumbai,4016
2025-04-02,Onion,Mumbai,4005
2025-04-03,Onion,Mumbai,3990
2025-04-04,Onion,Mumbai,3984
2025-04-05,Onion,Mumbai,3991
2025-04-06,Onion,Mumbai,3975
2025-04-07,Onion,Mumbai,3984
2025-04-08,Onion,Mumbai,4009
2025-04-09,Onion,Mumbai,4032
2025-04-10,Onion,Mumbai,4054
2025-04-11,Onion,Mumbai,4045
2025-04-12,Onion,Mumbai,4068
2025-04-13,Onion,Mumbai,4049
2025-04-14,Onion,Mumbai,4053
2025-04-15,Onion,Mumbai,4051
2025-04-16,Onion,Mumbai,4046
2025-04-17,Onion,Mumbai,4043
2025-04-18,Onion,Mumbai,4051
2025-04-19,Onion,Mumbai,4033
2025-04-20,Onion,Mumbai,4023
2025-04-21,Onion,Mumbai,4038
2025-04-22,Onion,Mumbai,4059
2025-04-23,Onion,Mumbai,4060
2025-04-24,Onion,Mumbai,4056
2025-04-25,Onion,Mumbai,4079
2025-04-26,Onion,Mumbai,4071
2025-04-27,Onion,Mumbai,4080
2025-04-28,Onion,Mumbai,4101
2025-04-29,Onion,Mumbai,4081
2025-04-30,Onion,Mumbai,4101
2025-05-01,Onion,Mumbai,4113
2025-05-02,Onion,Mumbai,4104
2025-05-03,Onion,Mumbai,4094
2025-05-04,Onion,Mumbai,4097
2025-05-05,Onion,Mumbai,4102
2025-05-06,Onion,Mumbai,4126
2025-05-07,Onion,Mumbai,4122
2025-05-08,Onion,Mumbai,4147
2025-05-09,Onion,Mumbai,4127
2025-05-10,Onion,Mumbai,4132
2025-05-11,Onion,Mumbai,4129
2025-05-12,Onion,Mumbai,4146
2025-05-13,Onion,Mumbai,4141
2025-05-14,Onion,Mumbai,4130
2025-05-15,Onion,Mumbai,4142
2025-05-16,Onion,Mumbai,4150
2025-05-17,Onion,Mumbai,4139
2025-05-18,Onion,Mumbai,4122
2025-05-19,Onion,Mumbai,4121
2025-05-20,Onion,Mumbai,4120
2025-05-21,Onion,Mumbai,4132
2025-05-22,Onion,Mumbai,4115
2025-05-23,Onion,Mumbai,4133
2025-05-24,Onion,Mumbai,4130
2025-05-25,Onion,Mumbai,4111
2025-05-26,Onion,Mumbai,4119
2025-05-27,Onion,Mumbai,4123
2025-05-28,Onion,Mumbai,4138
2025-05-29,Onion,Mumbai,4143
2025-05-30,Onion,Mumbai,4158
2025-05-31,Onion,Mumbai,4150
2025-06-01,Onion,Mumbai,4162
2025-06-02,Onion,Mumbai,4183
2025-06-03,Onion,Mumbai,4166
2025-06-04,Onion,Mumbai,4166
2025-06-05,Onion,Mumbai,4166
2025-06-06,Onion,Mumbai,4158
2025-06-07,Onion,Mumbai,4179
2025-06-08,Onion,Mumbai,4159
2025-06-09,Onion,Mumbai,4140
2025-06-10,Onion,Mumbai,4137
2025-06-11,Onion,Mumbai,4127
2025-06-12,Onion,Mumbai,4117
2025-06-13,Onion,Mumbai,4097
2025-06-14,Onion,Mumbai,4085
2025-06-15,Onion,Mumbai,4108
2025-06-16,Onion,Mumbai,4095
2025-06-17,Onion,Mumbai,4098
2025-06-18,Onion,Mumbai,4088
2025-06-19,Onion,Mumbai,4076
2025-06-20,Onion,Mumbai,4062
2025-06-21,Onion,Mumbai,4072
2025-06-22,Onion,Mumbai,4088
2025-06-23,Onion,Mumbai,4078
2025-06-24,Onion,Mumbai,4076
2025-06-25,Onion,Mumbai,4097
2025-06-26,Onion,Mumbai,4080
2025-06-27,Onion,Mumbai,4070
2025-06-28,Onion,Mumbai,4073
2025-06-29,Onion,Mumbai,4071
2025-06-30,Onion,Mumbai,4079
2025-07-01,Onion,Mumbai,4077
2025-07-02,Onion,Mumbai,4066
2025-07-03,Onion,Mumbai,4074
2025-07-04,Onion,Mumbai,4072
2025-07-05,Onion,Mumbai,4082
2025-07-06,Onion,Mumbai,4080
2025-07-07,Onion,Mumbai,4066
2025-07-08,Onion,Mumbai,4058
2025-07-09,Onion,Mumbai,4042
2025-07-10,Onion,Mumbai,4064
2025-07-11,Onion,Mumbai,4059
2025-07-12,Onion,Mumbai,4039
2025-07-13,Onion,Mumbai,4057
2025-07-14,Onion,Mumbai,4056
2025-07-15,Onion,Mumbai,4059
2025-07-16,Onion,Mumbai,4076
2025-07-17,Onion,Mumbai,4083
2025-07-18,Onion,Mumbai,4096
2025-07-19,Onion,Mumbai,4116
2025-07-20,Onion,Mumbai,4116
2025-07-21,Onion,Mumbai,4113
2025-07-22,Onion,Mumbai,4106
2025-07-23,Onion,Mumbai,4099
2025-07-24,Onion,Mumbai,4119
2025-07-25,Onion,Mumbai,4134
2025-07-26,Onion,Mumbai,4147
2025-07-27,Onion,Mumbai,4130
2025-07-28,Onion,Mumbai,4130
2025-07-29,Onion,Mumbai,4117
2025-07-30,Onion,Mumbai,4105
2025-07-31,Onion,Mumbai,4116
2025-08-01,Onion,Mumbai,4096
2025-08-02,Onion,Mumbai,4108
2025-08-03,Onion,Mumbai,4130
2025-08-04,Onion,Mumbai,4129
2025-08-05,Onion,Mumbai,4110
2025-08-06,Onion,Mumbai,4118
2025-08-07,Onion,Mumbai,4131
2025-08-08,Onion,Mumbai,4145
2025-08-09,Onion,Mumbai,4144
2025-08-10,Onion,Mumbai,4131
2025-08-11,Onion,Mumbai,4150
2025-08-12,Onion,Mumbai,4149
2025-08-13,Onion,Mumbai,4145
2025-08-14,Onion,Mumbai,4147
2025-08-15,Onion,Mumbai,4156
2025-08-16,Onion,Mumbai,4142
2025-08-17,Onion,Mumbai,4130
2025-08-18,Onion,Mumbai,4147
2025-08-19,Onion,Mumbai,4130
2025-08-20,Onion,Mumbai,4142
2025-08-21,Onion,Mumbai,4134
2025-08-22,Onion,Mumbai,4140
2025-08-23,Onion,Mumbai,4126
2025-08-24,Onion,Mumbai,4150
2025-08-25,Onion,Mumbai,4156
2025-08-26,Onion,Mumbai,4147
2025-08-27,Onion,Mumbai,4139
2025-08-28,Onion,Mumbai,4132
2025-08-29,Onion,Mumbai,4154
2025-08-30,Onion,Mumbai,4156
2025-08-31,Onion,Mumbai,4153
2025-09-01,Onion,Mumbai,4170
2025-09-02,Onion,Mumbai,4170
2025-09-03,Onion,Mumbai,4191
2025-09-04,Onion,Mumbai,4174
2025-09-05,Onion,Mumbai,4169
2025-09-06,Onion,Mumbai,4190
2025-09-07,Onion,Mumbai,4190
2025-09-08,Onion,Mumbai,4190
2025-09-09,Onion,Mumbai,4211
2025-09-10,Onion,Mumbai,4192
2025-09-11,Onion,Mumbai,4186
2025-09-12,Onion,Mumbai,4194
2025-09-13,Onion,Mumbai,4211
2025-09-14,Onion,Mumbai,4197
2025-09-15,Onion,Mumbai,4217
2025-09-16,Onion,Mumbai,4242
2025-09-17,Onion,Mumbai,4240
2025-09-18,Onion,Mumbai,4222
2025-09-19,Onion,Mumbai,4232
2025-09-20,Onion,Mumbai,4224
2025-09-21,Onion,Mumbai,4206
2025-09-22,Onion,Mumbai,4211
2025-09-23,Onion,Mumbai,4195
2025-09-24,Onion,Mumbai,4218
2025-09-25,Onion,Mumbai,4227
2025-09-26,Onion,Mumbai,4242
2025-09-27,Onion,Mumbai,4253
2025-09-28,Onion,Mumbai,4276
2025-09-29,Onion,Mumbai,4268
2025-09-30,Onion,Mumbai,4258
2025-10-01,Onion,Mumbai,4270
2025-10-02,Onion,Mumbai,4270
2025-10-03,Onion,Mumbai,4288
2025-10-04,Onion,Mumbai,4274
2025-10-05,Onion,Mumbai,4275
2025-10-06,Onion,Mumbai,4267
2025-10-07,Onion,Mumbai,4274
2025-10-08,Onion,Mumbai,4299
2025-10-09,Onion,Mumbai,4286
2025-10-10,Onion,Mumbai,4277
2025-10-11,Onion,Mumbai,4286
2025-10-12,Onion,Mumbai,4307
2025-10-13,Onion,Mumbai,4292
2025-10-14,Onion,Mumbai,4289
2025-10-15,Onion,Mumbai,4286
2025-10-16,Onion,Mumbai,4273
2025-10-17,Onion,Mumbai,4284
2025-10-18,Onion,Mumbai,4265
2025-10-19,Onion,Mumbai,4269
2025-10-20,Onion,Mumbai,4255
2025-10-21,Onion,Mumbai,4244
2025-10-22,Onion,Mumbai,4244
2025-10-23,Onion,Mumbai,4259
2025-10-24,Onion,Mumbai,4278
2025-10-25,Onion,Mumbai,4282
2025-10-26,Onion,Mumbai,4284
2025-10-27,Onion,Mumbai,4287
2025-10-28,Onion,Mumbai,4287
2025-10-29,Onion,Mumbai,4306
2025-10-30,Onion,Mumbai,4305
2025-10-31,Onion,Mumbai,4314
2025-11-01,Onion,Mumbai,4301
2025-11-02,Onion,Mumbai,4300
2025-11-03,Onion,Mumbai,4297
2025-11-04,Onion,Mumbai,4292
2025-11-05,Onion,Mumbai,4280
2025-11-06,Onion,Mumbai,4275
2025-11-07,Onion,Mumbai,4291
2025-11-08,Onion,Mumbai,4305
2025-11-09,Onion,Mumbai,4324
2025-11-10,Onion,Mumbai,4305
2025-11-11,Onion,Mumbai,4319
2025-11-12,Onion,Mumbai,4307
2025-11-13,Onion,Mumbai,4330
2025-11-14,Onion,Mumbai,4320
2025-11-15,Onion,Mumbai,4325
2025-11-16,Onion,Mumbai,4340
2025-11-17,Onion,Mumbai,4353
2025-11-18,Onion,Mumbai,4342
2025-11-19,Onion,Mumbai,4362
2025-11-20,Onion,Mumbai,4346
2025-11-21,Onion,Mumbai,4354
2025-11-22,Onion,Mumbai,4341
2025-11-23,Onion,Mumbai,4327
2025-11-24,Onion,Mumbai,4341
2025-11-25,Onion,Mumbai,4339
2025-11-26,Onion,Mumbai,4324
2025-11-27,Onion,Mumbai,4335
2025-11-28,Onion,Mumbai,4322
2025-11-29,Onion,Mumbai,4342
2025-11-30,Onion,Mumbai,4363
2025-12-01,Onion,Mumbai,4383
2025-12-02,Onion,Mumbai,4393
2025-12-03,Onion,Mumbai,4387
2025-12-04,Onion,Mumbai,4394
2025-12-05,Onion,Mumbai,4386
2025-12-06,Onion,Mumbai,4367
2025-12-07,Onion,Mumbai,4387
2025-12-08,Onion,Mumbai,4375
2025-12-09,Onion,Mumbai,4393
2025-12-10,Onion,Mumbai,4385
2025-12-11,Onion,Mumbai,4367
2025-12-12,Onion,Mumbai,4375
2025-12-13,Onion,Mumbai,4390
2025-12-14,Onion,Mumbai,4384
2025-12-15,Onion,Mumbai,4380
2025-12-16,Onion,Mumbai,4368
2025-12-17,Onion,Mumbai,4372
2025-12-18,Onion,Mumbai,4389
2025-12-19,Onion,Mumbai,4391
2025-12-20,Onion,Mumbai,4383
2025-12-21,Onion,Mumbai,4381
2025-12-22,Onion,Mumbai,4362
2025-12-23,Onion,Mumbai,4347
2025-12-24,Onion,Mumbai,4329
2025-12-25,Onion,Mumbai,4322
2025-12-26,Onion,Mumbai,4342
2025-12-27,Onion,Mumbai,4331
2025-12-28,Onion,Mumbai,4335
2025-12-29,Onion,Mumbai,4360
2025-12-30,Onion,Mumbai,4360
2025-12-31,Onion,Mumbai,4341
2024-01-01,Onion,Nagpur,2787
2024-01-02,Onion,Nagpur,2772
2024-01-03,Onion,Nagpur,2795
2024-01-04,Onion,Nagpur,2806
2024-01-05,Onion,Nagpur,2827
2024-01-06,Onion,Nagpur,2817
2024-01-07,Onion,Nagpur,2811
2024-01-08,Onion,Nagpur,2797
2024-01-09,Onion,Nagpur,2822
2024-01-10,Onion,Nagpur,2834
2024-01-11,Onion,Nagpur,2851
2024-01-12,Onion,Nagpur,2865
2024-01-13,Onion,Nagpur,2851
2024-01-14,Onion,Nagpur,2861
2024-01-15,Onion,Nagpur,2874
2024-01-16,Onion,Nagpur,2878
2024-01-17,Onion,Nagpur,2858
2024-01-18,Onion,Nagpur,2878
2024-01-19,Onion,Nagpur,2887
2024-01-20,Onion,Nagpur,2869
2024-01-21,Onion,Nagpur,2864
2024-01-22,Onion,Nagpur,2853
2024-01-23,Onion,Nagpur,2874
2024-01-24,Onion,Nagpur,2891
2024-01-25,Onion,Nagpur,2903
2024-01-26,Onion,Nagpur,2920
2024-01-27,Onion,Nagpur,2922
2024-01-28,Onion,Nagpur,2904
2024-01-29,Onion,Nagpur,2900
2024-01-30,Onion,Nagpur,2909
2024-01-31,Onion,Nagpur,2907
2024-02-01,Onion,Nagpur,2918
2024-02-02,Onion,Nagpur,2901
2024-02-03,Onion,Nagpur,2907
2024-02-04,Onion,Nagpur,2893
2024-02-05,Onion,Nagpur,2900
2024-02-06,Onion,Nagpur,2907
2024-02-07,Onion,Nagpur,2913
2024-02-08,Onion,Nagpur,2921
2024-02-09,Onion,Nagpur,2912
2024-02-10,Onion,Nagpur,2908
2024-02-11,Onion,Nagpur,2912
2024-02-12,Onion,Nagpur,2908
2024-02-13,Onion,Nagpur,2889
2024-02-14,Onion,Nagpur,2907
2024-02-15,Onion,Nagpur,2887
2024-02-16,Onion,Nagpur,2884
2024-02-17,Onion,Nagpur,2907
2024-02-18,Onion,Nagpur,2932
2024-02-19,Onion,Nagpur,2951
2024-02-20,Onion,Nagpur,2974
2024-02-21,Onion,Nagpur,2986
2024-02-22,Onion,Nagpur,2996
2024-02-23,Onion,Nagpur,2989
2024-02-24,Onion,Nagpur,3013
2024-02-25,Onion,Nagpur,3008
2024-02-26,Onion,Nagpur,2993
2024-02-27,Onion,Nagpur,2984
2024-02-28,Onion,Nagpur,2971
2024-02-29,Onion,Nagpur,2958
2024-03-01,Onion,Nagpur,2963
2024-03-02,Onion,Nagpur,2985
2024-03-03,Onion,Nagpur,2977
2024-03-04,Onion,Nagpur,2987
2024-03-05,Onion,Nagpur,3006
2024-03-06,Onion,Nagpur,2987
2024-03-07,Onion,Nagpur,2987
2024-03-08,Onion,Nagpur,3001
2024-03-09,Onion,Nagpur,3025
2024-03-10,Onion,Nagpur,3022
2024-03-11,Onion,Nagpur,3039
2024-03-12,Onion,Nagpur,3052
2024-03-13,Onion,Nagpur,3034
2024-03-14,Onion,Nagpur,3051
2024-03-15,Onion,Nagpur,3061
2024-03-16,Onion,Nagpur,3063
2024-03-17,Onion,Nagpur,3048
2024-03-18,Onion,Nagpur,3036
2024-03-19,Onion,Nagpur,3027
2024-03-20,Onion,Nagpur,3049
2024-03-21,Onion,Nagpur,3048
2024-03-22,Onion,Nagpur,3043
2024-03-23,Onion,Nagpur,3035
2024-03-24,Onion,Nagpur,3048
2024-03-25,Onion,Nagpur,3054
2024-03-26,Onion,Nagpur,3039
2024-03-27,Onion,Nagpur,3037
2024-03-28,Onion,Nagpur,3032
2024-03-29,Onion,Nagpur,3037
2024-03-30,Onion,Nagpur,3036
2024-03-31,Onion,Nagpur,3060
2024-04-01,Onion,Nagpur,3042
2024-04-02,Onion,Nagpur,3042
2024-04-03,Onion,Nagpur,3033
2024-04-04,Onion,Nagpur,3048
2024-04-05,Onion,Nagpur,3033
2024-04-06,Onion,Nagpur,3016
2024-04-07,Onion,Nagpur,3037
2024-04-08,Onion,Nagpur,3031
2024-04-09,Onion,Nagpur,3055
2024-04-10,Onion,Nagpur,3079
2024-04-11,Onion,Nagpur,3082
2024-04-12,Onion,Nagpur,3097
2024-04-13,Onion,Nagpur,3084
2024-04-14,Onion,Nagpur,3100
2024-04-15,Onion,Nagpur,3123
2024-04-16,Onion,Nagpur,3106
2024-04-17,Onion,Nagpur,3098
2024-04-18,Onion,Nagpur,3096
2024-04-19,Onion,Nagpur,3118
2024-04-20,Onion,Nagpur,3142
2024-04-21,Onion,Nagpur,3122
2024-04-22,Onion,Nagpur,3123
2024-04-23,Onion,Nagpur,3133
2024-04-24,Onion,Nagpur,3156
2024-04-25,Onion,Nagpur,3152
2024-04-26,Onion,Nagpur,3144
2024-04-27,Onion,Nagpur,3161
2024-04-28,Onion,Nagpur,3159
2024-04-29,Onion,Nagpur,3140
2024-04-30,Onion,Nagpur,3135
2024-05-01,Onion,Nagpur,3137
2024-05-02,Onion,Nagpur,3135
2024-05-03,Onion,Nagpur,3127
2024-05-04,Onion,Nagpur,3148
2024-05-05,Onion,Nagpur,3162
2024-05-06,Onion,Nagpur,3187
2024-05-07,Onion,Nagpur,3207
2024-05-08,Onion,Nagpur,3195
2024-05-09,Onion,Nagpur,3189
2024-05-10,Onion,Nagpur,3187
2024-05-11,Onion,Nagpur,3188
2024-05-12,Onion,Nagpur,3198
2024-05-13,Onion,Nagpur,3182
2024-05-14,Onion,Nagpur,3177
2024-05-15,Onion,Nagpur,3193
2024-05-16,Onion,Nagpur,3201
2024-05-17,Onion,Nagpur,3218
2024-05-18,Onion,Nagpur,3204
2024-05-19,Onion,Nagpur,3206
2024-05-20,Onion,Nagpur,3211
2024-05-21,Onion,Nagpur,3223
2024-05-22,Onion,Nagpur,3229
2024-05-23,Onion,Nagpur,3234
2024-05-24,Onion,Nagpur,3236
2024-05-25,Onion,Nagpur,3233
2024-05-26,Onion,Nagpur,3237
2024-05-27,Onion,Nagpur,3251
2024-05-28,Onion,Nagpur,3248
2024-05-29,Onion,Nagpur,3252
2024-05-30,Onion,Nagpur,3251
2024-05-31,Onion,Nagpur,3268
2024-06-01,Onion,Nagpur,3277
2024-06-02,Onion,Nagpur,3266
2024-06-03,Onion,Nagpur,3269
2024-06-04,Onion,Nagpur,3271
2024-06-05,Onion,Nagpur,3285
2024-06-06,Onion,Nagpur,3274
2024-06-07,Onion,Nagpur,3298
2024-06-08,Onion,Nagpur,3284
2024-06-09,Onion,Nagpur,3288
2024-06-10,Onion,Nagpur,3285
2024-06-11,Onion,Nagpur,3268
2024-06-12,Onion,Nagpur,3271
2024-06-13,Onion,Nagpur,3267
2024-06-14,Onion,Nagpur,3276
2024-06-15,Onion,Nagpur,3295
2024-06-16,Onion,Nagpur,3286
2024-06-17,Onion,Nagpur,3273
2024-06-18,Onion,Nagpur,3281
2024-06-19,Onion,Nagpur,3261
2024-06-20,Onion,Nagpur,3253
2024-06-21,Onion,Nagpur,3239
2024-06-22,Onion,Nagpur,3223
2024-06-23,Onion,Nagpur,3247
2024-06-24,Onion,Nagpur,3232
2024-06-25,Onion,Nagpur,3221
2024-06-26,Onion,Nagpur,3233
2024-06-27,Onion,Nagpur,3257
2024-06-28,Onion,Nagpur,3237
2024-06-29,Onion,Nagpur,3219
2024-06-30,Onion,Nagpur,3211
2024-07-01,Onion,Nagpur,3192
2024-07-02,Onion,Nagpur,3207
2024-07-03,Onion,Nagpur,3194
2024-07-04,Onion,Nagpur,3204
2024-07-05,Onion,Nagpur,3218
2024-07-06,Onion,Nagpur,3200
2024-07-07,Onion,Nagpur,3186
2024-07-08,Onion,Nagpur,3190
2024-07-09,Onion,Nagpur,3184
2024-07-10,Onion,Nagpur,3174
2024-07-11,Onion,Nagpur,3158
2024-07-12,Onion,Nagpur,3177
2024-07-13,Onion,Nagpur,3161
2024-07-14,Onion,Nagpur,3167
2024-07-15,Onion,Nagpur,3147
2024-07-16,Onion,Nagpur,3141
2024-07-17,Onion,Nagpur,3147
2024-07-18,Onion,Nagpur,3133
2024-07-19,Onion,Nagpur,3132
2024-07-20,Onion,Nagpur,3113
2024-07-21,Onion,Nagpur,3108
2024-07-22,Onion,Nagpur,3128
2024-07-23,Onion,Nagpur,3134
2024-07-24,Onion,Nagpur,3142
2024-07-25,Onion,Nagpur,3147
2024-07-26,Onion,Nagpur,3135
2024-07-27,Onion,Nagpur,3124
2024-07-28,Onion,Nagpur,3130
2024-07-29,Onion,Nagpur,3138
2024-07-30,Onion,Nagpur,3149
2024-07-31,Onion,Nagpur,3153
2024-08-01,Onion,Nagpur,3139
2024-08-02,Onion,Nagpur,3150
2024-08-03,Onion,Nagpur,3157
2024-08-04,Onion,Nagpur,3170
2024-08-05,Onion,Nagpur,3169
2024-08-06,Onion,Nagpur,3177
2024-08-07,Onion,Nagpur,3200
2024-08-08,Onion,Nagpur,3205
2024-08-09,Onion,Nagpur,3224
2024-08-10,Onion,Nagpur,3232
2024-08-11,Onion,Nagpur,3254
2024-08-12,Onion,Nagpur,3249
2024-08-13,Onion,Nagpur,3252
2024-08-14,Onion,Nagpur,3263
2024-08-15,Onion,Nagpur,3262
2024-08-16,Onion,Nagpur,3266
2024-08-17,Onion,Nagpur,3288
2024-08-18,Onion,Nagpur,3306
2024-08-19,Onion,Nagpur,3287
2024-08-20,Onion,Nagpur,3312
2024-08-21,Onion,Nagpur,3297
2024-08-22,Onion,Nagpur,3304
2024-08-23,Onion,Nagpur,3324
2024-08-24,Onion,Nagpur,3349
2024-08-25,Onion,Nagpur,3336
2024-08-26,Onion,Nagpur,3328
2024-08-27,Onion,Nagpur,3349
2024-08-28,Onion,Nagpur,3373
2024-08-29,Onion,Nagpur,3393
2024-08-30,Onion,Nagpur,3409
2024-08-31,Onion,Nagpur,3414
2024-09-01,Onion,Nagpur,3436
2024-09-02,Onion,Nagpur,3439
2024-09-03,Onion,Nagpur,3441
2024-09-04,Onion,Nagpur,3464
2024-09-05,Onion,Nagpur,3478
2024-09-06,Onion,Nagpur,3468
2024-09-07,Onion,Nagpur,3486
2024-09-08,Onion,Nagpur,3497
2024-09-09,Onion,Nagpur,3519
2024-09-10,Onion,Nagpur,3544
2024-09-11,Onion,Nagpur,3548
2024-09-12,Onion,Nagpur,3531
2024-09-13,Onion,Nagpur,3544
2024-09-14,Onion,Nagpur,3532
2024-09-15,Onion,Nagpur,3549
2024-09-16,Onion,Nagpur,3542
2024-09-17,Onion,Nagpur,3563
2024-09-18,Onion,Nagpur,3575
2024-09-19,Onion,Nagpur,3582
2024-09-20,Onion,Nagpur,3593
2024-09-21,Onion,Nagpur,3585
2024-09-22,Onion,Nagpur,3583
2024-09-23,Onion,Nagpur,3578
2024-09-24,Onion,Nagpur,3560
2024-09-25,Onion,Nagpur,3558
2024-09-26,Onion,Nagpur,3557
2024-09-27,Onion,Nagpur,3571
2024-09-28,Onion,Nagpur,3557
2024-09-29,Onion,Nagpur,3582
2024-09-30,Onion,Nagpur,3565
2024-10-01,Onion,Nagpur,3564
2024-10-02,Onion,Nagpur,3573
2024-10-03,Onion,Nagpur,3554
2024-10-04,Onion,Nagpur,3556
2024-10-05,Onion,Nagpur,3558
2024-10-06,Onion,Nagpur,3557
2024-10-07,Onion,Nagpur,3571
2024-10-08,Onion,Nagpur,3559
2024-10-09,Onion,Nagpur,3562
2024-10-10,Onion,Nagpur,3552
2024-10-11,Onion,Nagpur,3554
2024-10-12,Onion,Nagpur,3558
2024-10-13,Onion,Nagpur,3545
2024-10-14,Onion,Nagpur,3537
2024-10-15,Onion,Nagpur,3526
2024-10-16,Onion,Nagpur,3529
2024-10-17,Onion,Nagpur,3531
2024-10-18,Onion,Nagpur,3525
2024-10-19,Onion,Nagpur,3517
2024-10-20,Onion,Nagpur,3523
2024-10-21,Onion,Nagpur,3527
2024-10-22,Onion,Nagpur,3515
2024-10-23,Onion,Nagpur,3504
2024-10-24,Onion,Nagpur,3500
2024-10-25,Onion,Nagpur,3496
2024-10-26,Onion,Nagpur,3486
2024-10-27,Onion,Nagpur,3494
2024-10-28,Onion,Nagpur,3483
2024-10-29,Onion,Nagpur,3477
2024-10-30,Onion,Nagpur,3499
2024-10-31,Onion,Nagpur,3483
2024-11-01,Onion,Nagpur,3491
2024-11-02,Onion,Nagpur,3491
2024-11-03,Onion,Nagpur,3502
2024-11-04,Onion,Nagpur,3499
2024-11-05,Onion,Nagpur,3498
2024-11-06,Onion,Nagpur,3493
2024-11-07,Onion,Nagpur,3514
2024-11-08,Onion,Nagpur,3518
2024-11-09,Onion,Nagpur,3499
2024-11-10,Onion,Nagpur,3523
2024-11-11,Onion,Nagpur,3539
2024-11-12,Onion,Nagpur,3541
2024-11-13,Onion,Nagpur,3544
2024-11-14,Onion,Nagpur,3541
2024-11-15,Onion,Nagpur,3534
2024-11-16,Onion,Nagpur,3546
2024-11-17,Onion,Nagpur,3558
2024-11-18,Onion,Nagpur,3570
2024-11-19,Onion,Nagpur,3568
2024-11-20,Onion,Nagpur,3557
2024-11-21,Onion,Nagpur,3572
2024-11-22,Onion,Nagpur,3563
2024-11-23,Onion,Nagpur,3563
2024-11-24,Onion,Nagpur,3560
2024-11-25,Onion,Nagpur,3577
2024-11-26,Onion,Nagpur,3585
2024-11-27,Onion,Nagpur,3576
2024-11-28,Onion,Nagpur,3570
2024-11-29,Onion,Nagpur,3582
2024-11-30,Onion,Nagpur,3591
2024-12-01,Onion,Nagpur,3580
2024-12-02,Onion,Nagpur,3572
2024-12-03,Onion,Nagpur,3558
2024-12-04,Onion,Nagpur,3553
2024-12-05,Onion,Nagpur,3564
2024-12-06,Onion,Nagpur,3559
2024-12-07,Onion,Nagpur,3572
2024-12-08,Onion,Nagpur,3584
2024-12-09,Onion,Nagpur,3600
2024-12-10,Onion,Nagpur,3592
2024-12-11,Onion,Nagpur,3617
2024-12-12,Onion,Nagpur,3630
2024-12-13,Onion,Nagpur,3617
2024-12-14,Onion,Nagpur,3605
2024-12-15,Onion,Nagpur,3598
2024-12-16,Onion,Nagpur,3619
2024-12-17,Onion,Nagpur,3608
2024-12-18,Onion,Nagpur,3606
2024-12-19,Onion,Nagpur,3624
2024-12-20,Onion,Nagpur,3613
2024-12-21,Onion,Nagpur,3614
2024-12-22,Onion,Nagpur,3598
2024-12-23,Onion,Nagpur,3592
2024-12-24,Onion,Nagpur,3608
2024-12-25,Onion,Nagpur,3612
2024-12-26,Onion,Nagpur,3629
2024-12-27,Onion,Nagpur,3615
2024-12-28,Onion,Nagpur,3606
2024-12-29,Onion,Nagpur,3618
2024-12-30,Onion,Nagpur,3631
2024-12-31,Onion,Nagpur,3646
2025-01-01,Onion,Nagpur,3645
2025-01-02,Onion,Nagpur,3659
2025-01-03,Onion,Nagpur,3682
2025-01-04,Onion,Nagpur,3679
2025-01-05,Onion,Nagpur,3682
2025-01-06,Onion,Nagpur,3663
2025-01-07,Onion,Nagpur,3649
2025-01-08,Onion,Nagpur,3665
2025-01-09,Onion,Nagpur,3685
2025-01-10,Onion,Nagpur,3687
2025-01-11,Onion,Nagpur,3677
2025-01-12,Onion,Nagpur,3679
2025-01-13,Onion,Nagpur,3683
2025-01-14,Onion,Nagpur,3668
2025-01-15,Onion,Nagpur,3652
2025-01-16,Onion,Nagpur,3640
2025-01-17,Onion,Nagpur,3636
2025-01-18,Onion,Nagpur,3643
2025-01-19,Onion,Nagpur,3655
2025-01-20,Onion,Nagpur,3662
2025-01-21,Onion,Nagpur,3673
2025-01-22,Onion,Nagpur,3667
2025-01-23,Onion,Nagpur,3670
2025-01-24,Onion,Nagpur,3670
2025-01-25,Onion,Nagpur,3672
2025-01-26,Onion,Nagpur,3685
2025-01-27,Onion,Nagpur,3681
2025-01-28,Onion,Nagpur,3675
2025-01-29,Onion,Nagpur,3666
2025-01-30,Onion,Nagpur,3664
2025-01-31,Onion,Nagpur,3656
2025-02-01,Onion,Nagpur,3659
2025-02-02,Onion,Nagpur,3652
2025-02-03,Onion,Nagpur,3648
2025-02-04,Onion,Nagpur,3673
2025-02-05,Onion,Nagpur,3654
2025-02-06,Onion,Nagpur,3674
2025-02-07,Onion,Nagpur,3666
2025-02-08,Onion,Nagpur,3675
2025-02-09,Onion,Nagpur,3669
2025-02-10,Onion,Nagpur,3671
2025-02-11,Onion,Nagpur,3688
2025-02-12,Onion,Nagpur,3697
2025-02-13,Onion,Nagpur,3712
2025-02-14,Onion,Nagpur,3701
2025-02-15,Onion,Nagpur,3712
2025-02-16,Onion,Nagpur,3713
2025-02-17,Onion,Nagpur,3710
2025-02-18,Onion,Nagpur,3715
2025-02-19,Onion,Nagpur,3730
2025-02-20,Onion,Nagpur,3718
2025-02-21,Onion,Nagpur,3728
2025-02-22,Onion,Nagpur,3724
2025-02-23,Onion,Nagpur,3704
2025-02-24,Onion,Nagpur,3686
2025-02-25,Onion,Nagpur,3709
2025-02-26,Onion,Nagpur,3690
2025-02-27,Onion,Nagpur,3677
2025-02-28,Onion,Nagpur,3671
2025-03-01,Onion,Nagpur,3661
2025-03-02,Onion,Nagpur,3659
2025-03-03,Onion,Nagpur,3667
2025-03-04,Onion,Nagpur,3664
2025-03-05,Onion,Nagpur,3651
2025-03-06,Onion,Nagpur,3645
2025-03-07,Onion,Nagpur,3635
2025-03-08,Onion,Nagpur,3654
2025-03-09,Onion,Nagpur,3642
2025-03-10,Onion,Nagpur,3633
2025-03-11,Onion,Nagpur,3653
2025-03-12,Onion,Nagpur,3663
2025-03-13,Onion,Nagpur,3652
2025-03-14,Onion,Nagpur,3671
2025-03-15,Onion,Nagpur,3676
2025-03-16,Onion,Nagpur,3699
2025-03-17,Onion,Nagpur,3702
2025-03-18,Onion,Nagpur,3703
2025-03-19,Onion,Nagpur,3713
2025-03-20,Onion,Nagpur,3710
2025-03-21,Onion,Nagpur,3704
2025-03-22,Onion,Nagpur,3688
2025-03-23,Onion,Nagpur,3694
2025-03-24,Onion,Nagpur,3711
2025-03-25,Onion,Nagpur,3720
2025-03-26,Onion,Nagpur,3704
2025-03-27,Onion,Nagpur,3721
2025-03-28,Onion,Nagpur,3705
2025-03-29,Onion,Nagpur,3719
2025-03-30,Onion,Nagpur,3736
2025-03-31,Onion,Nagpur,3741
2025-04-01,Onion,Nagpur,3726
2025-04-02,Onion,Nagpur,3750
2025-04-03,Onion,Nagpur,3769
2025-04-04,Onion,Nagpur,3752
2025-04-05,Onion,Nagpur,3748
2025-04-06,Onion,Nagpur,3737
2025-04-07,Onion,Nagpur,3723
2025-04-08,Onion,Nagpur,3746
2025-04-09,Onion,Nagpur,3760
2025-04-10,Onion,Nagpur,3768
2025-04-11,Onion,Nagpur,3782
2025-04-12,Onion,Nagpur,3770
2025-04-13,Onion,Nagpur,3785
2025-04-14,Onion,Nagpur,3797
2025-04-15,Onion,Nagpur,3804
2025-04-16,Onion,Nagpur,3794
2025-04-17,Onion,Nagpur,3810
2025-04-18,Onion,Nagpur,3824
2025-04-19,Onion,Nagpur,3813
2025-04-20,Onion,Nagpur,3824
2025-04-21,Onion,Nagpur,3808
2025-04-22,Onion,Nagpur,3803
2025-04-23,Onion,Nagpur,3818
2025-04-24,Onion,Nagpur,3824
2025-04-25,Onion,Nagpur,3846
2025-04-26,Onion,Nagpur,3849
2025-04-27,Onion,Nagpur,3855
2025-04-28,Onion,Nagpur,3858
2025-04-29,Onion,Nagpur,3882
2025-04-30,Onion,Nagpur,3886
2025-05-01,Onion,Nagpur,3903
2025-05-02,Onion,Nagpur,3899
2025-05-03,Onion,Nagpur,3899
2025-05-04,Onion,Nagpur,3884
2025-05-05,Onion,Nagpur,3880
2025-05-06,Onion,Nagpur,3900
2025-05-07,Onion,Nagpur,3898
2025-05-08,Onion,Nagpur,3920
2025-05-09,Onion,Nagpur,3915
2025-05-10,Onion,Nagpur,3899
2025-05-11,Onion,Nagpur,3912
2025-05-12,Onion,Nagpur,3896
2025-05-13,Onion,Nagpur,3886
2025-05-14,Onion,Nagpur,3904
2025-05-15,Onion,Nagpur,3897
2025-05-16,Onion,Nagpur,3917
2025-05-17,Onion,Nagpur,3929
2025-05-18,Onion,Nagpur,3926
2025-05-19,Onion,Nagpur,3924
2025-05-20,Onion,Nagpur,3909
2025-05-21,Onion,Nagpur,3919
2025-05-22,Onion,Nagpur,3931
2025-05-23,Onion,Nagpur,3948
2025-05-24,Onion,Nagpur,3957
2025-05-25,Onion,Nagpur,3956
2025-05-26,Onion,Nagpur,3954
2025-05-27,Onion,Nagpur,3970
2025-05-28,Onion,Nagpur,3972
2025-05-29,Onion,Nagpur,3973
2025-05-30,Onion,Nagpur,3975
2025-05-31,Onion,Nagpur,3988
2025-06-01,Onion,Nagpur,3971
2025-06-02,Onion,Nagpur,3981
2025-06-03,Onion,Nagpur,3971
2025-06-04,Onion,Nagpur,3953
2025-06-05,Onion,Nagpur,3957
2025-06-06,Onion,Nagpur,3943
2025-06-07,Onion,Nagpur,3964
2025-06-08,Onion,Nagpur,3975
2025-06-09,Onion,Nagpur,3993
2025-06-10,Onion,Nagpur,3975
2025-06-11,Onion,Nagpur,3969
2025-06-12,Onion,Nagpur,3968
2025-06-13,Onion,Nagpur,3960
2025-06-14,Onion,Nagpur,3948
2025-06-15,Onion,Nagpur,3955
2025-06-16,Onion,Nagpur,3979
2025-06-17,Onion,Nagpur,3977
2025-06-18,Onion,Nagpur,3960
2025-06-19,Onion,Nagpur,3980
2025-06-20,Onion,Nagpur,3983
2025-06-21,Onion,Nagpur,3992
2025-06-22,Onion,Nagpur,4007
2025-06-23,Onion,Nagpur,3989
2025-06-24,Onion,Nagpur,4005
2025-06-25,Onion,Nagpur,4016
2025-06-26,Onion,Nagpur,4003
2025-06-27,Onion,Nagpur,3990
2025-06-28,Onion,Nagpur,3994
2025-06-29,Onion,Nagpur,4018
2025-06-30,Onion,Nagpur,4033
2025-07-01,Onion,Nagpur,4047
2025-07-02,Onion,Nagpur,4069
2025-07-03,Onion,Nagpur,4089
2025-07-04,Onion,Nagpur,4092
2025-07-05,Onion,Nagpur,4095
2025-07-06,Onion,Nagpur,4104
2025-07-07,Onion,Nagpur,4127
2025-07-08,Onion,Nagpur,4118
2025-07-09,Onion,Nagpur,4098
2025-07-10,Onion,Nagpur,4095
2025-07-11,Onion,Nagpur,4105
2025-07-12,Onion,Nagpur,4102
2025-07-13,Onion,Nagpur,4095
2025-07-14,Onion,Nagpur,4101
2025-07-15,Onion,Nagpur,4113
2025-07-16,Onion,Nagpur,4100
2025-07-17,Onion,Nagpur,4084
2025-07-18,Onion,Nagpur,4066
2025-07-19,Onion,Nagpur,4052
2025-07-20,Onion,Nagpur,4033
2025-07-21,Onion,Nagpur,4041
2025-07-22,Onion,Nagpur,4039
2025-07-23,Onion,Nagpur,4061
2025-07-24,Onion,Nagpur,4072
2025-07-25,Onion,Nagpur,4055
2025-07-26,Onion,Nagpur,4036
2025-07-27,Onion,Nagpur,4061
2025-07-28,Onion,Nagpur,4063
2025-07-29,Onion,Nagpur,4058
2025-07-30,Onion,Nagpur,4081
2025-07-31,Onion,Nagpur,4105
2025-08-01,Onion,Nagpur,4127
2025-08-02,Onion,Nagpur,4147
2025-08-03,Onion,Nagpur,4158
2025-08-04,Onion,Nagpur,4172
2025-08-05,Onion,Nagpur,4174
2025-08-06,Onion,Nagpur,4184
2025-08-07,Onion,Nagpur,4191
2025-08-08,Onion,Nagpur,4196
2025-08-09,Onion,Nagpur,4184
2025-08-10,Onion,Nagpur,4170
2025-08-11,Onion,Nagpur,4171
2025-08-12,Onion,Nagpur,4193
2025-08-13,Onion,Nagpur,4208
2025-08-14,Onion,Nagpur,4210
2025-08-15,Onion,Nagpur,4233
2025-08-16,Onion,Nagpur,4254
2025-08-17,Onion,Nagpur,4252
2025-08-18,Onion,Nagpur,4250
2025-08-19,Onion,Nagpur,4246
2025-08-20,Onion,Nagpur,4251
2025-08-21,Onion,Nagpur,4263
2025-08-22,Onion,Nagpur,4279
2025-08-23,Onion,Nagpur,4269
2025-08-24,Onion,Nagpur,4287
2025-08-25,Onion,Nagpur,4284
2025-08-26,Onion,Nagpur,4298
2025-08-27,Onion,Nagpur,4294
2025-08-28,Onion,Nagpur,4313
2025-08-29,Onion,Nagpur,4325
2025-08-30,Onion,Nagpur,4324
2025-08-31,Onion,Nagpur,4330
2025-09-01,Onion,Nagpur,4350
2025-09-02,Onion,Nagpur,4356
2025-09-03,Onion,Nagpur,4354
2025-09-04,Onion,Nagpur,4365
2025-09-05,Onion,Nagpur,4372
2025-09-06,Onion,Nagpur,4387
2025-09-07,Onion,Nagpur,4411
2025-09-08,Onion,Nagpur,4436
2025-09-09,Onion,Nagpur,4455
2025-09-10,Onion,Nagpur,4439
2025-09-11,Onion,Nagpur,4463
2025-09-12,Onion,Nagpur,4465
2025-09-13,Onion,Nagpur,4480
2025-09-14,Onion,Nagpur,4462
2025-09-15,Onion,Nagpur,4471
2025-09-16,Onion,Nagpur,4466
2025-09-17,Onion,Nagpur,4454
2025-09-18,Onion,Nagpur,4471
2025-09-19,Onion,Nagpur,4476
2025-09-20,Onion,Nagpur,4493
2025-09-21,Onion,Nagpur,4493
2025-09-22,Onion,Nagpur,4475
2025-09-23,Onion,Nagpur,4497
2025-09-24,Onion,Nagpur,4514
2025-09-25,Onion,Nagpur,4515
2025-09-26,Onion,Nagpur,4518
2025-09-27,Onion,Nagpur,4540
2025-09-28,Onion,Nagpur,4529
2025-09-29,Onion,Nagpur,4538
2025-09-30,Onion,Nagpur,4543
2025-10-01,Onion,Nagpur,4540
2025-10-02,Onion,Nagpur,4545
2025-10-03,Onion,Nagpur,4526
2025-10-04,Onion,Nagpur,4547
2025-10-05,Onion,Nagpur,4565
2025-10-06,Onion,Nagpur,4545
2025-10-07,Onion,Nagpur,4525
2025-10-08,Onion,Nagpur,4532
2025-10-09,Onion,Nagpur,4519
2025-10-10,Onion,Nagpur,4538
2025-10-11,Onion,Nagpur,4547
2025-10-12,Onion,Nagpur,4538
2025-10-13,Onion,Nagpur,4519
2025-10-14,Onion,Nagpur,4531
2025-10-15,Onion,Nagpur,4545
2025-10-16,Onion,Nagpur,4541
2025-10-17,Onion,Nagpur,4522
2025-10-18,Onion,Nagpur,4530
2025-10-19,Onion,Nagpur,4525
2025-10-20,Onion,Nagpur,4540
2025-10-21,Onion,Nagpur,4543
2025-10-22,Onion,Nagpur,4548
2025-10-23,Onion,Nagpur,4550
2025-10-24,Onion,Nagpur,4538
2025-10-25,Onion,Nagpur,4522
2025-10-26,Onion,Nagpur,4513
2025-10-27,Onion,Nagpur,4495
2025-10-28,Onion,Nagpur,4502
2025-10-29,Onion,Nagpur,4494
2025-10-30,Onion,Nagpur,4519
2025-10-31,Onion,Nagpur,4510
2025-11-01,Onion,Nagpur,4514
2025-11-02,Onion,Nagpur,4535
2025-11-03,Onion,Nagpur,4530
2025-11-04,Onion,Nagpur,4525
2025-11-05,Onion,Nagpur,4536
2025-11-06,Onion,Nagpur,4516
2025-11-07,Onion,Nagpur,4511
2025-11-08,Onion,Nagpur,4534
2025-11-09,Onion,Nagpur,4547
2025-11-10,Onion,Nagpur,4548
2025-11-11,Onion,Nagpur,4557
2025-11-12,Onion,Nagpur,4556
2025-11-13,Onion,Nagpur,4544
2025-11-14,Onion,Nagpur,4546
2025-11-15,Onion,Nagpur,4563
2025-11-16,Onion,Nagpur,4571
2025-11-17,Onion,Nagpur,4594
2025-11-18,Onion,Nagpur,4587
2025-11-19,Onion,Nagpur,4572
2025-11-20,Onion,Nagpur,4587
2025-11-21,Onion,Nagpur,4603
2025-11-22,Onion,Nagpur,4588
2025-11-23,Onion,Nagpur,4594
2025-11-24,Onion,Nagpur,4580
2025-11-25,Onion,Nagpur,4593
2025-11-26,Onion,Nagpur,4613
2025-11-27,Onion,Nagpur,4616
2025-11-28,Onion,Nagpur,4640
2025-11-29,Onion,Nagpur,4640
2025-11-30,Onion,Nagpur,4644
2025-12-01,Onion,Nagpur,4660
2025-12-02,Onion,Nagpur,4671
2025-12-03,Onion,Nagpur,4690
2025-12-04,Onion,Nagpur,4706
2025-12-05,Onion,Nagpur,4687
2025-12-06,Onion,Nagpur,4669
2025-12-07,Onion,Nagpur,4674
2025-12-08,Onion,Nagpur,4689
2025-12-09,Onion,Nagpur,4673
2025-12-10,Onion,Nagpur,4678
2025-12-11,Onion,Nagpur,4658
2025-12-12,Onion,Nagpur,4640
2025-12-13,Onion,Nagpur,4627
2025-12-14,Onion,Nagpur,4617
2025-12-15,Onion,Nagpur,4642
2025-12-16,Onion,Nagpur,4654
2025-12-17,Onion,Nagpur,4649
2025-12-18,Onion,Nagpur,4647
2025-12-19,Onion,Nagpur,4636
2025-12-20,Onion,Nagpur,4648
2025-12-21,Onion,Nagpur,4661
2025-12-22,Onion,Nagpur,4676
2025-12-23,Onion,Nagpur,4673
2025-12-24,Onion,Nagpur,4666
2025-12-25,Onion,Nagpur,4671
2025-12-26,Onion,Nagpur,4682
2025-12-27,Onion,Nagpur,4685
2025-12-28,Onion,Nagpur,4696
2025-12-29,Onion,Nagpur,4707
2025-12-30,Onion,Nagpur,4729
2025-12-31,Onion,Nagpur,4717
2024-01-01,Onion,Indore,2811
2024-01-02,Onion,Indore,2820
2024-01-03,Onion,Indore,2813
2024-01-04,Onion,Indore,2823
2024-01-05,Onion,Indore,2833
2024-01-06,Onion,Indore,2825
2024-01-07,Onion,Indore,2815
2024-01-08,Onion,Indore,2826
2024-01-09,Onion,Indore,2812
2024-01-10,Onion,Indore,2825
2024-01-11,Onion,Indore,2805
2024-01-12,Onion,Indore,2801
2024-01-13,Onion,Indore,2784
2024-01-14,Onion,Indore,2765
2024-01-15,Onion,Indore,2754
2024-01-16,Onion,Indore,2766
2024-01-17,Onion,Indore,2749
2024-01-18,Onion,Indore,2770
2024-01-19,Onion,Indore,2776
2024-01-20,Onion,Indore,2796
2024-01-21,Onion,Indore,2802
2024-01-22,Onion,Indore,2791
2024-01-23,Onion,Indore,2815
2024-01-24,Onion,Indore,2798
2024-01-25,Onion,Indore,2783
2024-01-26,Onion,Indore,2768
2024-01-27,Onion,Indore,2789
2024-01-28,Onion,Indore,2776
2024-01-29,Onion,Indore,2796
2024-01-30,Onion,Indore,2819
2024-01-31,Onion,Indore,2804
2024-02-01,Onion,Indore,2798
2024-02-02,Onion,Indore,2815
2024-02-03,Onion,Indore,2802
2024-02-04,Onion,Indore,2805
2024-02-05,Onion,Indore,2787
2024-02-06,Onion,Indore,2797
2024-02-07,Onion,Indore,2810
2024-02-08,Onion,Indore,2835
2024-02-09,Onion,Indore,2843
2024-02-10,Onion,Indore,2849
2024-02-11,Onion,Indore,2836
2024-02-12,Onion,Indore,2852
2024-02-13,Onion,Indore,2839
2024-02-14,Onion,Indore,2864
2024-02-15,Onion,Indore,2873
2024-02-16,Onion,Indore,2863
2024-02-17,Onion,Indore,2867
2024-02-18,Onion,Indore,2887
2024-02-19,Onion,Indore,2874
2024-02-20,Onion,Indore,2880
2024-02-21,Onion,Indore,2888
2024-02-22,Onion,Indore,2890
2024-02-23,Onion,Indore,2915
2024-02-24,Onion,Indore,2906
2024-02-25,Onion,Indore,2892
2024-02-26,Onion,Indore,2883
2024-02-27,Onion,Indore,2876
2024-02-28,Onion,Indore,2884
2024-02-29,Onion,Indore,2881
2024-03-01,Onion,Indore,2872
2024-03-02,Onion,Indore,2867
2024-03-03,Onion,Indore,2873
2024-03-04,Onion,Indore,2854
2024-03-05,Onion,Indore,2858
2024-03-06,Onion,Indore,2849
2024-03-07,Onion,Indore,2867
2024-03-08,Onion,Indore,2887
2024-03-09,Onion,Indore,2869
2024-03-10,Onion,Indore,2890
2024-03-11,Onion,Indore,2875
2024-03-12,Onion,Indore,2874
2024-03-13,Onion,Indore,2883
2024-03-14,Onion,Indore,2873
2024-03-15,Onion,Indore,2875
2024-03-16,Onion,Indore,2861
2024-03-17,Onion,Indore,2868
2024-03-18,Onion,Indore,2863
2024-03-19,Onion,Indore,2867
2024-03-20,Onion,Indore,2849
2024-03-21,Onion,Indore,2860
2024-03-22,Onion,Indore,2871
2024-03-23,Onion,Indore,2884
2024-03-24,Onion,Indore,2889
2024-03-25,Onion,Indore,2913
2024-03-26,Onion,Indore,2906
2024-03-27,Onion,Indore,2894
2024-03-28,Onion,Indore,2914
2024-03-29,Onion,Indore,2894
2024-03-30,Onion,Indore,2891
2024-03-31,Onion,Indore,2887
2024-04-01,Onion,Indore,2890
2024-04-02,Onion,Indore,2889
2024-04-03,Onion,Indore,2897
2024-04-04,Onion,Indore,2906
2024-04-05,Onion,Indore,2898
2024-04-06,Onion,Indore,2898
2024-04-07,Onion,Indore,2919
2024-04-08,Onion,Indore,2933
2024-04-09,Onion,Indore,2948
2024-04-10,Onion,Indore,2973
2024-04-11,Onion,Indore,2979
2024-04-12,Onion,Indore,2973
2024-04-13,Onion,Indore,2986
2024-04-14,Onion,Indore,2969
2024-04-15,Onion,Indore,2952
2024-04-16,Onion,Indore,2971
2024-04-17,Onion,Indore,2970
2024-04-18,Onion,Indore,2952
2024-04-19,Onion,Indore,2976
2024-04-20,Onion,Indore,3000
2024-04-21,Onion,Indore,3014
2024-04-22,Onion,Indore,3018
2024-04-23,Onion,Indore,3041
2024-04-24,Onion,Indore,3053
2024-04-25,Onion,Indore,3057
2024-04-26,Onion,Indore,3063
2024-04-27,Onion,Indore,3052
2024-04-28,Onion,Indore,3036
2024-04-29,Onion,Indore,3022
2024-04-30,Onion,Indore,3037
2024-05-01,Onion,Indore,3052
2024-05-02,Onion,Indore,3056
2024-05-03,Onion,Indore,3077
2024-05-04,Onion,Indore,3066
2024-05-05,Onion,Indore,3052
2024-05-06,Onion,Indore,3073
2024-05-07,Onion,Indore,3059
2024-05-08,Onion,Indore,3062
2024-05-09,Onion,Indore,3056
2024-05-10,Onion,Indore,3065
2024-05-11,Onion,Indore,3088
2024-05-12,Onion,Indore,3109
2024-05-13,Onion,Indore,3090
2024-05-14,Onion,Indore,3107
2024-05-15,Onion,Indore,3129
2024-05-16,Onion,Indore,3137
2024-05-17,Onion,Indore,3156
2024-05-18,Onion,Indore,3171
2024-05-19,Onion,Indore,3182
2024-05-20,Onion,Indore,3180
2024-05-21,Onion,Indore,3195
2024-05-22,Onion,Indore,3220
2024-05-23,Onion,Indore,3234
2024-05-24,Onion,Indore,3214
2024-05-25,Onion,Indore,3220
2024-05-26,Onion,Indore,3225
2024-05-27,Onion,Indore,3217
2024-05-28,Onion,Indore,3242
2024-05-29,Onion,Indore,3244
2024-05-30,Onion,Indore,3233
2024-05-31,Onion,Indore,3254
2024-06-01,Onion,Indore,3239
2024-06-02,Onion,Indore,3229
2024-06-03,Onion,Indore,3234
2024-06-04,Onion,Indore,3243
2024-06-05,Onion,Indore,3253
2024-06-06,Onion,Indore,3276
2024-06-07,Onion,Indore,3300
2024-06-08,Onion,Indore,3281
2024-06-09,Onion,Indore,3262
2024-06-10,Onion,Indore,3269
2024-06-11,Onion,Indore,3255
2024-06-12,Onion,Indore,3253
2024-06-13,Onion,Indore,3271
2024-06-14,Onion,Indore,3264
2024-06-15,Onion,Indore,3264
2024-06-16,Onion,Indore,3270
2024-06-17,Onion,Indore,3257
2024-06-18,Onion,Indore,3282
2024-06-19,Onion,Indore,3294
2024-06-20,Onion,Indore,3289
2024-06-21,Onion,Indore,3281
2024-06-22,Onion,Indore,3305
2024-06-23,Onion,Indore,3316
2024-06-24,Onion,Indore,3327
2024-06-25,Onion,Indore,3328
2024-06-26,Onion,Indore,3317
2024-06-27,Onion,Indore,3311
2024-06-28,Onion,Indore,3320
2024-06-29,Onion,Indore,3333
2024-06-30,Onion,Indore,3343
2024-07-01,Onion,Indore,3331
2024-07-02,Onion,Indore,3324
2024-07-03,Onion,Indore,3318
2024-07-04,Onion,Indore,3309
2024-07-05,Onion,Indore,3323
2024-07-06,Onion,Indore,3319
2024-07-07,Onion,Indore,3328
2024-07-08,Onion,Indore,3317
2024-07-09,Onion,Indore,3299
2024-07-10,Onion,Indore,3309
2024-07-11,Onion,Indore,3332
2024-07-12,Onion,Indore,3334
2024-07-13,Onion,Indore,3330
2024-07-14,Onion,Indore,3344
2024-07-15,Onion,Indore,3355
2024-07-16,Onion,Indore,3338
2024-07-17,Onion,Indore,3351
2024-07-18,Onion,Indore,3358
2024-07-19,Onion,Indore,3361
2024-07-20,Onion,Indore,3374
2024-07-21,Onion,Indore,3381
2024-07-22,Onion,Indore,3381
2024-07-23,Onion,Indore,3373
2024-07-24,Onion,Indore,3388
2024-07-25,Onion,Indore,3388
2024-07-26,Onion,Indore,3404
2024-07-27,Onion,Indore,3419
2024-07-28,Onion,Indore,3400
2024-07-29,Onion,Indore,3421
2024-07-30,Onion,Indore,3432
2024-07-31,Onion,Indore,3441
2024-08-01,Onion,Indore,3451
2024-08-02,Onion,Indore,3466
2024-08-03,Onion,Indore,3490
2024-08-04,Onion,Indore,3483
2024-08-05,Onion,Indore,3498
2024-08-06,Onion,Indore,3491
2024-08-07,Onion,Indore,3500
2024-08-08,Onion,Indore,3514
2024-08-09,Onion,Indore,3512
2024-08-10,Onion,Indore,3514
2024-08-11,Onion,Indore,3532
2024-08-12,Onion,Indore,3523
2024-08-13,Onion,Indore,3516
2024-08-14,Onion,Indore,3522
2024-08-15,Onion,Indore,3530
2024-08-16,Onion,Indore,3545
2024-08-17,Onion,Indore,3550
2024-08-18,Onion,Indore,3563
2024-08-19,Onion,Indore,3580
2024-08-20,Onion,Indore,3602
2024-08-21,Onion,Indore,3624
2024-08-22,Onion,Indore,3629
2024-08-23,Onion,Indore,3648
2024-08-24,Onion,Indore,3628
2024-08-25,Onion,Indore,3621
2024-08-26,Onion,Indore,3615
2024-08-27,Onion,Indore,3635
2024-08-28,Onion,Indore,3633
2024-08-29,Onion,Indore,3657
2024-08-30,Onion,Indore,3654
2024-08-31,Onion,Indore,3662
2024-09-01,Onion,Indore,3648
2024-09-02,Onion,Indore,3657
2024-09-03,Onion,Indore,3680
2024-09-04,Onion,Indore,3667
2024-09-05,Onion,Indore,3664
2024-09-06,Onion,Indore,3678
2024-09-07,Onion,Indore,3669
2024-09-08,Onion,Indore,3653
2024-09-09,Onion,Indore,3657
2024-09-10,Onion,Indore,3639
2024-09-11,Onion,Indore,3660
2024-09-12,Onion,Indore,3649
2024-09-13,Onion,Indore,3649
2024-09-14,Onion,Indore,3641
2024-09-15,Onion,Indore,3661
2024-09-16,Onion,Indore,3646
2024-09-17,Onion,Indore,3664
2024-09-18,Onion,Indore,3666
2024-09-19,Onion,Indore,3646
2024-09-20,Onion,Indore,3663
2024-09-21,Onion,Indore,3663
2024-09-22,Onion,Indore,3643
2024-09-23,Onion,Indore,3641
2024-09-24,Onion,Indore,3651
2024-09-25,Onion,Indore,3653
2024-09-26,Onion,Indore,3651
2024-09-27,Onion,Indore,3646
2024-09-28,Onion,Indore,3654
2024-09-29,Onion,Indore,3666
2024-09-30,Onion,Indore,3677
2024-10-01,Onion,Indore,3685
2024-10-02,Onion,Indore,3709
2024-10-03,Onion,Indore,3711
2024-10-04,Onion,Indore,3707
2024-10-05,Onion,Indore,3699
2024-10-06,Onion,Indore,3687
2024-10-07,Onion,Indore,3696
2024-10-08,Onion,Indore,3689
2024-10-09,Onion,Indore,3708
2024-10-10,Onion,Indore,3704
2024-10-11,Onion,Indore,3706
2024-10-12,Onion,Indore,3696
2024-10-13,Onion,Indore,3692
2024-10-14,Onion,Indore,3707
2024-10-15,Onion,Indore,3713
2024-10-16,Onion,Indore,3700
2024-10-17,Onion,Indore,3698
2024-10-18,Onion,Indore,3690
2024-10-19,Onion,Indore,3675
2024-10-20,Onion,Indore,3656
2024-10-21,Onion,Indore,3647
2024-10-22,Onion,Indore,3633
2024-10-23,Onion,Indore,3654
2024-10-24,Onion,Indore,3662
2024-10-25,Onion,Indore,3645
2024-10-26,Onion,Indore,3658
2024-10-27,Onion,Indore,3673
2024-10-28,Onion,Indore,3665
2024-10-29,Onion,Indore,3652
2024-10-30,Onion,Indore,3634
2024-10-31,Onion,Indore,3629
2024-11-01,Onion,Indore,3627
2024-11-02,Onion,Indore,3642
2024-11-03,Onion,Indore,3626
2024-11-04,Onion,Indore,3640
2024-11-05,Onion,Indore,3657
2024-11-06,Onion,Indore,3654
2024-11-07,Onion,Indore,3662
2024-11-08,Onion,Indore,3655
2024-11-09,Onion,Indore,3679
2024-11-10,Onion,Indore,3690
2024-11-11,Onion,Indore,3683
2024-11-12,Onion,Indore,3702
2024-11-13,Onion,Indore,3698
2024-11-14,Onion,Indore,3698
2024-11-15,Onion,Indore,3695
2024-11-16,Onion,Indore,3683
2024-11-17,Onion,Indore,3704
2024-11-18,Onion,Indore,3685
2024-11-19,Onion,Indore,3699
2024-11-20,Onion,Indore,3687
2024-11-21,Onion,Indore,3688
2024-11-22,Onion,Indore,3668
2024-11-23,Onion,Indore,3657
2024-11-24,Onion,Indore,3662
2024-11-25,Onion,Indore,3650
2024-11-26,Onion,Indore,3650
2024-11-27,Onion,Indore,3655
2024-11-28,Onion,Indore,3638
2024-11-29,Onion,Indore,3640
2024-11-30,Onion,Indore,3638
2024-12-01,Onion,Indore,3660
2024-12-02,Onion,Indore,3674
2024-12-03,Onion,Indore,3657
2024-12-04,Onion,Indore,3651
2024-12-05,Onion,Indore,3673
2024-12-06,Onion,Indore,3673
2024-12-07,Onion,Indore,3667
2024-12-08,Onion,Indore,3692
2024-12-09,Onion,Indore,3715
2024-12-10,Onion,Indore,3730
2024-12-11,Onion,Indore,3710
2024-12-12,Onion,Indore,3730
2024-12-13,Onion,Indore,3711
2024-12-14,Onion,Indore,3719
2024-12-15,Onion,Indore,3709
2024-12-16,Onion,Indore,3734
2024-12-17,Onion,Indore,3746
2024-12-18,Onion,Indore,3747
2024-12-19,Onion,Indore,3742
2024-12-20,Onion,Indore,3746
2024-12-21,Onion,Indore,3746
2024-12-22,Onion,Indore,3739
2024-12-23,Onion,Indore,3745
2024-12-24,Onion,Indore,3734
2024-12-25,Onion,Indore,3750
2024-12-26,Onion,Indore,3773
2024-12-27,Onion,Indore,3759
2024-12-28,Onion,Indore,3758
2024-12-29,Onion,Indore,3782
2024-12-30,Onion,Indore,3798
2024-12-31,Onion,Indore,3803
2025-01-01,Onion,Indore,3790
2025-01-02,Onion,Indore,3806
2025-01-03,Onion,Indore,3828
2025-01-04,Onion,Indore,3842
2025-01-05,Onion,Indore,3825
2025-01-06,Onion,Indore,3839
2025-01-07,Onion,Indore,3825
2025-01-08,Onion,Indore,3819
2025-01-09,Onion,Indore,3803
2025-01-10,Onion,Indore,3784
2025-01-11,Onion,Indore,3789
2025-01-12,Onion,Indore,3781
2025-01-13,Onion,Indore,3768
2025-01-14,Onion,Indore,3789
2025-01-15,Onion,Indore,3806
2025-01-16,Onion,Indore,3801
2025-01-17,Onion,Indore,3803
2025-01-18,Onion,Indore,3788
2025-01-19,Onion,Indore,3780
2025-01-20,Onion,Indore,3761
2025-01-21,Onion,Indore,3758
2025-01-22,Onion,Indore,3754
2025-01-23,Onion,Indore,3738
2025-01-24,Onion,Indore,3751
2025-01-25,Onion,Indore,3775
2025-01-26,Onion,Indore,3794
2025-01-27,Onion,Indore,3780
2025-01-28,Onion,Indore,3762
2025-01-29,Onion,Indore,3747
2025-01-30,Onion,Indore,3757
2025-01-31,Onion,Indore,3777
2025-02-01,Onion,Indore,3775
2025-02-02,Onion,Indore,3775
2025-02-03,Onion,Indore,3794
2025-02-04,Onion,Indore,3812
2025-02-05,Onion,Indore,3798
2025-02-06,Onion,Indore,3786
2025-02-07,Onion,Indore,3794
2025-02-08,Onion,Indore,3792
2025-02-09,Onion,Indore,3804
2025-02-10,Onion,Indore,3791
2025-02-11,Onion,Indore,3771
2025-02-12,Onion,Indore,3771
2025-02-13,Onion,Indore,3768
2025-02-14,Onion,Indore,3764
2025-02-15,Onion,Indore,3745
2025-02-16,Onion,Indore,3762
2025-02-17,Onion,Indore,3745
2025-02-18,Onion,Indore,3741
2025-02-19,Onion,Indore,3730
2025-02-20,Onion,Indore,3730
2025-02-21,Onion,Indore,3728
2025-02-22,Onion,Indore,3752
2025-02-23,Onion,Indore,3777
2025-02-24,Onion,Indore,3793
2025-02-25,Onion,Indore,3809
2025-02-26,Onion,Indore,3830
2025-02-27,Onion,Indore,3831
2025-02-28,Onion,Indore,3831
2025-03-01,Onion,Indore,3853
2025-03-02,Onion,Indore,3838
2025-03-03,Onion,Indore,3860
2025-03-04,Onion,Indore,3846
2025-03-05,Onion,Indore,3850
2025-03-06,Onion,Indore,3837
2025-03-07,Onion,Indore,3853
2025-03-08,Onion,Indore,3866
2025-03-09,Onion,Indore,3883
2025-03-10,Onion,Indore,3890
2025-03-11,Onion,Indore,3896
2025-03-12,Onion,Indore,3891
2025-03-13,Onion,Indore,3902
2025-03-14,Onion,Indore,3917
2025-03-15,Onion,Indore,3925
2025-03-16,Onion,Indore,3926
2025-03-17,Onion,Indore,3947
2025-03-18,Onion,Indore,3960
2025-03-19,Onion,Indore,3960
2025-03-20,Onion,Indore,3961
2025-03-21,Onion,Indore,3985
2025-03-22,Onion,Indore,3969
2025-03-23,Onion,Indore,3968
2025-03-24,Onion,Indore,3971
2025-03-25,Onion,Indore,3981
2025-03-26,Onion,Indore,3993
2025-03-27,Onion,Indore,3986
2025-03-28,Onion,Indore,3972
2025-03-29,Onion,Indore,3993
2025-03-30,Onion,Indore,3979
2025-03-31,Onion,Indore,3964
2025-04-01,Onion,Indore,3959
2025-04-02,Onion,Indore,3949
2025-04-03,Onion,Indore,3973
2025-04-04,Onion,Indore,3976
2025-04-05,Onion,Indore,3993
2025-04-06,Onion,Indore,3977
2025-04-07,Onion,Indore,3963
2025-04-08,Onion,Indore,3983
2025-04-09,Onion,Indore,3996
2025-04-10,Onion,Indore,3979
2025-04-11,Onion,Indore,3994
2025-04-12,Onion,Indore,3984
2025-04-13,Onion,Indore,3971
2025-04-14,Onion,Indore,3991
2025-04-15,Onion,Indore,3993
2025-04-16,Onion,Indore,4004
2025-04-17,Onion,Indore,4003
2025-04-18,Onion,Indore,3989
2025-04-19,Onion,Indore,3974
2025-04-20,Onion,Indore,3971
2025-04-21,Onion,Indore,3991
2025-04-22,Onion,Indore,4010
2025-04-23,Onion,Indore,4012
2025-04-24,Onion,Indore,4030
2025-04-25,Onion,Indore,4023
2025-04-26,Onion,Indore,4018
2025-04-27,Onion,Indore,4012
2025-04-28,Onion,Indore,4006
2025-04-29,Onion,Indore,4022
2025-04-30,Onion,Indore,4006
2025-05-01,Onion,Indore,4002
2025-05-02,Onion,Indore,4005
2025-05-03,Onion,Indore,4020
2025-05-04,Onion,Indore,4009
2025-05-05,Onion,Indore,4034
2025-05-06,Onion,Indore,4034
2025-05-07,Onion,Indore,4035
2025-05-08,Onion,Indore,4044
2025-05-09,Onion,Indore,4040
2025-05-10,Onion,Indore,4026
2025-05-11,Onion,Indore,4010
2025-05-12,Onion,Indore,3999
2025-05-13,Onion,Indore,3986
2025-05-14,Onion,Indore,4009
2025-05-15,Onion,Indore,4019
2025-05-16,Onion,Indore,4016
2025-05-17,Onion,Indore,4019
2025-05-18,Onion,Indore,4012
2025-05-19,Onion,Indore,4014
2025-05-20,Onion,Indore,4023
2025-05-21,Onion,Indore,4027
2025-05-22,Onion,Indore,4048
2025-05-23,Onion,Indore,4067
2025-05-24,Onion,Indore,4072
2025-05-25,Onion,Indore,4091
2025-05-26,Onion,Indore,4096
2025-05-27,Onion,Indore,4118
2025-05-28,Onion,Indore,4125
2025-05-29,Onion,Indore,4117
2025-05-30,Onion,Indore,4140
2025-05-31,Onion,Indore,4129
2025-06-01,Onion,Indore,4126
2025-06-02,Onion,Indore,4135
2025-06-03,Onion,Indore,4155
2025-06-04,Onion,Indore,4152
2025-06-05,Onion,Indore,4147
2025-06-06,Onion,Indore,4161
2025-06-07,Onion,Indore,4152
2025-06-08,Onion,Indore,4148
2025-06-09,Onion,Indore,4166
2025-06-10,Onion,Indore,4189
2025-06-11,Onion,Indore,4189
2025-06-12,Onion,Indore,4211
2025-06-13,Onion,Indore,4232
2025-06-14,Onion,Indore,4214
2025-06-15,Onion,Indore,4216
2025-06-16,Onion,Indore,4239
2025-06-17,Onion,Indore,4227
2025-06-18,Onion,Indore,4252
2025-06-19,Onion,Indore,4270
2025-06-20,Onion,Indore,4275
2025-06-21,Onion,Indore,4285
2025-06-22,Onion,Indore,4296
2025-06-23,Onion,Indore,4303
2025-06-24,Onion,Indore,4293
2025-06-25,Onion,Indore,4302
2025-06-26,Onion,Indore,4307
2025-06-27,Onion,Indore,4326
2025-06-28,Onion,Indore,4325
2025-06-29,Onion,Indore,4325
2025-06-30,Onion,Indore,4331
2025-07-01,Onion,Indore,4321
2025-07-02,Onion,Indore,4318
2025-07-03,Onion,Indore,4328
2025-07-04,Onion,Indore,4331
2025-07-05,Onion,Indore,4352
2025-07-06,Onion,Indore,4348
2025-07-07,Onion,Indore,4356
2025-07-08,Onion,Indore,4375
2025-07-09,Onion,Indore,4362
2025-07-10,Onion,Indore,4380
2025-07-11,Onion,Indore,4386
2025-07-12,Onion,Indore,4401
2025-07-13,Onion,Indore,4411
2025-07-14,Onion,Indore,4408
2025-07-15,Onion,Indore,4405
2025-07-16,Onion,Indore,4396
2025-07-17,Onion,Indore,4401
2025-07-18,Onion,Indore,4409
2025-07-19,Onion,Indore,4429
2025-07-20,Onion,Indore,4435
2025-07-21,Onion,Indore,4450
2025-07-22,Onion,Indore,4466
2025-07-23,Onion,Indore,4465
2025-07-24,Onion,Indore,4452
2025-07-25,Onion,Indore,4460
2025-07-26,Onion,Indore,4472
2025-07-27,Onion,Indore,4490
2025-07-28,Onion,Indore,4514
2025-07-29,Onion,Indore,4539
2025-07-30,Onion,Indore,4546
2025-07-31,Onion,Indore,4536
2025-08-01,Onion,Indore,4526
2025-08-02,Onion,Indore,4546
2025-08-03,Onion,Indore,4556
2025-08-04,Onion,Indore,4546
2025-08-05,Onion,Indore,4541
2025-08-06,Onion,Indore,4562
2025-08-07,Onion,Indore,4567
2025-08-08,Onion,Indore,4548
2025-08-09,Onion,Indore,4558
2025-08-10,Onion,Indore,4580
2025-08-11,Onion,Indore,4566
2025-08-12,Onion,Indore,4559
2025-08-13,Onion,Indore,4568
2025-08-14,Onion,Indore,4557
2025-08-15,Onion,Indore,4541
2025-08-16,Onion,Indore,4556
2025-08-17,Onion,Indore,4554
2025-08-18,Onion,Indore,4546
2025-08-19,Onion,Indore,4559
2025-08-20,Onion,Indore,4539
2025-08-21,Onion,Indore,4521
2025-08-22,Onion,Indore,4508
2025-08-23,Onion,Indore,4523
2025-08-24,Onion,Indore,4539
2025-08-25,Onion,Indore,4558
2025-08-26,Onion,Indore,4575
2025-08-27,Onion,Indore,4574
2025-08-28,Onion,Indore,4570
2025-08-29,Onion,Indore,4579
2025-08-30,Onion,Indore,4600
2025-08-31,Onion,Indore,4614
2025-09-01,Onion,Indore,4607
2025-09-02,Onion,Indore,4595
2025-09-03,Onion,Indore,4591
2025-09-04,Onion,Indore,4583
2025-09-05,Onion,Indore,4592
2025-09-06,Onion,Indore,4607
2025-09-07,Onion,Indore,4598
2025-09-08,Onion,Indore,4623
2025-09-09,Onion,Indore,4636
2025-09-10,Onion,Indore,4619
2025-09-11,Onion,Indore,4603
2025-09-12,Onion,Indore,4617
2025-09-13,Onion,Indore,4638
2025-09-14,Onion,Indore,4650
2025-09-15,Onion,Indore,4670
2025-09-16,Onion,Indore,4658
2025-09-17,Onion,Indore,4650
2025-09-18,Onion,Indore,4655
2025-09-19,Onion,Indore,4652
2025-09-20,Onion,Indore,4662
2025-09-21,Onion,Indore,4648
2025-09-22,Onion,Indore,4658
2025-09-23,Onion,Indore,4654
2025-09-24,Onion,Indore,4651
2025-09-25,Onion,Indore,4668
2025-09-26,Onion,Indore,4654
2025-09-27,Onion,Indore,4652
2025-09-28,Onion,Indore,4635
2025-09-29,Onion,Indore,4622
2025-09-30,Onion,Indore,4647
2025-10-01,Onion,Indore,4650
2025-10-02,Onion,Indore,4664
2025-10-03,Onion,Indore,4656
2025-10-04,Onion,Indore,4661
2025-10-05,Onion,Indore,4657
2025-10-06,Onion,Indore,4662
2025-10-07,Onion,Indore,4670
2025-10-08,Onion,Indore,4681
2025-10-09,Onion,Indore,4682
2025-10-10,Onion,Indore,4706
2025-10-11,Onion,Indore,4723
2025-10-12,Onion,Indore,4740
2025-10-13,Onion,Indore,4737
2025-10-14,Onion,Indore,4735
2025-10-15,Onion,Indore,4718
2025-10-16,Onion,Indore,4726
2025-10-17,Onion,Indore,4747
2025-10-18,Onion,Indore,4741
2025-10-19,Onion,Indore,4728
2025-10-20,Onion,Indore,4723
2025-10-21,Onion,Indore,4707
2025-10-22,Onion,Indore,4732
2025-10-23,Onion,Indore,4725
2025-10-24,Onion,Indore,4737
2025-10-25,Onion,Indore,4752
2025-10-26,Onion,Indore,4752
2025-10-27,Onion,Indore,4747
2025-10-28,Onion,Indore,4764
2025-10-29,Onion,Indore,4783
2025-10-30,Onion,Indore,4774
2025-10-31,Onion,Indore,4779
2025-11-01,Onion,Indore,4789
2025-11-02,Onion,Indore,4772
2025-11-03,Onion,Indore,4791
2025-11-04,Onion,Indore,4810
2025-11-05,Onion,Indore,4795
2025-11-06,Onion,Indore,4817
2025-11-07,Onion,Indore,4822
2025-11-08,Onion,Indore,4842
2025-11-09,Onion,Indore,4826
2025-11-10,Onion,Indore,4829
2025-11-11,Onion,Indore,4821
2025-11-12,Onion,Indore,4813
2025-11-13,Onion,Indore,4810
2025-11-14,Onion,Indore,4828
2025-11-15,Onion,Indore,4848
2025-11-16,Onion,Indore,4848
2025-11-17,Onion,Indore,4850
2025-11-18,Onion,Indore,4865
2025-11-19,Onion,Indore,4860
2025-11-20,Onion,Indore,4876
2025-11-21,Onion,Indore,4877
2025-11-22,Onion,Indore,4869
2025-11-23,Onion,Indore,4877
2025-11-24,Onion,Indore,4857
2025-11-25,Onion,Indore,4865
2025-11-26,Onion,Indore,4857
2025-11-27,Onion,Indore,4850
2025-11-28,Onion,Indore,4855
2025-11-29,Onion,Indore,4861
2025-11-30,Onion,Indore,4875
2025-12-01,Onion,Indore,4858
2025-12-02,Onion,Indore,4860
2025-12-03,Onion,Indore,4855
2025-12-04,Onion,Indore,4857
2025-12-05,Onion,Indore,4857
2025-12-06,Onion,Indore,4859
2025-12-07,Onion,Indore,4840
2025-12-08,Onion,Indore,4858
2025-12-09,Onion,Indore,4855
2025-12-10,Onion,Indore,4858
2025-12-11,Onion,Indore,4882
2025-12-12,Onion,Indore,4865
2025-12-13,Onion,Indore,4845
2025-12-14,Onion,Indore,4831
2025-12-15,Onion,Indore,4837
2025-12-16,Onion,Indore,4826
2025-12-17,Onion,Indore,4814
2025-12-18,Onion,Indore,4798
2025-12-19,Onion,Indore,4811
2025-12-20,Onion,Indore,4799
2025-12-21,Onion,Indore,4780
2025-12-22,Onion,Indore,4765
2025-12-23,Onion,Indore,4790
2025-12-24,Onion,Indore,4777
2025-12-25,Onion,Indore,4773
2025-12-26,Onion,Indore,4764
2025-12-27,Onion,Indore,4749
2025-12-28,Onion,Indore,4757
2025-12-29,Onion,Indore,4779
2025-12-30,Onion,Indore,4773
2025-12-31,Onion,Indore,4776
2024-01-01,Onion,Jaipur,2807
2024-01-02,Onion,Jaipur,2792
2024-01-03,Onion,Jaipur,2776
2024-01-04,Onion,Jaipur,2764
2024-01-05,Onion,Jaipur,2782
2024-01-06,Onion,Jaipur,2773
2024-01-07,Onion,Jaipur,2796
2024-01-08,Onion,Jaipur,2777
2024-01-09,Onion,Jaipur,2797
2024-01-10,Onion,Jaipur,2787
2024-01-11,Onion,Jaipur,2802
2024-01-12,Onion,Jaipur,2805
2024-01-13,Onion,Jaipur,2788
2024-01-14,Onion,Jaipur,2813
2024-01-15,Onion,Jaipur,2826
2024-01-16,Onion,Jaipur,2825
2024-01-17,Onion,Jaipur,2812
2024-01-18,Onion,Jaipur,2799
2024-01-19,Onion,Jaipur,2797
2024-01-20,Onion,Jaipur,2812
2024-01-21,Onion,Jaipur,2793
2024-01-22,Onion,Jaipur,2801
2024-01-23,Onion,Jaipur,2809
2024-01-24,Onion,Jaipur,2789
2024-01-25,Onion,Jaipur,2811
2024-01-26,Onion,Jaipur,2833
2024-01-27,Onion,Jaipur,2843
2024-01-28,Onion,Jaipur,2828
2024-01-29,Onion,Jaipur,2846
2024-01-30,Onion,Jaipur,2862
2024-01-31,Onion,Jaipur,2870
2024-02-01,Onion,Jaipur,2857
2024-02-02,Onion,Jaipur,2841
2024-02-03,Onion,Jaipur,2865
2024-02-04,Onion,Jaipur,2874
2024-02-05,Onion,Jaipur,2861
2024-02-06,Onion,Jaipur,2850
2024-02-07,Onion,Jaipur,2859
2024-02-08,Onion,Jaipur,2872
2024-02-09,Onion,Jaipur,2884
2024-02-10,Onion,Jaipur,2899
2024-02-11,Onion,Jaipur,2904
2024-02-12,Onion,Jaipur,2900
2024-02-13,Onion,Jaipur,2914
2024-02-14,Onion,Jaipur,2914
2024-02-15,Onion,Jaipur,2920
2024-02-16,Onion,Jaipur,2941
2024-02-17,Onion,Jaipur,2930
2024-02-18,Onion,Jaipur,2921
2024-02-19,Onion,Jaipur,2910
2024-02-20,Onion,Jaipur,2935
2024-02-21,Onion,Jaipur,2956
2024-02-22,Onion,Jaipur,2962
2024-02-23,Onion,Jaipur,2984
2024-02-24,Onion,Jaipur,2993
2024-02-25,Onion,Jaipur,3007
2024-02-26,Onion,Jaipur,3030
2024-02-27,Onion,Jaipur,3044
2024-02-28,Onion,Jaipur,3025
2024-02-29,Onion,Jaipur,3018
2024-03-01,Onion,Jaipur,3024
2024-03-02,Onion,Jaipur,3030
2024-03-03,Onion,Jaipur,3025
2024-03-04,Onion,Jaipur,3023
2024-03-05,Onion,Jaipur,3045
2024-03-06,Onion,Jaipur,3026
2024-03-07,Onion,Jaipur,3018
2024-03-08,Onion,Jaipur,3012
2024-03-09,Onion,Jaipur,3032
2024-03-10,Onion,Jaipur,3044
2024-03-11,Onion,Jaipur,3049
2024-03-12,Onion,Jaipur,3055
2024-03-13,Onion,Jaipur,3080
2024-03-14,Onion,Jaipur,3097
2024-03-15,Onion,Jaipur,3096
2024-03-16,Onion,Jaipur,3080
2024-03-17,Onion,Jaipur,3091
2024-03-18,Onion,Jaipur,3074
2024-03-19,Onion,Jaipur,3070
2024-03-20,Onion,Jaipur,3073
2024-03-21,Onion,Jaipur,3074
2024-03-22,Onion,Jaipur,3077
2024-03-23,Onion,Jaipur,3086
2024-03-24,Onion,Jaipur,3110
2024-03-25,Onion,Jaipur,3113
2024-03-26,Onion,Jaipur,3106
2024-03-27,Onion,Jaipur,3126
2024-03-28,Onion,Jaipur,3119
2024-03-29,Onion,Jaipur,3142
2024-03-30,Onion,Jaipur,3155
2024-03-31,Onion,Jaipur,3150
2024-04-01,Onion,Jaipur,3147
2024-04-02,Onion,Jaipur,3127
2024-04-03,Onion,Jaipur,3107
2024-04-04,Onion,Jaipur,3100
2024-04-05,Onion,Jaipur,3094
2024-04-06,Onion,Jaipur,3094
2024-04-07,Onion,Jaipur,3090
2024-04-08,Onion,Jaipur,3107
2024-04-09,Onion,Jaipur,3126
2024-04-10,Onion,Jaipur,3147
2024-04-11,Onion,Jaipur,3127
2024-04-12,Onion,Jaipur,3125
2024-04-13,Onion,Jaipur,3147
2024-04-14,Onion,Jaipur,3157
2024-04-15,Onion,Jaipur,3182
2024-04-16,Onion,Jaipur,3164
2024-04-17,Onion,Jaipur,3189
2024-04-18,Onion,Jaipur,3179
2024-04-19,Onion,Jaipur,3178
2024-04-20,Onion,Jaipur,3202
2024-04-21,Onion,Jaipur,3224
2024-04-22,Onion,Jaipur,3204
2024-04-23,Onion,Jaipur,3203
2024-04-24,Onion,Jaipur,3210
2024-04-25,Onion,Jaipur,3207
2024-04-26,Onion,Jaipur,3203
2024-04-27,Onion,Jaipur,3189
2024-04-28,Onion,Jaipur,3199
2024-04-29,Onion,Jaipur,3192
2024-04-30,Onion,Jaipur,3217
2024-05-01,Onion,Jaipur,3218
2024-05-02,Onion,Jaipur,3235
2024-05-03,Onion,Jaipur,3247
2024-05-04,Onion,Jaipur,3263
2024-05-05,Onion,Jaipur,3261
2024-05-06,Onion,Jaipur,3245
2024-05-07,Onion,Jaipur,3226
2024-05-08,Onion,Jaipur,3245
2024-05-09,Onion,Jaipur,3241
2024-05-10,Onion,Jaipur,3255
2024-05-11,Onion,Jaipur,3244
2024-05-12,Onion,Jaipur,3254
2024-05-13,Onion,Jaipur,3250
2024-05-14,Onion,Jaipur,3239
2024-05-15,Onion,Jaipur,3230
2024-05-16,Onion,Jaipur,3229
2024-05-17,Onion,Jaipur,3239
2024-05-18,Onion,Jaipur,3255
2024-05-19,Onion,Jaipur,3254
2024-05-20,Onion,Jaipur,3252
2024-05-21,Onion,Jaipur,3252
2024-05-22,Onion,Jaipur,3266
2024-05-23,Onion,Jaipur,3248
2024-05-24,Onion,Jaipur,3257
2024-05-25,Onion,Jaipur,3261
2024-05-26,Onion,Jaipur,3286
2024-05-27,Onion,Jaipur,3290
2024-05-28,Onion,Jaipur,3292
2024-05-29,Onion,Jaipur,3286
2024-05-30,Onion,Jaipur,3283
2024-05-31,Onion,Jaipur,3294
2024-06-01,Onion,Jaipur,3302
2024-06-02,Onion,Jaipur,3315
2024-06-03,Onion,Jaipur,3317
2024-06-04,Onion,Jaipur,3305
2024-06-05,Onion,Jaipur,3290
2024-06-06,Onion,Jaipur,3290
2024-06-07,Onion,Jaipur,3272
2024-06-08,Onion,Jaipur,3252
2024-06-09,Onion,Jaipur,3274
2024-06-10,Onion,Jaipur,3273
2024-06-11,Onion,Jaipur,3278
2024-06-12,Onion,Jaipur,3273
2024-06-13,Onion,Jaipur,3286
2024-06-14,Onion,Jaipur,3290
2024-06-15,Onion,Jaipur,3307
2024-06-16,Onion,Jaipur,3292
2024-06-17,Onion,Jaipur,3314
2024-06-18,Onion,Jaipur,3338
2024-06-19,Onion,Jaipur,3331
2024-06-20,Onion,Jaipur,3351
2024-06-21,Onion,Jaipur,3360
2024-06-22,Onion,Jaipur,3371
2024-06-23,Onion,Jaipur,3387
2024-06-24,Onion,Jaipur,3397
2024-06-25,Onion,Jaipur,3377
2024-06-26,Onion,Jaipur,3376
2024-06-27,Onion,Jaipur,3383
2024-06-28,Onion,Jaipur,3383
2024-06-29,Onion,Jaipur,3386
2024-06-30,Onion,Jaipur,3366
2024-07-01,Onion,Jaipur,3380
2024-07-02,Onion,Jaipur,3403
2024-07-03,Onion,Jaipur,3401
2024-07-04,Onion,Jaipur,3402
2024-07-05,Onion,Jaipur,3401
2024-07-06,Onion,Jaipur,3397
2024-07-07,Onion,Jaipur,3383
2024-07-08,Onion,Jaipur,3394
2024-07-09,Onion,Jaipur,3396
2024-07-10,Onion,Jaipur,3392
2024-07-11,Onion,Jaipur,3385
2024-07-12,Onion,Jaipur,3371
2024-07-13,Onion,Jaipur,3385
2024-07-14,Onion,Jaipur,3376
2024-07-15,Onion,Jaipur,3369
2024-07-16,Onion,Jaipur,3384
2024-07-17,Onion,Jaipur,3372
2024-07-18,Onion,Jaipur,3372
2024-07-19,Onion,Jaipur,3373
2024-07-20,Onion,Jaipur,3370
2024-07-21,Onion,Jaipur,3358
2024-07-22,Onion,Jaipur,3351
2024-07-23,Onion,Jaipur,3347
2024-07-24,Onion,Jaipur,3339
2024-07-25,Onion,Jaipur,3323
2024-07-26,Onion,Jaipur,3333
2024-07-27,Onion,Jaipur,3347
2024-07-28,Onion,Jaipur,3348
2024-07-29,Onion,Jaipur,3330
2024-07-30,Onion,Jaipur,3328
2024-07-31,Onion,Jaipur,3325
2024-08-01,Onion,Jaipur,3334
2024-08-02,Onion,Jaipur,3329
2024-08-03,Onion,Jaipur,3351
2024-08-04,Onion,Jaipur,3354
2024-08-05,Onion,Jaipur,3347
2024-08-06,Onion,Jaipur,3335
2024-08-07,Onion,Jaipur,3356
2024-08-08,Onion,Jaipur,3361
2024-08-09,Onion,Jaipur,3368
2024-08-10,Onion,Jaipur,3387
2024-08-11,Onion,Jaipur,3369
2024-08-12,Onion,Jaipur,3373
2024-08-13,Onion,Jaipur,3383
2024-08-14,Onion,Jaipur,3365
2024-08-15,Onion,Jaipur,3357
2024-08-16,Onion,Jaipur,3357
2024-08-17,Onion,Jaipur,3368
2024-08-18,Onion,Jaipur,3391
2024-08-19,Onion,Jaipur,3373
2024-08-20,Onion,Jaipur,3355
2024-08-21,Onion,Jaipur,3368
2024-08-22,Onion,Jaipur,3349
2024-08-23,Onion,Jaipur,3369
2024-08-24,Onion,Jaipur,3388
2024-08-25,Onion,Jaipur,3378
2024-08-26,Onion,Jaipur,3374
2024-08-27,Onion,Jaipur,3355
2024-08-28,Onion,Jaipur,3357
2024-08-29,Onion,Jaipur,3356
2024-08-30,Onion,Jaipur,3372
2024-08-31,Onion,Jaipur,3359
2024-09-01,Onion,Jaipur,3377
2024-09-02,Onion,Jaipur,3369
2024-09-03,Onion,Jaipur,3387
2024-09-04,Onion,Jaipur,3390
2024-09-05,Onion,Jaipur,3410
2024-09-06,Onion,Jaipur,3423
2024-09-07,Onion,Jaipur,3423
2024-09-08,Onion,Jaipur,3424
2024-09-09,Onion,Jaipur,3432
2024-09-10,Onion,Jaipur,3441
2024-09-11,Onion,Jaipur,3454
2024-09-12,Onion,Jaipur,3462
2024-09-13,Onion,Jaipur,3454
2024-09-14,Onion,Jaipur,3441
2024-09-15,Onion,Jaipur,3446
2024-09-16,Onion,Jaipur,3459
2024-09-17,Onion,Jaipur,3450
2024-09-18,Onion,Jaipur,3443
2024-09-19,Onion,Jaipur,3452
2024-09-20,Onion,Jaipur,3456
2024-09-21,Onion,Jaipur,3458
2024-09-22,Onion,Jaipur,3461
2024-09-23,Onion,Jaipur,3466
2024-09-24,Onion,Jaipur,3449
2024-09-25,Onion,Jaipur,3465
2024-09-26,Onion,Jaipur,3478
2024-09-27,Onion,Jaipur,3494
2024-09-28,Onion,Jaipur,3483
2024-09-29,Onion,Jaipur,3471
2024-09-30,Onion,Jaipur,3474
2024-10-01,Onion,Jaipur,3463
2024-10-02,Onion,Jaipur,3485
2024-10-03,Onion,Jaipur,3478
2024-10-04,Onion,Jaipur,3502
2024-10-05,Onion,Jaipur,3527
2024-10-06,Onion,Jaipur,3522
2024-10-07,Onion,Jaipur,3543
2024-10-08,Onion,Jaipur,3559
2024-10-09,Onion,Jaipur,3582
2024-10-10,Onion,Jaipur,3579
2024-10-11,Onion,Jaipur,3573
2024-10-12,Onion,Jaipur,3588
2024-10-13,Onion,Jaipur,3579
2024-10-14,Onion,Jaipur,3585
2024-10-15,Onion,Jaipur,3588
2024-10-16,Onion,Jaipur,3600
2024-10-17,Onion,Jaipur,3580
2024-10-18,Onion,Jaipur,3581
2024-10-19,Onion,Jaipur,3562
2024-10-20,Onion,Jaipur,3567
2024-10-21,Onion,Jaipur,3579
2024-10-22,Onion,Jaipur,3578
2024-10-23,Onion,Jaipur,3581
2024-10-24,Onion,Jaipur,3585
2024-10-25,Onion,Jaipur,3567
2024-10-26,Onion,Jaipur,3588
2024-10-27,Onion,Jaipur,3603
2024-10-28,Onion,Jaipur,3617
2024-10-29,Onion,Jaipur,3607
2024-10-30,Onion,Jaipur,3626
2024-10-31,Onion,Jaipur,3626
2024-11-01,Onion,Jaipur,3628
2024-11-02,Onion,Jaipur,3646
2024-11-03,Onion,Jaipur,3633
2024-11-04,Onion,Jaipur,3636
2024-11-05,Onion,Jaipur,3650
2024-11-06,Onion,Jaipur,3639
2024-11-07,Onion,Jaipur,3649
2024-11-08,Onion,Jaipur,3666
2024-11-09,Onion,Jaipur,3647
2024-11-10,Onion,Jaipur,3631
2024-11-11,Onion,Jaipur,3636
2024-11-12,Onion,Jaipur,3633
2024-11-13,Onion,Jaipur,3633
2024-11-14,Onion,Jaipur,3644
2024-11-15,Onion,Jaipur,3657
2024-11-16,Onion,Jaipur,3678
2024-11-17,Onion,Jaipur,3697
2024-11-18,Onion,Jaipur,3706
2024-11-19,Onion,Jaipur,3690
2024-11-20,Onion,Jaipur,3672
2024-11-21,Onion,Jaipur,3672
2024-11-22,Onion,Jaipur,3653
2024-11-23,Onion,Jaipur,3650
2024-11-24,Onion,Jaipur,3639
2024-11-25,Onion,Jaipur,3623
2024-11-26,Onion,Jaipur,3626
2024-11-27,Onion,Jaipur,3644
2024-11-28,Onion,Jaipur,3632
2024-11-29,Onion,Jaipur,3655
2024-11-30,Onion,Jaipur,3639
2024-12-01,Onion,Jaipur,3636
2024-12-02,Onion,Jaipur,3659
2024-12-03,Onion,Jaipur,3650
2024-12-04,Onion,Jaipur,3671
2024-12-05,Onion,Jaipur,3695
2024-12-06,Onion,Jaipur,3707
2024-12-07,Onion,Jaipur,3720
2024-12-08,Onion,Jaipur,3704
2024-12-09,Onion,Jaipur,3720
2024-12-10,Onion,Jaipur,3731
2024-12-11,Onion,Jaipur,3717
2024-12-12,Onion,Jaipur,3740
2024-12-13,Onion,Jaipur,3749
2024-12-14,Onion,Jaipur,3745
2024-12-15,Onion,Jaipur,3770
2024-12-16,Onion,Jaipur,3775
2024-12-17,Onion,Jaipur,3756
2024-12-18,Onion,Jaipur,3750
2024-12-19,Onion,Jaipur,3754
2024-12-20,Onion,Jaipur,3756
2024-12-21,Onion,Jaipur,3772
2024-12-22,Onion,Jaipur,3771
2024-12-23,Onion,Jaipur,3795
2024-12-24,Onion,Jaipur,3783
2024-12-25,Onion,Jaipur,3794
2024-12-26,Onion,Jaipur,3776
2024-12-27,Onion,Jaipur,3771
2024-12-28,Onion,Jaipur,3763
2024-12-29,Onion,Jaipur,3748
2024-12-30,Onion,Jaipur,3756
2024-12-31,Onion,Jaipur,3763
2025-01-01,Onion,Jaipur,3788
2025-01-02,Onion,Jaipur,3794
2025-01-03,Onion,Jaipur,3812
2025-01-04,Onion,Jaipur,3829
2025-01-05,Onion,Jaipur,3831
2025-01-06,Onion,Jaipur,3820
2025-01-07,Onion,Jaipur,3829
2025-01-08,Onion,Jaipur,3827
2025-01-09,Onion,Jaipur,3814
2025-01-10,Onion,Jaipur,3830
2025-01-11,Onion,Jaipur,3854
2025-01-12,Onion,Jaipur,3871
2025-01-13,Onion,Jaipur,3873
2025-01-14,Onion,Jaipur,3856
2025-01-15,Onion,Jaipur,3852
2025-01-16,Onion,Jaipur,3853
2025-01-17,Onion,Jaipur,3852
2025-01-18,Onion,Jaipur,3848
2025-01-19,Onion,Jaipur,3871
2025-01-20,Onion,Jaipur,3857
2025-01-21,Onion,Jaipur,3853
2025-01-22,Onion,Jaipur,3833
2025-01-23,Onion,Jaipur,3852
2025-01-24,Onion,Jaipur,3837
2025-01-25,Onion,Jaipur,3835
2025-01-26,Onion,Jaipur,3843
2025-01-27,Onion,Jaipur,3836
2025-01-28,Onion,Jaipur,3849
2025-01-29,Onion,Jaipur,3869
2025-01-30,Onion,Jaipur,3888
2025-01-31,Onion,Jaipur,3901
2025-02-01,Onion,Jaipur,3924
2025-02-02,Onion,Jaipur,3928
2025-02-03,Onion,Jaipur,3953
2025-02-04,Onion,Jaipur,3958
2025-02-05,Onion,Jaipur,3959
2025-02-06,Onion,Jaipur,3957
2025-02-07,Onion,Jaipur,3941
2025-02-08,Onion,Jaipur,3960
2025-02-09,Onion,Jaipur,3950
2025-02-10,Onion,Jaipur,3950
2025-02-11,Onion,Jaipur,3960
2025-02-12,Onion,Jaipur,3977
2025-02-13,Onion,Jaipur,3996
2025-02-14,Onion,Jaipur,4018
2025-02-15,Onion,Jaipur,4007
2025-02-16,Onion,Jaipur,3989
2025-02-17,Onion,Jaipur,4011
2025-02-18,Onion,Jaipur,3996
2025-02-19,Onion,Jaipur,4016
2025-02-20,Onion,Jaipur,4011
2025-02-21,Onion,Jaipur,4016
2025-02-22,Onion,Jaipur,4016
2025-02-23,Onion,Jaipur,4001
2025-02-24,Onion,Jaipur,4024
2025-02-25,Onion,Jaipur,4013
2025-02-26,Onion,Jaipur,4014
2025-02-27,Onion,Jaipur,4000
2025-02-28,Onion,Jaipur,3985
2025-03-01,Onion,Jaipur,4009
2025-03-02,Onion,Jaipur,3995
2025-03-03,Onion,Jaipur,3984
2025-03-04,Onion,Jaipur,3993
2025-03-05,Onion,Jaipur,3976
2025-03-06,Onion,Jaipur,3985
2025-03-07,Onion,Jaipur,4002
2025-03-08,Onion,Jaipur,4015
2025-03-09,Onion,Jaipur,3997
2025-03-10,Onion,Jaipur,3993
2025-03-11,Onion,Jaipur,3996
2025-03-12,Onion,Jaipur,4006
2025-03-13,Onion,Jaipur,4014
2025-03-14,Onion,Jaipur,4000
2025-03-15,Onion,Jaipur,3997
2025-03-16,Onion,Jaipur,4004
2025-03-17,Onion,Jaipur,4006
2025-03-18,Onion,Jaipur,4013
2025-03-19,Onion,Jaipur,4010
2025-03-20,Onion,Jaipur,3990
2025-03-21,Onion,Jaipur,3998
2025-03-22,Onion,Jaipur,3986
2025-03-23,Onion,Jaipur,3995
2025-03-24,Onion,Jaipur,3987
2025-03-25,Onion,Jaipur,4005
2025-03-26,Onion,Jaipur,4011
2025-03-27,Onion,Jaipur,3991
2025-03-28,Onion,Jaipur,4002
2025-03-29,Onion,Jaipur,3987
2025-03-30,Onion,Jaipur,3984
2025-03-31,Onion,Jaipur,3992
2025-04-01,Onion,Jaipur,4004
2025-04-02,Onion,Jaipur,4028
2025-04-03,Onion,Jaipur,4017
2025-04-04,Onion,Jaipur,4003
2025-04-05,Onion,Jaipur,4025
2025-04-06,Onion,Jaipur,4044
2025-04-07,Onion,Jaipur,4025
2025-04-08,Onion,Jaipur,4011
2025-04-09,Onion,Jaipur,4030
2025-04-10,Onion,Jaipur,4040
2025-04-11,Onion,Jaipur,4044
2025-04-12,Onion,Jaipur,4059
2025-04-13,Onion,Jaipur,4065
2025-04-14,Onion,Jaipur,4059
2025-04-15,Onion,Jaipur,4040
2025-04-16,Onion,Jaipur,4051
2025-04-17,Onion,Jaipur,4034
2025-04-18,Onion,Jaipur,4051
2025-04-19,Onion,Jaipur,4075
2025-04-20,Onion,Jaipur,4055
2025-04-21,Onion,Jaipur,4080
2025-04-22,Onion,Jaipur,4089
2025-04-23,Onion,Jaipur,4087
2025-04-24,Onion,Jaipur,4080
2025-04-25,Onion,Jaipur,4105
2025-04-26,Onion,Jaipur,4102
2025-04-27,Onion,Jaipur,4124
2025-04-28,Onion,Jaipur,4110
2025-04-29,Onion,Jaipur,4108
2025-04-30,Onion,Jaipur,4131
2025-05-01,Onion,Jaipur,4118
2025-05-02,Onion,Jaipur,4105
2025-05-03,Onion,Jaipur,4119
2025-05-04,Onion,Jaipur,4110
2025-05-05,Onion,Jaipur,4116
2025-05-06,Onion,Jaipur,4109
2025-05-07,Onion,Jaipur,4119
2025-05-08,Onion,Jaipur,4105
2025-05-09,Onion,Jaipur,4126
2025-05-10,Onion,Jaipur,4109
2025-05-11,Onion,Jaipur,4097
2025-05-12,Onion,Jaipur,4110
2025-05-13,Onion,Jaipur,4127
2025-05-14,Onion,Jaipur,4147
2025-05-15,Onion,Jaipur,4168
2025-05-16,Onion,Jaipur,4160
2025-05-17,Onion,Jaipur,4178
2025-05-18,Onion,Jaipur,4158
2025-05-19,Onion,Jaipur,4182
2025-05-20,Onion,Jaipur,4183
2025-05-21,Onion,Jaipur,4189
2025-05-22,Onion,Jaipur,4211
2025-05-23,Onion,Jaipur,4209
2025-05-24,Onion,Jaipur,4212
2025-05-25,Onion,Jaipur,4231
2025-05-26,Onion,Jaipur,4214
2025-05-27,Onion,Jaipur,4210
2025-05-28,Onion,Jaipur,4219
2025-05-29,Onion,Jaipur,4241
2025-05-30,Onion,Jaipur,4237
2025-05-31,Onion,Jaipur,4231
2025-06-01,Onion,Jaipur,4215
2025-06-02,Onion,Jaipur,4222
2025-06-03,Onion,Jaipur,4235
2025-06-04,Onion,Jaipur,4216
2025-06-05,Onion,Jaipur,4238
2025-06-06,Onion,Jaipur,4260
2025-06-07,Onion,Jaipur,4268
2025-06-08,Onion,Jaipur,4251
2025-06-09,Onion,Jaipur,4251
2025-06-10,Onion,Jaipur,4234
2025-06-11,Onion,Jaipur,4251
2025-06-12,Onion,Jaipur,4244
2025-06-13,Onion,Jaipur,4263
2025-06-14,Onion,Jaipur,4288
2025-06-15,Onion,Jaipur,4287
2025-06-16,Onion,Jaipur,4277
2025-06-17,Onion,Jaipur,4257
2025-06-18,Onion,Jaipur,4248
2025-06-19,Onion,Jaipur,4251
2025-06-20,Onion,Jaipur,4272
2025-06-21,Onion,Jaipur,4285
2025-06-22,Onion,Jaipur,4278
2025-06-23,Onion,Jaipur,4274
2025-06-24,Onion,Jaipur,4265
2025-06-25,Onion,Jaipur,4246
2025-06-26,Onion,Jaipur,4246
2025-06-27,Onion,Jaipur,4237
2025-06-28,Onion,Jaipur,4226
2025-06-29,Onion,Jaipur,4215
2025-06-30,Onion,Jaipur,4235
2025-07-01,Onion,Jaipur,4260
2025-07-02,Onion,Jaipur,4280
2025-07-03,Onion,Jaipur,4275
2025-07-04,Onion,Jaipur,4299
2025-07-05,Onion,Jaipur,4280
2025-07-06,Onion,Jaipur,4274
2025-07-07,Onion,Jaipur,4280
2025-07-08,Onion,Jaipur,4298
2025-07-09,Onion,Jaipur,4314
2025-07-10,Onion,Jaipur,4321
2025-07-11,Onion,Jaipur,4311
2025-07-12,Onion,Jaipur,4322
2025-07-13,Onion,Jaipur,4333
2025-07-14,Onion,Jaipur,4345
2025-07-15,Onion,Jaipur,4346
2025-07-16,Onion,Jaipur,4353
2025-07-17,Onion,Jaipur,4378
2025-07-18,Onion,Jaipur,4386
2025-07-19,Onion,Jaipur,4411
2025-07-20,Onion,Jaipur,4405
2025-07-21,Onion,Jaipur,4425
2025-07-22,Onion,Jaipur,4409
2025-07-23,Onion,Jaipur,4424
2025-07-24,Onion,Jaipur,4417
2025-07-25,Onion,Jaipur,4433
2025-07-26,Onion,Jaipur,4447
2025-07-27,Onion,Jaipur,4466
2025-07-28,Onion,Jaipur,4466
2025-07-29,Onion,Jaipur,4462
2025-07-30,Onion,Jaipur,4460
2025-07-31,Onion,Jaipur,4456
2025-08-01,Onion,Jaipur,4456
2025-08-02,Onion,Jaipur,4451
2025-08-03,Onion,Jaipur,4447
2025-08-04,Onion,Jaipur,4442
2025-08-05,Onion,Jaipur,4443
2025-08-06,Onion,Jaipur,4457
2025-08-07,Onion,Jaipur,4456
2025-08-08,Onion,Jaipur,4452
2025-08-09,Onion,Jaipur,4443
2025-08-10,Onion,Jaipur,4452
2025-08-11,Onion,Jaipur,4439
2025-08-12,Onion,Jaipur,4458
2025-08-13,Onion,Jaipur,4456
2025-08-14,Onion,Jaipur,4475
2025-08-15,Onion,Jaipur,4493
2025-08-16,Onion,Jaipur,4504
2025-08-17,Onion,Jaipur,4513
2025-08-18,Onion,Jaipur,4530
2025-08-19,Onion,Jaipur,4552
2025-08-20,Onion,Jaipur,4571
2025-08-21,Onion,Jaipur,4560
2025-08-22,Onion,Jaipur,4572
2025-08-23,Onion,Jaipur,4585
2025-08-24,Onion,Jaipur,4583
2025-08-25,Onion,Jaipur,4573
2025-08-26,Onion,Jaipur,4588
2025-08-27,Onion,Jaipur,4585
2025-08-28,Onion,Jaipur,4573
2025-08-29,Onion,Jaipur,4566
2025-08-30,Onion,Jaipur,4568
2025-08-31,Onion,Jaipur,4565
2025-09-01,Onion,Jaipur,4581
2025-09-02,Onion,Jaipur,4580
2025-09-03,Onion,Jaipur,4603
2025-09-04,Onion,Jaipur,4604
2025-09-05,Onion,Jaipur,4611
2025-09-06,Onion,Jaipur,4627
2025-09-07,Onion,Jaipur,4625
2025-09-08,Onion,Jaipur,4634
2025-09-09,Onion,Jaipur,4640
2025-09-10,Onion,Jaipur,4626
2025-09-11,Onion,Jaipur,4640
2025-09-12,Onion,Jaipur,4649
2025-09-13,Onion,Jaipur,4662
2025-09-14,Onion,Jaipur,4679
2025-09-15,Onion,Jaipur,4666
2025-09-16,Onion,Jaipur,4685
2025-09-17,Onion,Jaipur,4691
2025-09-18,Onion,Jaipur,4709
2025-09-19,Onion,Jaipur,4709
2025-09-20,Onion,Jaipur,4713
2025-09-21,Onion,Jaipur,4719
2025-09-22,Onion,Jaipur,4731
2025-09-23,Onion,Jaipur,4715
2025-09-24,Onion,Jaipur,4734
2025-09-25,Onion,Jaipur,4715
2025-09-26,Onion,Jaipur,4732
2025-09-27,Onion,Jaipur,4737
2025-09-28,Onion,Jaipur,4724
2025-09-29,Onion,Jaipur,4743
2025-09-30,Onion,Jaipur,4730
2025-10-01,Onion,Jaipur,4731
2025-10-02,Onion,Jaipur,4722
2025-10-03,Onion,Jaipur,4711
2025-10-04,Onion,Jaipur,4701
2025-10-05,Onion,Jaipur,4709
2025-10-06,Onion,Jaipur,4716
2025-10-07,Onion,Jaipur,4700
2025-10-08,Onion,Jaipur,4708
2025-10-09,Onion,Jaipur,4705
2025-10-10,Onion,Jaipur,4700
2025-10-11,Onion,Jaipur,4717
2025-10-12,Onion,Jaipur,4716
2025-10-13,Onion,Jaipur,4697
2025-10-14,Onion,Jaipur,4687
2025-10-15,Onion,Jaipur,4711
2025-10-16,Onion,Jaipur,4706
2025-10-17,Onion,Jaipur,4691
2025-10-18,Onion,Jaipur,4675
2025-10-19,Onion,Jaipur,4698
2025-10-20,Onion,Jaipur,4712
2025-10-21,Onion,Jaipur,4729
2025-10-22,Onion,Jaipur,4748
2025-10-23,Onion,Jaipur,4757
2025-10-24,Onion,Jaipur,4749
2025-10-25,Onion,Jaipur,4733
2025-10-26,Onion,Jaipur,4752
2025-10-27,Onion,Jaipur,4733
2025-10-28,Onion,Jaipur,4723
2025-10-29,Onion,Jaipur,4732
2025-10-30,Onion,Jaipur,4739
2025-10-31,Onion,Jaipur,4734
2025-11-01,Onion,Jaipur,4722
2025-11-02,Onion,Jaipur,4741
2025-11-03,Onion,Jaipur,4746
2025-11-04,Onion,Jaipur,4752
2025-11-05,Onion,Jaipur,4733
2025-11-06,Onion,Jaipur,4723
2025-11-07,Onion,Jaipur,4748
2025-11-08,Onion,Jaipur,4762
2025-11-09,Onion,Jaipur,4759
2025-11-10,Onion,Jaipur,4747
2025-11-11,Onion,Jaipur,4733
2025-11-12,Onion,Jaipur,4733
2025-11-13,Onion,Jaipur,4714
2025-11-14,Onion,Jaipur,4726
2025-11-15,Onion,Jaipur,4712
2025-11-16,Onion,Jaipur,4707
2025-11-17,Onion,Jaipur,4709
2025-11-18,Onion,Jaipur,4695
2025-11-19,Onion,Jaipur,4717
2025-11-20,Onion,Jaipur,4711
2025-11-21,Onion,Jaipur,4696
2025-11-22,Onion,Jaipur,4718
2025-11-23,Onion,Jaipur,4738
2025-11-24,Onion,Jaipur,4761
2025-11-25,Onion,Jaipur,4781
2025-11-26,Onion,Jaipur,4791
2025-11-27,Onion,Jaipur,4797
2025-11-28,Onion,Jaipur,4784
2025-11-29,Onion,Jaipur,4786
2025-11-30,Onion,Jaipur,4786
2025-12-01,Onion,Jaipur,4766
2025-12-02,Onion,Jaipur,4772
2025-12-03,Onion,Jaipur,4774
2025-12-04,Onion,Jaipur,4791
2025-12-05,Onion,Jaipur,4805
2025-12-06,Onion,Jaipur,4830
2025-12-07,Onion,Jaipur,4825
2025-12-08,Onion,Jaipur,4843
2025-12-09,Onion,Jaipur,4853
2025-12-10,Onion,Jaipur,4853
2025-12-11,Onion,Jaipur,4870
2025-12-12,Onion,Jaipur,4889
2025-12-13,Onion,Jaipur,4898
2025-12-14,Onion,Jaipur,4899
2025-12-15,Onion,Jaipur,4903
2025-12-16,Onion,Jaipur,4920
2025-12-17,Onion,Jaipur,4907
2025-12-18,Onion,Jaipur,4888
2025-12-19,Onion,Jaipur,4892
2025-12-20,Onion,Jaipur,4901
2025-12-21,Onion,Jaipur,4891
2025-12-22,Onion,Jaipur,4916
2025-12-23,Onion,Jaipur,4932
2025-12-24,Onion,Jaipur,4942
2025-12-25,Onion,Jaipur,4952
2025-12-26,Onion,Jaipur,4975
2025-12-27,Onion,Jaipur,4996
2025-12-28,Onion,Jaipur,4991
2025-12-29,Onion,Jaipur,5009
2025-12-30,Onion,Jaipur,5029
2025-12-31,Onion,Jaipur,5023
2024-01-01,Tomato,Pune,2447
2024-01-02,Tomato,Pune,2428
2024-01-03,Tomato,Pune,2442
2024-01-04,Tomato,Pune,2449
2024-01-05,Tomato,Pune,2470
2024-01-06,Tomato,Pune,2466
2024-01-07,Tomato,Pune,2456
2024-01-08,Tomato,Pune,2460
2024-01-09,Tomato,Pune,2458
2024-01-10,Tomato,Pune,2441
2024-01-11,Tomato,Pune,2424
2024-01-12,Tomato,Pune,2423
2024-01-13,Tomato,Pune,2422
2024-01-14,Tomato,Pune,2420
2024-01-15,Tomato,Pune,2409
2024-01-16,Tomato,Pune,2426
2024-01-17,Tomato,Pune,2419
2024-01-18,Tomato,Pune,2415
2024-01-19,Tomato,Pune,2408
2024-01-20,Tomato,Pune,2391
2024-01-21,Tomato,Pune,2402
2024-01-22,Tomato,Pune,2389
2024-01-23,Tomato,Pune,2383
2024-01-24,Tomato,Pune,2407
2024-01-25,Tomato,Pune,2421
2024-01-26,Tomato,Pune,2422
2024-01-27,Tomato,Pune,2430
2024-01-28,Tomato,Pune,2452
2024-01-29,Tomato,Pune,2450
2024-01-30,Tomato,Pune,2466
2024-01-31,Tomato,Pune,2463
2024-02-01,Tomato,Pune,2457
2024-02-02,Tomato,Pune,2472
2024-02-03,Tomato,Pune,2462
2024-02-04,Tomato,Pune,2451
2024-02-05,Tomato,Pune,2459
2024-02-06,Tomato,Pune,2466
2024-02-07,Tomato,Pune,2460
2024-02-08,Tomato,Pune,2452
2024-02-09,Tomato,Pune,2452
2024-02-10,Tomato,Pune,2436
2024-02-11,Tomato,Pune,2449
2024-02-12,Tomato,Pune,2462
2024-02-13,Tomato,Pune,2443
2024-02-14,Tomato,Pune,2444
2024-02-15,Tomato,Pune,2466
2024-02-16,Tomato,Pune,2479
2024-02-17,Tomato,Pune,2485
2024-02-18,Tomato,Pune,2497
2024-02-19,Tomato,Pune,2521
2024-02-20,Tomato,Pune,2544
2024-02-21,Tomato,Pune,2553
2024-02-22,Tomato,Pune,2565
2024-02-23,Tomato,Pune,2590
2024-02-24,Tomato,Pune,2597
2024-02-25,Tomato,Pune,2617
2024-02-26,Tomato,Pune,2603
2024-02-27,Tomato,Pune,2604
2024-02-28,Tomato,Pune,2602
2024-02-29,Tomato,Pune,2615
2024-03-01,Tomato,Pune,2603
2024-03-02,Tomato,Pune,2603
2024-03-03,Tomato,Pune,2589
2024-03-04,Tomato,Pune,2576
2024-03-05,Tomato,Pune,2581
2024-03-06,Tomato,Pune,2589
2024-03-07,Tomato,Pune,2576
2024-03-08,Tomato,Pune,2586
2024-03-09,Tomato,Pune,2602
2024-03-10,Tomato,Pune,2609
2024-03-11,Tomato,Pune,2598
2024-03-12,Tomato,Pune,2618
2024-03-13,Tomato,Pune,2628
2024-03-14,Tomato,Pune,2627
2024-03-15,Tomato,Pune,2640
2024-03-16,Tomato,Pune,2625
2024-03-17,Tomato,Pune,2605
2024-03-18,Tomato,Pune,2614
2024-03-19,Tomato,Pune,2625
2024-03-20,Tomato,Pune,2639
2024-03-21,Tomato,Pune,2630
2024-03-22,Tomato,Pune,2616
2024-03-23,Tomato,Pune,2606
2024-03-24,Tomato,Pune,2620
2024-03-25,Tomato,Pune,2643
2024-03-26,Tomato,Pune,2655
2024-03-27,Tomato,Pune,2641
2024-03-28,Tomato,Pune,2636
2024-03-29,Tomato,Pune,2620
2024-03-30,Tomato,Pune,2644
2024-03-31,Tomato,Pune,2645
2024-04-01,Tomato,Pune,2651
2024-04-02,Tomato,Pune,2634
2024-04-03,Tomato,Pune,2628
2024-04-04,Tomato,Pune,2634
2024-04-05,Tomato,Pune,2634
2024-04-06,Tomato,Pune,2642
2024-04-07,Tomato,Pune,2652
2024-04-08,Tomato,Pune,2644
2024-04-09,Tomato,Pune,2628
2024-04-10,Tomato,Pune,2643
2024-04-11,Tomato,Pune,2645
2024-04-12,Tomato,Pune,2625
2024-04-13,Tomato,Pune,2607
2024-04-14,Tomato,Pune,2610
2024-04-15,Tomato,Pune,2605
2024-04-16,Tomato,Pune,2616
2024-04-17,Tomato,Pune,2621
2024-04-18,Tomato,Pune,2618
2024-04-19,Tomato,Pune,2628
2024-04-20,Tomato,Pune,2616
2024-04-21,Tomato,Pune,2622
2024-04-22,Tomato,Pune,2632
2024-04-23,Tomato,Pune,2622
2024-04-24,Tomato,Pune,2604
2024-04-25,Tomato,Pune,2607
2024-04-26,Tomato,Pune,2604
2024-04-27,Tomato,Pune,2592
2024-04-28,Tomato,Pune,2587
2024-04-29,Tomato,Pune,2612
2024-04-30,Tomato,Pune,2594
2024-05-01,Tomato,Pune,2584
2024-05-02,Tomato,Pune,2579
2024-05-03,Tomato,Pune,2581
2024-05-04,Tomato,Pune,2580
2024-05-05,Tomato,Pune,2595
2024-05-06,Tomato,Pune,2606
2024-05-07,Tomato,Pune,2605
2024-05-08,Tomato,Pune,2624
2024-05-09,Tomato,Pune,2634
2024-05-10,Tomato,Pune,2617
2024-05-11,Tomato,Pune,2631
2024-05-12,Tomato,Pune,2611
2024-05-13,Tomato,Pune,2625
2024-05-14,Tomato,Pune,2629
2024-05-15,Tomato,Pune,2630
2024-05-16,Tomato,Pune,2650
2024-05-17,Tomato,Pune,2659
2024-05-18,Tomato,Pune,2645
2024-05-19,Tomato,Pune,2647
2024-05-20,Tomato,Pune,2632
2024-05-21,Tomato,Pune,2638
2024-05-22,Tomato,Pune,2658
2024-05-23,Tomato,Pune,2664
2024-05-24,Tomato,Pune,2675
2024-05-25,Tomato,Pune,2685
2024-05-26,Tomato,Pune,2701
2024-05-27,Tomato,Pune,2714
2024-05-28,Tomato,Pune,2727
2024-05-29,Tomato,Pune,2713
2024-05-30,Tomato,Pune,2730
2024-05-31,Tomato,Pune,2719
2024-06-01,Tomato,Pune,2716
2024-06-02,Tomato,Pune,2715
2024-06-03,Tomato,Pune,2719
2024-06-04,Tomato,Pune,2744
2024-06-05,Tomato,Pune,2761
2024-06-06,Tomato,Pune,2773
2024-06-07,Tomato,Pune,2782
2024-06-08,Tomato,Pune,2799
2024-06-09,Tomato,Pune,2786
2024-06-10,Tomato,Pune,2775
2024-06-11,Tomato,Pune,2775
2024-06-12,Tomato,Pune,2774
2024-06-13,Tomato,Pune,2762
2024-06-14,Tomato,Pune,2757
2024-06-15,Tomato,Pune,2782
2024-06-16,Tomato,Pune,2777
2024-06-17,Tomato,Pune,2779
2024-06-18,Tomato,Pune,2786
2024-06-19,Tomato,Pune,2789
2024-06-20,Tomato,Pune,2802
2024-06-21,Tomato,Pune,2801
2024-06-22,Tomato,Pune,2799
2024-06-23,Tomato,Pune,2813
2024-06-24,Tomato,Pune,2808
2024-06-25,Tomato,Pune,2819
2024-06-26,Tomato,Pune,2820
2024-06-27,Tomato,Pune,2842
2024-06-28,Tomato,Pune,2858
2024-06-29,Tomato,Pune,2868
2024-06-30,Tomato,Pune,2892
2024-07-01,Tomato,Pune,2876
2024-07-02,Tomato,Pune,2860
2024-07-03,Tomato,Pune,2876
2024-07-04,Tomato,Pune,2870
2024-07-05,Tomato,Pune,2856
2024-07-06,Tomato,Pune,2859
2024-07-07,Tomato,Pune,2856
2024-07-08,Tomato,Pune,2854
2024-07-09,Tomato,Pune,2846
2024-07-10,Tomato,Pune,2843
2024-07-11,Tomato,Pune,2826
2024-07-12,Tomato,Pune,2851
2024-07-13,Tomato,Pune,2845
2024-07-14,Tomato,Pune,2829
2024-07-15,Tomato,Pune,2810
2024-07-16,Tomato,Pune,2790
2024-07-17,Tomato,Pune,2786
2024-07-18,Tomato,Pune,2794
2024-07-19,Tomato,Pune,2818
2024-07-20,Tomato,Pune,2819
2024-07-21,Tomato,Pune,2837
2024-07-22,Tomato,Pune,2831
2024-07-23,Tomato,Pune,2850
2024-07-24,Tomato,Pune,2852
2024-07-25,Tomato,Pune,2860
2024-07-26,Tomato,Pune,2847
2024-07-27,Tomato,Pune,2852
2024-07-28,Tomato,Pune,2841
2024-07-29,Tomato,Pune,2828
2024-07-30,Tomato,Pune,2848
2024-07-31,Tomato,Pune,2841
2024-08-01,Tomato,Pune,2864
2024-08-02,Tomato,Pune,2849
2024-08-03,Tomato,Pune,2836
2024-08-04,Tomato,Pune,2823
2024-08-05,Tomato,Pune,2821
2024-08-06,Tomato,Pune,2824
2024-08-07,Tomato,Pune,2842
2024-08-08,Tomato,Pune,2858
2024-08-09,Tomato,Pune,2852
2024-08-10,Tomato,Pune,2833
2024-08-11,Tomato,Pune,2850
2024-08-12,Tomato,Pune,2839
2024-08-13,Tomato,Pune,2821
2024-08-14,Tomato,Pune,2825
2024-08-15,Tomato,Pune,2835
2024-08-16,Tomato,Pune,2849
2024-08-17,Tomato,Pune,2871
2024-08-18,Tomato,Pune,2877
2024-08-19,Tomato,Pune,2901
2024-08-20,Tomato,Pune,2894
2024-08-21,Tomato,Pune,2889
2024-08-22,Tomato,Pune,2889
2024-08-23,Tomato,Pune,2870
2024-08-24,Tomato,Pune,2866
2024-08-25,Tomato,Pune,2870
2024-08-26,Tomato,Pune,2889
2024-08-27,Tomato,Pune,2890
2024-08-28,Tomato,Pune,2914
2024-08-29,Tomato,Pune,2934
2024-08-30,Tomato,Pune,2938
2024-08-31,Tomato,Pune,2934
2024-09-01,Tomato,Pune,2921
2024-09-02,Tomato,Pune,2902
2024-09-03,Tomato,Pune,2915
2024-09-04,Tomato,Pune,2902
2024-09-05,Tomato,Pune,2912
2024-09-06,Tomato,Pune,2937
2024-09-07,Tomato,Pune,2923
2024-09-08,Tomato,Pune,2923
2024-09-09,Tomato,Pune,2911
2024-09-10,Tomato,Pune,2931
2024-09-11,Tomato,Pune,2936
2024-09-12,Tomato,Pune,2941
2024-09-13,Tomato,Pune,2933
2024-09-14,Tomato,Pune,2946
2024-09-15,Tomato,Pune,2952
2024-09-16,Tomato,Pune,2948
2024-09-17,Tomato,Pune,2960
2024-09-18,Tomato,Pune,2948
2024-09-19,Tomato,Pune,2940
2024-09-20,Tomato,Pune,2924
2024-09-21,Tomato,Pune,2922
2024-09-22,Tomato,Pune,2941
2024-09-23,Tomato,Pune,2948
2024-09-24,Tomato,Pune,2934
2024-09-25,Tomato,Pune,2945
2024-09-26,Tomato,Pune,2947
2024-09-27,Tomato,Pune,2968
2024-09-28,Tomato,Pune,2953
2024-09-29,Tomato,Pune,2972
2024-09-30,Tomato,Pune,2971
2024-10-01,Tomato,Pune,2956
2024-10-02,Tomato,Pune,2964
2024-10-03,Tomato,Pune,2953
2024-10-04,Tomato,Pune,2963
2024-10-05,Tomato,Pune,2984
2024-10-06,Tomato,Pune,2967
2024-10-07,Tomato,Pune,2988
2024-10-08,Tomato,Pune,2980
2024-10-09,Tomato,Pune,2966
2024-10-10,Tomato,Pune,2973
2024-10-11,Tomato,Pune,2959
2024-10-12,Tomato,Pune,2969
2024-10-13,Tomato,Pune,2976
2024-10-14,Tomato,Pune,2973
2024-10-15,Tomato,Pune,2954
2024-10-16,Tomato,Pune,2957
2024-10-17,Tomato,Pune,2940
2024-10-18,Tomato,Pune,2956
2024-10-19,Tomato,Pune,2952
2024-10-20,Tomato,Pune,2957
2024-10-21,Tomato,Pune,2938
2024-10-22,Tomato,Pune,2945
2024-10-23,Tomato,Pune,2934
2024-10-24,Tomato,Pune,2935
2024-10-25,Tomato,Pune,2958
2024-10-26,Tomato,Pune,2969
2024-10-27,Tomato,Pune,2974
2024-10-28,Tomato,Pune,2982
2024-10-29,Tomato,Pune,2972
2024-10-30,Tomato,Pune,2980
2024-10-31,Tomato,Pune,2999
2024-11-01,Tomato,Pune,2980
2024-11-02,Tomato,Pune,2997
2024-11-03,Tomato,Pune,2980
2024-11-04,Tomato,Pune,2960
2024-11-05,Tomato,Pune,2985
2024-11-06,Tomato,Pune,2980
2024-11-07,Tomato,Pune,2965
2024-11-08,Tomato,Pune,2962
2024-11-09,Tomato,Pune,2955
2024-11-10,Tomato,Pune,2938
2024-11-11,Tomato,Pune,2960
2024-11-12,Tomato,Pune,2971
2024-11-13,Tomato,Pune,2953
2024-11-14,Tomato,Pune,2953
2024-11-15,Tomato,Pune,2936
2024-11-16,Tomato,Pune,2961
2024-11-17,Tomato,Pune,2943
2024-11-18,Tomato,Pune,2941
2024-11-19,Tomato,Pune,2956
2024-11-20,Tomato,Pune,2958
2024-11-21,Tomato,Pune,2960
2024-11-22,Tomato,Pune,2957
2024-11-23,Tomato,Pune,2943
2024-11-24,Tomato,Pune,2952
2024-11-25,Tomato,Pune,2952
2024-11-26,Tomato,Pune,2938
2024-11-27,Tomato,Pune,2931
2024-11-28,Tomato,Pune,2922
2024-11-29,Tomato,Pune,2921
2024-11-30,Tomato,Pune,2908
2024-12-01,Tomato,Pune,2896
2024-12-02,Tomato,Pune,2877
2024-12-03,Tomato,Pune,2859
2024-12-04,Tomato,Pune,2865
2024-12-05,Tomato,Pune,2886
2024-12-06,Tomato,Pune,2892
2024-12-07,Tomato,Pune,2911
2024-12-08,Tomato,Pune,2924
2024-12-09,Tomato,Pune,2912
2024-12-10,Tomato,Pune,2919
2024-12-11,Tomato,Pune,2927
2024-12-12,Tomato,Pune,2907
2024-12-13,Tomato,Pune,2900
2024-12-14,Tomato,Pune,2883
2024-12-15,Tomato,Pune,2888
2024-12-16,Tomato,Pune,2904
2024-12-17,Tomato,Pune,2892
2024-12-18,Tomato,Pune,2876
2024-12-19,Tomato,Pune,2895
2024-12-20,Tomato,Pune,2882
2024-12-21,Tomato,Pune,2875
2024-12-22,Tomato,Pune,2856
2024-12-23,Tomato,Pune,2849
2024-12-24,Tomato,Pune,2872
2024-12-25,Tomato,Pune,2855
2024-12-26,Tomato,Pune,2867
2024-12-27,Tomato,Pune,2855
2024-12-28,Tomato,Pune,2840
2024-12-29,Tomato,Pune,2857
2024-12-30,Tomato,Pune,2877
2024-12-31,Tomato,Pune,2862
2025-01-01,Tomato,Pune,2843
2025-01-02,Tomato,Pune,2834
2025-01-03,Tomato,Pune,2852
2025-01-04,Tomato,Pune,2867
2025-01-05,Tomato,Pune,2851
2025-01-06,Tomato,Pune,2870
2025-01-07,Tomato,Pune,2886
2025-01-08,Tomato,Pune,2866
2025-01-09,Tomato,Pune,2875
2025-01-10,Tomato,Pune,2879
2025-01-11,Tomato,Pune,2879
2025-01-12,Tomato,Pune,2875
2025-01-13,Tomato,Pune,2862
2025-01-14,Tomato,Pune,2851
2025-01-15,Tomato,Pune,2842
2025-01-16,Tomato,Pune,2835
2025-01-17,Tomato,Pune,2844
2025-01-18,Tomato,Pune,2840
2025-01-19,Tomato,Pune,2860
2025-01-20,Tomato,Pune,2852
2025-01-21,Tomato,Pune,2876
2025-01-22,Tomato,Pune,2881
2025-01-23,Tomato,Pune,2885
2025-01-24,Tomato,Pune,2873
2025-01-25,Tomato,Pune,2859
2025-01-26,Tomato,Pune,2843
2025-01-27,Tomato,Pune,2861
2025-01-28,Tomato,Pune,2879
2025-01-29,Tomato,Pune,2867
2025-01-30,Tomato,Pune,2857
2025-01-31,Tomato,Pune,2865
2025-02-01,Tomato,Pune,2859
2025-02-02,Tomato,Pune,2883
2025-02-03,Tomato,Pune,2879
2025-02-04,Tomato,Pune,2867
2025-02-05,Tomato,Pune,2861
2025-02-06,Tomato,Pune,2876
2025-02-07,Tomato,Pune,2857
2025-02-08,Tomato,Pune,2842
2025-02-09,Tomato,Pune,2848
2025-02-10,Tomato,Pune,2864
2025-02-11,Tomato,Pune,2856
2025-02-12,Tomato,Pune,2870
2025-02-13,Tomato,Pune,2864
2025-02-14,Tomato,Pune,2869
2025-02-15,Tomato,Pune,2881
2025-02-16,Tomato,Pune,2896
2025-02-17,Tomato,Pune,2909
2025-02-18,Tomato,Pune,2898
2025-02-19,Tomato,Pune,2919
2025-02-20,Tomato,Pune,2927
2025-02-21,Tomato,Pune,2910
2025-02-22,Tomato,Pune,2933
2025-02-23,Tomato,Pune,2924
2025-02-24,Tomato,Pune,2926
2025-02-25,Tomato,Pune,2947
2025-02-26,Tomato,Pune,2954
2025-02-27,Tomato,Pune,2939
2025-02-28,Tomato,Pune,2933
2025-03-01,Tomato,Pune,2951
2025-03-02,Tomato,Pune,2974
2025-03-03,Tomato,Pune,2985
2025-03-04,Tomato,Pune,2983
2025-03-05,Tomato,Pune,2975
2025-03-06,Tomato,Pune,2984
2025-03-07,Tomato,Pune,2980
2025-03-08,Tomato,Pune,2988
2025-03-09,Tomato,Pune,3005
2025-03-10,Tomato,Pune,3014
2025-03-11,Tomato,Pune,3017
2025-03-12,Tomato,Pune,3001
2025-03-13,Tomato,Pune,3009
2025-03-14,Tomato,Pune,3029
2025-03-15,Tomato,Pune,3050
2025-03-16,Tomato,Pune,3040
2025-03-17,Tomato,Pune,3032
2025-03-18,Tomato,Pune,3055
2025-03-19,Tomato,Pune,3056
2025-03-20,Tomato,Pune,3054
2025-03-21,Tomato,Pune,3069
2025-03-22,Tomato,Pune,3083
2025-03-23,Tomato,Pune,3083
2025-03-24,Tomato,Pune,3099
2025-03-25,Tomato,Pune,3122
2025-03-26,Tomato,Pune,3132
2025-03-27,Tomato,Pune,3113
2025-03-28,Tomato,Pune,3135
2025-03-29,Tomato,Pune,3141
2025-03-30,Tomato,Pune,3146
2025-03-31,Tomato,Pune,3155
2025-04-01,Tomato,Pune,3160
2025-04-02,Tomato,Pune,3172
2025-04-03,Tomato,Pune,3153
2025-04-04,Tomato,Pune,3150
2025-04-05,Tomato,Pune,3153
2025-04-06,Tomato,Pune,3138
2025-04-07,Tomato,Pune,3131
2025-04-08,Tomato,Pune,3156
2025-04-09,Tomato,Pune,3171
2025-04-10,Tomato,Pune,3153
2025-04-11,Tomato,Pune,3142
2025-04-12,Tomato,Pune,3122
2025-04-13,Tomato,Pune,3119
2025-04-14,Tomato,Pune,3111
2025-04-15,Tomato,Pune,3127
2025-04-16,Tomato,Pune,3145
2025-04-17,Tomato,Pune,3155
2025-04-18,Tomato,Pune,3175
2025-04-19,Tomato,Pune,3189
2025-04-20,Tomato,Pune,3187
2025-04-21,Tomato,Pune,3198
2025-04-22,Tomato,Pune,3204
2025-04-23,Tomato,Pune,3209
2025-04-24,Tomato,Pune,3215
2025-04-25,Tomato,Pune,3222
2025-04-26,Tomato,Pune,3246
2025-04-27,Tomato,Pune,3252
2025-04-28,Tomato,Pune,3240
2025-04-29,Tomato,Pune,3258
2025-04-30,Tomato,Pune,3257
2025-05-01,Tomato,Pune,3266
2025-05-02,Tomato,Pune,3277
2025-05-03,Tomato,Pune,3272
2025-05-04,Tomato,Pune,3263
2025-05-05,Tomato,Pune,3274
2025-05-06,Tomato,Pune,3255
2025-05-07,Tomato,Pune,3237
2025-05-08,Tomato,Pune,3223
2025-05-09,Tomato,Pune,3223
2025-05-10,Tomato,Pune,3210
2025-05-11,Tomato,Pune,3203
2025-05-12,Tomato,Pune,3214
2025-05-13,Tomato,Pune,3220
2025-05-14,Tomato,Pune,3238
2025-05-15,Tomato,Pune,3228
2025-05-16,Tomato,Pune,3220
2025-05-17,Tomato,Pune,3231
2025-05-18,Tomato,Pune,3242
2025-05-19,Tomato,Pune,3224
2025-05-20,Tomato,Pune,3226
2025-05-21,Tomato,Pune,3210
2025-05-22,Tomato,Pune,3233
2025-05-23,Tomato,Pune,3254
2025-05-24,Tomato,Pune,3235
2025-05-25,Tomato,Pune,3233
2025-05-26,Tomato,Pune,3216
2025-05-27,Tomato,Pune,3196
2025-05-28,Tomato,Pune,3181
2025-05-29,Tomato,Pune,3200
2025-05-30,Tomato,Pune,3224
2025-05-31,Tomato,Pune,3231
2025-06-01,Tomato,Pune,3211
2025-06-02,Tomato,Pune,3230
2025-06-03,Tomato,Pune,3253
2025-06-04,Tomato,Pune,3276
2025-06-05,Tomato,Pune,3270
2025-06-06,Tomato,Pune,3264
2025-06-07,Tomato,Pune,3274
2025-06-08,Tomato,Pune,3271
2025-06-09,Tomato,Pune,3255
2025-06-10,Tomato,Pune,3278
2025-06-11,Tomato,Pune,3298
2025-06-12,Tomato,Pune,3301
2025-06-13,Tomato,Pune,3320
2025-06-14,Tomato,Pune,3310
2025-06-15,Tomato,Pune,3297
2025-06-16,Tomato,Pune,3303
2025-06-17,Tomato,Pune,3312
2025-06-18,Tomato,Pune,3321
2025-06-19,Tomato,Pune,3314
2025-06-20,Tomato,Pune,3338
2025-06-21,Tomato,Pune,3320
2025-06-22,Tomato,Pune,3303
2025-06-23,Tomato,Pune,3322
2025-06-24,Tomato,Pune,3338
2025-06-25,Tomato,Pune,3348
2025-06-26,Tomato,Pune,3359
2025-06-27,Tomato,Pune,3360
2025-06-28,Tomato,Pune,3380
2025-06-29,Tomato,Pune,3397
2025-06-30,Tomato,Pune,3400
2025-07-01,Tomato,Pune,3395
2025-07-02,Tomato,Pune,3402
2025-07-03,Tomato,Pune,3390
2025-07-04,Tomato,Pune,3375
2025-07-05,Tomato,Pune,3355
2025-07-06,Tomato,Pune,3346
2025-07-07,Tomato,Pune,3327
2025-07-08,Tomato,Pune,3315
2025-07-09,Tomato,Pune,3323
2025-07-10,Tomato,Pune,3341
2025-07-11,Tomato,Pune,3345
2025-07-12,Tomato,Pune,3360
2025-07-13,Tomato,Pune,3353
2025-07-14,Tomato,Pune,3377
2025-07-15,Tomato,Pune,3372
2025-07-16,Tomato,Pune,3365
2025-07-17,Tomato,Pune,3361
2025-07-18,Tomato,Pune,3347
2025-07-19,Tomato,Pune,3370
2025-07-20,Tomato,Pune,3393
2025-07-21,Tomato,Pune,3414
2025-07-22,Tomato,Pune,3407
2025-07-23,Tomato,Pune,3420
2025-07-24,Tomato,Pune,3405
2025-07-25,Tomato,Pune,3391
2025-07-26,Tomato,Pune,3408
2025-07-27,Tomato,Pune,3402
2025-07-28,Tomato,Pune,3390
2025-07-29,Tomato,Pune,3399
2025-07-30,Tomato,Pune,3381
2025-07-31,Tomato,Pune,3392
2025-08-01,Tomato,Pune,3406
2025-08-02,Tomato,Pune,3388
2025-08-03,Tomato,Pune,3410
2025-08-04,Tomato,Pune,3411
2025-08-05,Tomato,Pune,3393
2025-08-06,Tomato,Pune,3405
2025-08-07,Tomato,Pune,3387
2025-08-08,Tomato,Pune,3407
2025-08-09,Tomato,Pune,3405
2025-08-10,Tomato,Pune,3404
2025-08-11,Tomato,Pune,3390
2025-08-12,Tomato,Pune,3384
2025-08-13,Tomato,Pune,3402
2025-08-14,Tomato,Pune,3421
2025-08-15,Tomato,Pune,3426
2025-08-16,Tomato,Pune,3433
2025-08-17,Tomato,Pune,3427
2025-08-18,Tomato,Pune,3410
2025-08-19,Tomato,Pune,3420
2025-08-20,Tomato,Pune,3410
2025-08-21,Tomato,Pune,3417
2025-08-22,Tomato,Pune,3401
2025-08-23,Tomato,Pune,3406
2025-08-24,Tomato,Pune,3428
2025-08-25,Tomato,Pune,3440
2025-08-26,Tomato,Pune,3464
2025-08-27,Tomato,Pune,3480
2025-08-28,Tomato,Pune,3466
2025-08-29,Tomato,Pune,3474
2025-08-30,Tomato,Pune,3473
2025-08-31,Tomato,Pune,3466
2025-09-01,Tomato,Pune,3465
2025-09-02,Tomato,Pune,3457
2025-09-03,Tomato,Pune,3453
2025-09-04,Tomato,Pune,3450
2025-09-05,Tomato,Pune,3435
2025-09-06,Tomato,Pune,3459
2025-09-07,Tomato,Pune,3465
2025-09-08,Tomato,Pune,3474
2025-09-09,Tomato,Pune,3463
2025-09-10,Tomato,Pune,3448
2025-09-11,Tomato,Pune,3433
2025-09-12,Tomato,Pune,3440
2025-09-13,Tomato,Pune,3429
2025-09-14,Tomato,Pune,3453
2025-09-15,Tomato,Pune,3474
2025-09-16,Tomato,Pune,3462
2025-09-17,Tomato,Pune,3486
2025-09-18,Tomato,Pune,3472
2025-09-19,Tomato,Pune,3467
2025-09-20,Tomato,Pune,3460
2025-09-21,Tomato,Pune,3466
2025-09-22,Tomato,Pune,3471
2025-09-23,Tomato,Pune,3468
2025-09-24,Tomato,Pune,3488
2025-09-25,Tomato,Pune,3512
2025-09-26,Tomato,Pune,3501
2025-09-27,Tomato,Pune,3514
2025-09-28,Tomato,Pune,3504
2025-09-29,Tomato,Pune,3526
2025-09-30,Tomato,Pune,3516
2025-10-01,Tomato,Pune,3521
2025-10-02,Tomato,Pune,3541
2025-10-03,Tomato,Pune,3559
2025-10-04,Tomato,Pune,3579
2025-10-05,Tomato,Pune,3577
2025-10-06,Tomato,Pune,3575
2025-10-07,Tomato,Pune,3577
2025-10-08,Tomato,Pune,3584
2025-10-09,Tomato,Pune,3581
2025-10-10,Tomato,Pune,3588
2025-10-11,Tomato,Pune,3602
2025-10-12,Tomato,Pune,3599
2025-10-13,Tomato,Pune,3608
2025-10-14,Tomato,Pune,3633
2025-10-15,Tomato,Pune,3645
2025-10-16,Tomato,Pune,3647
2025-10-17,Tomato,Pune,3649
2025-10-18,Tomato,Pune,3646
2025-10-19,Tomato,Pune,3638
2025-10-20,Tomato,Pune,3622
2025-10-21,Tomato,Pune,3613
2025-10-22,Tomato,Pune,3611
2025-10-23,Tomato,Pune,3609
2025-10-24,Tomato,Pune,3595
2025-10-25,Tomato,Pune,3578
2025-10-26,Tomato,Pune,3598
2025-10-27,Tomato,Pune,3586
2025-10-28,Tomato,Pune,3587
2025-10-29,Tomato,Pune,3605
2025-10-30,Tomato,Pune,3613
2025-10-31,Tomato,Pune,3614
2025-11-01,Tomato,Pune,3597
2025-11-02,Tomato,Pune,3580
2025-11-03,Tomato,Pune,3597
2025-11-04,Tomato,Pune,3589
2025-11-05,Tomato,Pune,3606
2025-11-06,Tomato,Pune,3591
2025-11-07,Tomato,Pune,3586
2025-11-08,Tomato,Pune,3604
2025-11-09,Tomato,Pune,3591
2025-11-10,Tomato,Pune,3575
2025-11-11,Tomato,Pune,3586
2025-11-12,Tomato,Pune,3566
2025-11-13,Tomato,Pune,3557
2025-11-14,Tomato,Pune,3574
2025-11-15,Tomato,Pune,3581
2025-11-16,Tomato,Pune,3565
2025-11-17,Tomato,Pune,3557
2025-11-18,Tomato,Pune,3553
2025-11-19,Tomato,Pune,3571
2025-11-20,Tomato,Pune,3561
2025-11-21,Tomato,Pune,3563
2025-11-22,Tomato,Pune,3551
2025-11-23,Tomato,Pune,3553
2025-11-24,Tomato,Pune,3533
2025-11-25,Tomato,Pune,3556
2025-11-26,Tomato,Pune,3539
2025-11-27,Tomato,Pune,3564
2025-11-28,Tomato,Pune,3580
2025-11-29,Tomato,Pune,3586
2025-11-30,Tomato,Pune,3601
2025-12-01,Tomato,Pune,3585
2025-12-02,Tomato,Pune,3603
2025-12-03,Tomato,Pune,3621
2025-12-04,Tomato,Pune,3632
2025-12-05,Tomato,Pune,3632
2025-12-06,Tomato,Pune,3618
2025-12-07,Tomato,Pune,3621
2025-12-08,Tomato,Pune,3638
2025-12-09,Tomato,Pune,3656
2025-12-10,Tomato,Pune,3655
2025-12-11,Tomato,Pune,3665
2025-12-12,Tomato,Pune,3674
2025-12-13,Tomato,Pune,3664
2025-12-14,Tomato,Pune,3660
2025-12-15,Tomato,Pune,3675
2025-12-16,Tomato,Pune,3676
2025-12-17,Tomato,Pune,3696
2025-12-18,Tomato,Pune,3699
2025-12-19,Tomato,Pune,3716
2025-12-20,Tomato,Pune,3700
2025-12-21,Tomato,Pune,3686
2025-12-22,Tomato,Pune,3671
2025-12-23,Tomato,Pune,3691
2025-12-24,Tomato,Pune,3703
2025-12-25,Tomato,Pune,3709
2025-12-26,Tomato,Pune,3722
2025-12-27,Tomato,Pune,3745
2025-12-28,Tomato,Pune,3740
2025-12-29,Tomato,Pune,3744
2025-12-30,Tomato,Pune,3758
2025-12-31,Tomato,Pune,3756
2024-01-01,Tomato,Mumbai,2442
2024-01-02,Tomato,Mumbai,2445
2024-01-03,Tomato,Mumbai,2431
2024-01-04,Tomato,Mumbai,2451
2024-01-05,Tomato,Mumbai,2462
2024-01-06,Tomato,Mumbai,2449
2024-01-07,Tomato,Mumbai,2440
2024-01-08,Tomato,Mumbai,2442
2024-01-09,Tomato,Mumbai,2454
2024-01-10,Tomato,Mumbai,2452
2024-01-11,Tomato,Mumbai,2441
2024-01-12,Tomato,Mumbai,2452
2024-01-13,Tomato,Mumbai,2438
2024-01-14,Tomato,Mumbai,2450
2024-01-15,Tomato,Mumbai,2444
2024-01-16,Tomato,Mumbai,2453
2024-01-17,Tomato,Mumbai,2433
2024-01-18,Tomato,Mumbai,2428
2024-01-19,Tomato,Mumbai,2434
2024-01-20,Tomato,Mumbai,2437
2024-01-21,Tomato,Mumbai,2426
2024-01-22,Tomato,Mumbai,2416
2024-01-23,Tomato,Mumbai,2422
2024-01-24,Tomato,Mumbai,2431
2024-01-25,Tomato,Mumbai,2441
2024-01-26,Tomato,Mumbai,2421
2024-01-27,Tomato,Mumbai,2416
2024-01-28,Tomato,Mumbai,2428
2024-01-29,Tomato,Mumbai,2418
2024-01-30,Tomato,Mumbai,2426
2024-01-31,Tomato,Mumbai,2436
2024-02-01,Tomato,Mumbai,2461
2024-02-02,Tomato,Mumbai,2456
2024-02-03,Tomato,Mumbai,2437
2024-02-04,Tomato,Mumbai,2448
2024-02-05,Tomato,Mumbai,2454
2024-02-06,Tomato,Mumbai,2472
2024-02-07,Tomato,Mumbai,2482
2024-02-08,Tomato,Mumbai,2477
2024-02-09,Tomato,Mumbai,2496
2024-02-10,Tomato,Mumbai,2497
2024-02-11,Tomato,Mumbai,2510
2024-02-12,Tomato,Mumbai,2507
2024-02-13,Tomato,Mumbai,2508
2024-02-14,Tomato,Mumbai,2507
2024-02-15,Tomato,Mumbai,2494
2024-02-16,Tomato,Mumbai,2501
2024-02-17,Tomato,Mumbai,2515
2024-02-18,Tomato,Mumbai,2508
2024-02-19,Tomato,Mumbai,2509
2024-02-20,Tomato,Mumbai,2523
2024-02-21,Tomato,Mumbai,2513
2024-02-22,Tomato,Mumbai,2522
2024-02-23,Tomato,Mumbai,2532
2024-02-24,Tomato,Mumbai,2545
2024-02-25,Tomato,Mumbai,2538
2024-02-26,Tomato,Mumbai,2531
2024-02-27,Tomato,Mumbai,2542
2024-02-28,Tomato,Mumbai,2540
2024-02-29,Tomato,Mumbai,2542
2024-03-01,Tomato,Mumbai,2522
2024-03-02,Tomato,Mumbai,2512
2024-03-03,Tomato,Mumbai,2535
2024-03-04,Tomato,Mumbai,2518
2024-03-05,Tomato,Mumbai,2510
2024-03-06,Tomato,Mumbai,2492
2024-03-07,Tomato,Mumbai,2478
2024-03-08,Tomato,Mumbai,2466
2024-03-09,Tomato,Mumbai,2473
2024-03-10,Tomato,Mumbai,2475
2024-03-11,Tomato,Mumbai,2488
2024-03-12,Tomato,Mumbai,2509
2024-03-13,Tomato,Mumbai,2494
2024-03-14,Tomato,Mumbai,2477
2024-03-15,Tomato,Mumbai,2491
2024-03-16,Tomato,Mumbai,2495
2024-03-17,Tomato,Mumbai,2488
2024-03-18,Tomato,Mumbai,2502
2024-03-19,Tomato,Mumbai,2519
2024-03-20,Tomato,Mumbai,2502
2024-03-21,Tomato,Mumbai,2526
2024-03-22,Tomato,Mumbai,2537
2024-03-23,Tomato,Mumbai,2543
2024-03-24,Tomato,Mumbai,2554
2024-03-25,Tomato,Mumbai,2539
2024-03-26,Tomato,Mumbai,2563
2024-03-27,Tomato,Mumbai,2549
2024-03-28,Tomato,Mumbai,2556
2024-03-29,Tomato,Mumbai,2580
2024-03-30,Tomato,Mumbai,2587
2024-03-31,Tomato,Mumbai,2611
2024-04-01,Tomato,Mumbai,2598
2024-04-02,Tomato,Mumbai,2607
2024-04-03,Tomato,Mumbai,2599
2024-04-04,Tomato,Mumbai,2605
2024-04-05,Tomato,Mumbai,2598
2024-04-06,Tomato,Mumbai,2603
2024-04-07,Tomato,Mumbai,2612
2024-04-08,Tomato,Mumbai,2606
2024-04-09,Tomato,Mumbai,2626
2024-04-10,Tomato,Mumbai,2612
2024-04-11,Tomato,Mumbai,2617
2024-04-12,Tomato,Mumbai,2635
2024-04-13,Tomato,Mumbai,2646
2024-04-14,Tomato,Mumbai,2640
2024-04-15,Tomato,Mumbai,2630
2024-04-16,Tomato,Mumbai,2641
2024-04-17,Tomato,Mumbai,2649
2024-04-18,Tomato,Mumbai,2638
2024-04-19,Tomato,Mumbai,2656
2024-04-20,Tomato,Mumbai,2648
2024-04-21,Tomato,Mumbai,2646
2024-04-22,Tomato,Mumbai,2662
2024-04-23,Tomato,Mumbai,2687
2024-04-24,Tomato,Mumbai,2711
2024-04-25,Tomato,Mumbai,2732
2024-04-26,Tomato,Mumbai,2747
2024-04-27,Tomato,Mumbai,2745
2024-04-28,Tomato,Mumbai,2764
2024-04-29,Tomato,Mumbai,2744
2024-04-30,Tomato,Mumbai,2749
2024-05-01,Tomato,Mumbai,2732
2024-05-02,Tomato,Mumbai,2734
2024-05-03,Tomato,Mumbai,2749
2024-05-04,Tomato,Mumbai,2743
2024-05-05,Tomato,Mumbai,2767
2024-05-06,Tomato,Mumbai,2768
2024-05-07,Tomato,Mumbai,2791
2024-05-08,Tomato,Mumbai,2774
2024-05-09,Tomato,Mumbai,2766
2024-05-10,Tomato,Mumbai,2774
2024-05-11,Tomato,Mumbai,2762
2024-05-12,Tomato,Mumbai,2771
2024-05-13,Tomato,Mumbai,2793
2024-05-14,Tomato,Mumbai,2773
2024-05-15,Tomato,Mumbai,2793
2024-05-16,Tomato,Mumbai,2785
2024-05-17,Tomato,Mumbai,2806
2024-05-18,Tomato,Mumbai,2797
2024-05-19,Tomato,Mumbai,2795
2024-05-20,Tomato,Mumbai,2803
2024-05-21,Tomato,Mumbai,2805
2024-05-22,Tomato,Mumbai,2788
2024-05-23,Tomato,Mumbai,2796
2024-05-24,Tomato,Mumbai,2793
2024-05-25,Tomato,Mumbai,2816
2024-05-26,Tomato,Mumbai,2821
2024-05-27,Tomato,Mumbai,2822
2024-05-28,Tomato,Mumbai,2823
2024-05-29,Tomato,Mumbai,2815
2024-05-30,Tomato,Mumbai,2814
2024-05-31,Tomato,Mumbai,2832
2024-06-01,Tomato,Mumbai,2847
2024-06-02,Tomato,Mumbai,2867
2024-06-03,Tomato,Mumbai,2886
2024-06-04,Tomato,Mumbai,2905
2024-06-05,Tomato,Mumbai,2925
2024-06-06,Tomato,Mumbai,2945
2024-06-07,Tomato,Mumbai,2953
2024-06-08,Tomato,Mumbai,2958
2024-06-09,Tomato,Mumbai,2942
2024-06-10,Tomato,Mumbai,2948
2024-06-11,Tomato,Mumbai,2956
2024-06-12,Tomato,Mumbai,2952
2024-06-13,Tomato,Mumbai,2968
2024-06-14,Tomato,Mumbai,2977
2024-06-15,Tomato,Mumbai,2998
2024-06-16,Tomato,Mumbai,2983
2024-06-17,Tomato,Mumbai,2982
2024-06-18,Tomato,Mumbai,3007
2024-06-19,Tomato,Mumbai,3006
2024-06-20,Tomato,Mumbai,3007
2024-06-21,Tomato,Mumbai,2996
2024-06-22,Tomato,Mumbai,2981
2024-06-23,Tomato,Mumbai,2987
2024-06-24,Tomato,Mumbai,2997
2024-06-25,Tomato,Mumbai,2981
2024-06-26,Tomato,Mumbai,3002
2024-06-27,Tomato,Mumbai,2990
2024-06-28,Tomato,Mumbai,2977
2024-06-29,Tomato,Mumbai,2969
2024-06-30,Tomato,Mumbai,2973
2024-07-01,Tomato,Mumbai,2961
2024-07-02,Tomato,Mumbai,2978
2024-07-03,Tomato,Mumbai,2982
2024-07-04,Tomato,Mumbai,3003
2024-07-05,Tomato,Mumbai,2990
2024-07-06,Tomato,Mumbai,2977
2024-07-07,Tomato,Mumbai,2969
2024-07-08,Tomato,Mumbai,2971
2024-07-09,Tomato,Mumbai,2972
2024-07-10,Tomato,Mumbai,2983
2024-07-11,Tomato,Mumbai,2983
2024-07-12,Tomato,Mumbai,3005
2024-07-13,Tomato,Mumbai,3005
2024-07-14,Tomato,Mumbai,2985
2024-07-15,Tomato,Mumbai,2977
2024-07-16,Tomato,Mumbai,2988
2024-07-17,Tomato,Mumbai,2990
2024-07-18,Tomato,Mumbai,2976
2024-07-19,Tomato,Mumbai,2980
2024-07-20,Tomato,Mumbai,3002
2024-07-21,Tomato,Mumbai,3010
2024-07-22,Tomato,Mumbai,3004
2024-07-23,Tomato,Mumbai,3014
2024-07-24,Tomato,Mumbai,3023
2024-07-25,Tomato,Mumbai,3010
2024-07-26,Tomato,Mumbai,2998
2024-07-27,Tomato,Mumbai,2983
2024-07-28,Tomato,Mumbai,2990
2024-07-29,Tomato,Mumbai,3015
2024-07-30,Tomato,Mumbai,3007
2024-07-31,Tomato,Mumbai,2987
2024-08-01,Tomato,Mumbai,2971
2024-08-02,Tomato,Mumbai,2964
2024-08-03,Tomato,Mumbai,2959
2024-08-04,Tomato,Mumbai,2964
2024-08-05,Tomato,Mumbai,2978
2024-08-06,Tomato,Mumbai,2966
2024-08-07,Tomato,Mumbai,2986
2024-08-08,Tomato,Mumbai,2981
2024-08-09,Tomato,Mumbai,2961
2024-08-10,Tomato,Mumbai,2962
2024-08-11,Tomato,Mumbai,2968
2024-08-12,Tomato,Mumbai,2986
2024-08-13,Tomato,Mumbai,2974
2024-08-14,Tomato,Mumbai,2969
2024-08-15,Tomato,Mumbai,2951
2024-08-16,Tomato,Mumbai,2943
2024-08-17,Tomato,Mumbai,2941
2024-08-18,Tomato,Mumbai,2943
2024-08-19,Tomato,Mumbai,2951
2024-08-20,Tomato,Mumbai,2954
2024-08-21,Tomato,Mumbai,2968
2024-08-22,Tomato,Mumbai,2965
2024-08-23,Tomato,Mumbai,2950
2024-08-24,Tomato,Mumbai,2951
2024-08-25,Tomato,Mumbai,2938
2024-08-26,Tomato,Mumbai,2923
2024-08-27,Tomato,Mumbai,2905
2024-08-28,Tomato,Mumbai,2892
2024-08-29,Tomato,Mumbai,2905
2024-08-30,Tomato,Mumbai,2909
2024-08-31,Tomato,Mumbai,2890
2024-09-01,Tomato,Mumbai,2909
2024-09-02,Tomato,Mumbai,2920
2024-09-03,Tomato,Mumbai,2913
2024-09-04,Tomato,Mumbai,2919
2024-09-05,Tomato,Mumbai,2925
2024-09-06,Tomato,Mumbai,2907
2024-09-07,Tomato,Mumbai,2887
2024-09-08,Tomato,Mumbai,2893
2024-09-09,Tomato,Mumbai,2890
2024-09-10,Tomato,Mumbai,2883
2024-09-11,Tomato,Mumbai,2871
2024-09-12,Tomato,Mumbai,2872
2024-09-13,Tomato,Mumbai,2890
2024-09-14,Tomato,Mumbai,2889
2024-09-15,Tomato,Mumbai,2892
2024-09-16,Tomato,Mumbai,2911
2024-09-17,Tomato,Mumbai,2916
2024-09-18,Tomato,Mumbai,2923
2024-09-19,Tomato,Mumbai,2942
2024-09-20,Tomato,Mumbai,2938
2024-09-21,Tomato,Mumbai,2957
2024-09-22,Tomato,Mumbai,2957
2024-09-23,Tomato,Mumbai,2941
2024-09-24,Tomato,Mumbai,2948
2024-09-25,Tomato,Mumbai,2942
2024-09-26,Tomato,Mumbai,2925
2024-09-27,Tomato,Mumbai,2928
2024-09-28,Tomato,Mumbai,2952
2024-09-29,Tomato,Mumbai,2967
2024-09-30,Tomato,Mumbai,2951
2024-10-01,Tomato,Mumbai,2976
2024-10-02,Tomato,Mumbai,2965
2024-10-03,Tomato,Mumbai,2957
2024-10-04,Tomato,Mumbai,2948
2024-10-05,Tomato,Mumbai,2928
2024-10-06,Tomato,Mumbai,2929
2024-10-07,Tomato,Mumbai,2911
2024-10-08,Tomato,Mumbai,2927
2024-10-09,Tomato,Mumbai,2934
2024-10-10,Tomato,Mumbai,2955
2024-10-11,Tomato,Mumbai,2951
2024-10-12,Tomato,Mumbai,2971
2024-10-13,Tomato,Mumbai,2969
2024-10-14,Tomato,Mumbai,2971
2024-10-15,Tomato,Mumbai,2953
2024-10-16,Tomato,Mumbai,2976
2024-10-17,Tomato,Mumbai,2994
2024-10-18,Tomato,Mumbai,2996
2024-10-19,Tomato,Mumbai,3012
2024-10-20,Tomato,Mumbai,2995
2024-10-21,Tomato,Mumbai,3008
2024-10-22,Tomato,Mumbai,2996
2024-10-23,Tomato,Mumbai,2991
2024-10-24,Tomato,Mumbai,2992
2024-10-25,Tomato,Mumbai,3012
2024-10-26,Tomato,Mumbai,3015
2024-10-27,Tomato,Mumbai,3021
2024-10-28,Tomato,Mumbai,3012
2024-10-29,Tomato,Mumbai,3022
2024-10-30,Tomato,Mumbai,3021
2024-10-31,Tomato,Mumbai,3009
2024-11-01,Tomato,Mumbai,2994
2024-11-02,Tomato,Mumbai,2993
2024-11-03,Tomato,Mumbai,2984
2024-11-04,Tomato,Mumbai,2974
2024-11-05,Tomato,Mumbai,2993
2024-11-06,Tomato,Mumbai,2990
2024-11-07,Tomato,Mumbai,3011
2024-11-08,Tomato,Mumbai,3033
2024-11-09,Tomato,Mumbai,3026
2024-11-10,Tomato,Mumbai,3010
2024-11-11,Tomato,Mumbai,3013
2024-11-12,Tomato,Mumbai,3026
2024-11-13,Tomato,Mumbai,3039
2024-11-14,Tomato,Mumbai,3033
2024-11-15,Tomato,Mumbai,3051
2024-11-16,Tomato,Mumbai,3033
2024-11-17,Tomato,Mumbai,3032
2024-11-18,Tomato,Mumbai,3038
2024-11-19,Tomato,Mumbai,3027
2024-11-20,Tomato,Mumbai,3017
2024-11-21,Tomato,Mumbai,2999
2024-11-22,Tomato,Mumbai,3016
2024-11-23,Tomato,Mumbai,3020
2024-11-24,Tomato,Mumbai,3041
2024-11-25,Tomato,Mumbai,3031
2024-11-26,Tomato,Mumbai,3045
2024-11-27,Tomato,Mumbai,3033
2024-11-28,Tomato,Mumbai,3034
2024-11-29,Tomato,Mumbai,3030
2024-11-30,Tomato,Mumbai,3054
2024-12-01,Tomato,Mumbai,3056
2024-12-02,Tomato,Mumbai,3042
2024-12-03,Tomato,Mumbai,3052
2024-12-04,Tomato,Mumbai,3051
2024-12-05,Tomato,Mumbai,3035
2024-12-06,Tomato,Mumbai,3015
2024-12-07,Tomato,Mumbai,3019
2024-12-08,Tomato,Mumbai,3011
2024-12-09,Tomato,Mumbai,3024
2024-12-10,Tomato,Mumbai,3018
2024-12-11,Tomato,Mumbai,3005
2024-12-12,Tomato,Mumbai,3009
2024-12-13,Tomato,Mumbai,3019
2024-12-14,Tomato,Mumbai,3000
2024-12-15,Tomato,Mumbai,3025
2024-12-16,Tomato,Mumbai,3046
2024-12-17,Tomato,Mumbai,3034
2024-12-18,Tomato,Mumbai,3043
2024-12-19,Tomato,Mumbai,3038
2024-12-20,Tomato,Mumbai,3022
2024-12-21,Tomato,Mumbai,3047
2024-12-22,Tomato,Mumbai,3072
2024-12-23,Tomato,Mumbai,3073
2024-12-24,Tomato,Mumbai,3060
2024-12-25,Tomato,Mumbai,3049
2024-12-26,Tomato,Mumbai,3070
2024-12-27,Tomato,Mumbai,3063
2024-12-28,Tomato,Mumbai,3069
2024-12-29,Tomato,Mumbai,3084
2024-12-30,Tomato,Mumbai,3077
2024-12-31,Tomato,Mumbai,3058
2025-01-01,Tomato,Mumbai,3075
2025-01-02,Tomato,Mumbai,3097
2025-01-03,Tomato,Mumbai,3089
2025-01-04,Tomato,Mumbai,3076
2025-01-05,Tomato,Mumbai,3083
2025-01-06,Tomato,Mumbai,3081
2025-01-07,Tomato,Mumbai,3087
2025-01-08,Tomato,Mumbai,3087
2025-01-09,Tomato,Mumbai,3108
2025-01-10,Tomato,Mumbai,3106
2025-01-11,Tomato,Mumbai,3123
2025-01-12,Tomato,Mumbai,3133
2025-01-13,Tomato,Mumbai,3143
2025-01-14,Tomato,Mumbai,3153
2025-01-15,Tomato,Mumbai,3135
2025-01-16,Tomato,Mumbai,3145
2025-01-17,Tomato,Mumbai,3168
2025-01-18,Tomato,Mumbai,3184
2025-01-19,Tomato,Mumbai,3176
2025-01-20,Tomato,Mumbai,3161
2025-01-21,Tomato,Mumbai,3149
2025-01-22,Tomato,Mumbai,3171
2025-01-23,Tomato,Mumbai,3177
2025-01-24,Tomato,Mumbai,3187
2025-01-25,Tomato,Mumbai,3196
2025-01-26,Tomato,Mumbai,3191
2025-01-27,Tomato,Mumbai,3204
2025-01-28,Tomato,Mumbai,3202
2025-01-29,Tomato,Mumbai,3225
2025-01-30,Tomato,Mumbai,3209
2025-01-31,Tomato,Mumbai,3207
2025-02-01,Tomato,Mumbai,3231
2025-02-02,Tomato,Mumbai,3213
2025-02-03,Tomato,Mumbai,3233
2025-02-04,Tomato,Mumbai,3233
2025-02-05,Tomato,Mumbai,3229
2025-02-06,Tomato,Mumbai,3246
2025-02-07,Tomato,Mumbai,3234
2025-02-08,Tomato,Mumbai,3236
2025-02-09,Tomato,Mumbai,3239
2025-02-10,Tomato,Mumbai,3235
2025-02-11,Tomato,Mumbai,3254
2025-02-12,Tomato,Mumbai,3279
2025-02-13,Tomato,Mumbai,3270
2025-02-14,Tomato,Mumbai,3274
2025-02-15,Tomato,Mumbai,3291
2025-02-16,Tomato,Mumbai,3311
2025-02-17,Tomato,Mumbai,3329
2025-02-18,Tomato,Mumbai,3336
2025-02-19,Tomato,Mumbai,3325
2025-02-20,Tomato,Mumbai,3321
2025-02-21,Tomato,Mumbai,3346
2025-02-22,Tomato,Mumbai,3342
2025-02-23,Tomato,Mumbai,3351
2025-02-24,Tomato,Mumbai,3355
2025-02-25,Tomato,Mumbai,3352
2025-02-26,Tomato,Mumbai,3377
2025-02-27,Tomato,Mumbai,3402
2025-02-28,Tomato,Mumbai,3413
2025-03-01,Tomato,Mumbai,3395
2025-03-02,Tomato,Mumbai,3411
2025-03-03,Tomato,Mumbai,3414
2025-03-04,Tomato,Mumbai,3438
2025-03-05,Tomato,Mumbai,3449
2025-03-06,Tomato,Mumbai,3456
2025-03-07,Tomato,Mumbai,3473
2025-03-08,Tomato,Mumbai,3487
2025-03-09,Tomato,Mumbai,3481
2025-03-10,Tomato,Mumbai,3498
2025-03-11,Tomato,Mumbai,3519
2025-03-12,Tomato,Mumbai,3541
2025-03-13,Tomato,Mumbai,3561
2025-03-14,Tomato,Mumbai,3552
2025-03-15,Tomato,Mumbai,3538
2025-03-16,Tomato,Mumbai,3563
2025-03-17,Tomato,Mumbai,3580
2025-03-18,Tomato,Mumbai,3570
2025-03-19,Tomato,Mumbai,3587
2025-03-20,Tomato,Mumbai,3567
2025-03-21,Tomato,Mumbai,3567
2025-03-22,Tomato,Mumbai,3592
2025-03-23,Tomato,Mumbai,3595
2025-03-24,Tomato,Mumbai,3580
2025-03-25,Tomato,Mumbai,3584
2025-03-26,Tomato,Mumbai,3593
2025-03-27,Tomato,Mumbai,3602
2025-03-28,Tomato,Mumbai,3591
2025-03-29,Tomato,Mumbai,3612
2025-03-30,Tomato,Mumbai,3599
2025-03-31,Tomato,Mumbai,3593
2025-04-01,Tomato,Mumbai,3613
2025-04-02,Tomato,Mumbai,3628
2025-04-03,Tomato,Mumbai,3621
2025-04-04,Tomato,Mumbai,3623
2025-04-05,Tomato,Mumbai,3640
2025-04-06,Tomato,Mumbai,3638
2025-04-07,Tomato,Mumbai,3663
2025-04-08,Tomato,Mumbai,3671
2025-04-09,Tomato,Mumbai,3671
2025-04-10,Tomato,Mumbai,3660
2025-04-11,Tomato,Mumbai,3670
2025-04-12,Tomato,Mumbai,3680
2025-04-13,Tomato,Mumbai,3685
2025-04-14,Tomato,Mumbai,3678
2025-04-15,Tomato,Mumbai,3686
2025-04-16,Tomato,Mumbai,3666
2025-04-17,Tomato,Mumbai,3680
2025-04-18,Tomato,Mumbai,3679
2025-04-19,Tomato,Mumbai,3668
2025-04-20,Tomato,Mumbai,3677
2025-04-21,Tomato,Mumbai,3670
2025-04-22,Tomato,Mumbai,3666
2025-04-23,Tomato,Mumbai,3691
2025-04-24,Tomato,Mumbai,3709
2025-04-25,Tomato,Mumbai,3713
2025-04-26,Tomato,Mumbai,3717
2025-04-27,Tomato,Mumbai,3706
2025-04-28,Tomato,Mumbai,3686
2025-04-29,Tomato,Mumbai,3676
2025-04-30,Tomato,Mumbai,3701
2025-05-01,Tomato,Mumbai,3714
2025-05-02,Tomato,Mumbai,3724
2025-05-03,Tomato,Mumbai,3711
2025-05-04,Tomato,Mumbai,3695
2025-05-05,Tomato,Mumbai,3683
2025-05-06,Tomato,Mumbai,3670
2025-05-07,Tomato,Mumbai,3675
2025-05-08,Tomato,Mumbai,3674
2025-05-09,Tomato,Mumbai,3665
2025-05-10,Tomato,Mumbai,3671
2025-05-11,Tomato,Mumbai,3683
2025-05-12,Tomato,Mumbai,3693
2025-05-13,Tomato,Mumbai,3676
2025-05-14,Tomato,Mumbai,3695
2025-05-15,Tomato,Mumbai,3681
2025-05-16,Tomato,Mumbai,3694
2025-05-17,Tomato,Mumbai,3695
2025-05-18,Tomato,Mumbai,3675
2025-05-19,Tomato,Mumbai,3681
2025-05-20,Tomato,Mumbai,3684
2025-05-21,Tomato,Mumbai,3670
2025-05-22,Tomato,Mumbai,3684
2025-05-23,Tomato,Mumbai,3683
2025-05-24,Tomato,Mumbai,3691
2025-05-25,Tomato,Mumbai,3689
2025-05-26,Tomato,Mumbai,3710
2025-05-27,Tomato,Mumbai,3727
2025-05-28,Tomato,Mumbai,3747
2025-05-29,Tomato,Mumbai,3763
2025-05-30,Tomato,Mumbai,3761
2025-05-31,Tomato,Mumbai,3777
2025-06-01,Tomato,Mumbai,3773
2025-06-02,Tomato,Mumbai,3780
2025-06-03,Tomato,Mumbai,3767
2025-06-04,Tomato,Mumbai,3766
2025-06-05,Tomato,Mumbai,3762
2025-06-06,Tomato,Mumbai,3775
2025-06-07,Tomato,Mumbai,3786
2025-06-08,Tomato,Mumbai,3793
2025-06-09,Tomato,Mumbai,3810
2025-06-10,Tomato,Mumbai,3829
2025-06-11,Tomato,Mumbai,3849
2025-06-12,Tomato,Mumbai,3867
2025-06-13,Tomato,Mumbai,3876
2025-06-14,Tomato,Mumbai,3857
2025-06-15,Tomato,Mumbai,3860
2025-06-16,Tomato,Mumbai,3875
2025-06-17,Tomato,Mumbai,3892
2025-06-18,Tomato,Mumbai,3907
2025-06-19,Tomato,Mumbai,3891
2025-06-20,Tomato,Mumbai,3898
2025-06-21,Tomato,Mumbai,3911
2025-06-22,Tomato,Mumbai,3891
2025-06-23,Tomato,Mumbai,3877
2025-06-24,Tomato,Mumbai,3879
2025-06-25,Tomato,Mumbai,3902
2025-06-26,Tomato,Mumbai,3900
2025-06-27,Tomato,Mumbai,3912
2025-06-28,Tomato,Mumbai,3903
2025-06-29,Tomato,Mumbai,3895
2025-06-30,Tomato,Mumbai,3894
2025-07-01,Tomato,Mumbai,3911
2025-07-02,Tomato,Mumbai,3891
2025-07-03,Tomato,Mumbai,3905
2025-07-04,Tomato,Mumbai,3893
2025-07-05,Tomato,Mumbai,3913
2025-07-06,Tomato,Mumbai,3920
2025-07-07,Tomato,Mumbai,3945
2025-07-08,Tomato,Mumbai,3938
2025-07-09,Tomato,Mumbai,3953
2025-07-10,Tomato,Mumbai,3935
2025-07-11,Tomato,Mumbai,3954
2025-07-12,Tomato,Mumbai,3964
2025-07-13,Tomato,Mumbai,3945
2025-07-14,Tomato,Mumbai,3967
2025-07-15,Tomato,Mumbai,3958
2025-07-16,Tomato,Mumbai,3944
2025-07-17,Tomato,Mumbai,3965
2025-07-18,Tomato,Mumbai,3987
2025-07-19,Tomato,Mumbai,4004
2025-07-20,Tomato,Mumbai,4029
2025-07-21,Tomato,Mumbai,4032
2025-07-22,Tomato,Mumbai,4029
2025-07-23,Tomato,Mumbai,4014
2025-07-24,Tomato,Mumbai,3998
2025-07-25,Tomato,Mumbai,4018
2025-07-26,Tomato,Mumbai,3998
2025-07-27,Tomato,Mumbai,4011
2025-07-28,Tomato,Mumbai,4011
2025-07-29,Tomato,Mumbai,4035
2025-07-30,Tomato,Mumbai,4037
2025-07-31,Tomato,Mumbai,4029
2025-08-01,Tomato,Mumbai,4050
2025-08-02,Tomato,Mumbai,4045
2025-08-03,Tomato,Mumbai,4068
2025-08-04,Tomato,Mumbai,4057
2025-08-05,Tomato,Mumbai,4059
2025-08-06,Tomato,Mumbai,4083
2025-08-07,Tomato,Mumbai,4069
2025-08-08,Tomato,Mumbai,4076
2025-08-09,Tomato,Mumbai,4089
2025-08-10,Tomato,Mumbai,4112
2025-08-11,Tomato,Mumbai,4095
2025-08-12,Tomato,Mumbai,4117
2025-08-13,Tomato,Mumbai,4135
2025-08-14,Tomato,Mumbai,4139
2025-08-15,Tomato,Mumbai,4135
2025-08-16,Tomato,Mumbai,4124
2025-08-17,Tomato,Mumbai,4131
2025-08-18,Tomato,Mumbai,4114
2025-08-19,Tomato,Mumbai,4120
2025-08-20,Tomato,Mumbai,4113
2025-08-21,Tomato,Mumbai,4115
2025-08-22,Tomato,Mumbai,4114
2025-08-23,Tomato,Mumbai,4136
2025-08-24,Tomato,Mumbai,4123
2025-08-25,Tomato,Mumbai,4123
2025-08-26,Tomato,Mumbai,4130
2025-08-27,Tomato,Mumbai,4148
2025-08-28,Tomato,Mumbai,4138
2025-08-29,Tomato,Mumbai,4147
2025-08-30,Tomato,Mumbai,4141
2025-08-31,Tomato,Mumbai,4129
2025-09-01,Tomato,Mumbai,4117
2025-09-02,Tomato,Mumbai,4110
2025-09-03,Tomato,Mumbai,4107
2025-09-04,Tomato,Mumbai,4099
2025-09-05,Tomato,Mumbai,4089
2025-09-06,Tomato,Mumbai,4099
2025-09-07,Tomato,Mumbai,4116
2025-09-08,Tomato,Mumbai,4134
2025-09-09,Tomato,Mumbai,4152
2025-09-10,Tomato,Mumbai,4148
2025-09-11,Tomato,Mumbai,4166
2025-09-12,Tomato,Mumbai,4159
2025-09-13,Tomato,Mumbai,4178
2025-09-14,Tomato,Mumbai,4165
2025-09-15,Tomato,Mumbai,4146
2025-09-16,Tomato,Mumbai,4126
2025-09-17,Tomato,Mumbai,4147
2025-09-18,Tomato,Mumbai,4167
2025-09-19,Tomato,Mumbai,4169
2025-09-20,Tomato,Mumbai,4163
2025-09-21,Tomato,Mumbai,4149
2025-09-22,Tomato,Mumbai,4147
2025-09-23,Tomato,Mumbai,4166
2025-09-24,Tomato,Mumbai,4147
2025-09-25,Tomato,Mumbai,4172
2025-09-26,Tomato,Mumbai,4177
2025-09-27,Tomato,Mumbai,4162
2025-09-28,Tomato,Mumbai,4163
2025-09-29,Tomato,Mumbai,4143
2025-09-30,Tomato,Mumbai,4151
2025-10-01,Tomato,Mumbai,4137
2025-10-02,Tomato,Mumbai,4132
2025-10-03,Tomato,Mumbai,4121
2025-10-04,Tomato,Mumbai,4121
2025-10-05,Tomato,Mumbai,4129
2025-10-06,Tomato,Mumbai,4119
2025-10-07,Tomato,Mumbai,4138
2025-10-08,Tomato,Mumbai,4137
2025-10-09,Tomato,Mumbai,4145
2025-10-10,Tomato,Mumbai,4125
2025-10-11,Tomato,Mumbai,4122
2025-10-12,Tomato,Mumbai,4104
2025-10-13,Tomato,Mumbai,4107
2025-10-14,Tomato,Mumbai,4105
2025-10-15,Tomato,Mumbai,4121
2025-10-16,Tomato,Mumbai,4111
2025-10-17,Tomato,Mumbai,4098
2025-10-18,Tomato,Mumbai,4120
2025-10-19,Tomato,Mumbai,4128
2025-10-20,Tomato,Mumbai,4123
2025-10-21,Tomato,Mumbai,4111
2025-10-22,Tomato,Mumbai,4127
2025-10-23,Tomato,Mumbai,4145
2025-10-24,Tomato,Mumbai,4129
2025-10-25,Tomato,Mumbai,4144
2025-10-26,Tomato,Mumbai,4167
2025-10-27,Tomato,Mumbai,4190
2025-10-28,Tomato,Mumbai,4210
2025-10-29,Tomato,Mumbai,4228
2025-10-30,Tomato,Mumbai,4248
2025-10-31,Tomato,Mumbai,4264
2025-11-01,Tomato,Mumbai,4247
2025-11-02,Tomato,Mumbai,4260
2025-11-03,Tomato,Mumbai,4249
2025-11-04,Tomato,Mumbai,4260
2025-11-05,Tomato,Mumbai,4254
2025-11-06,Tomato,Mumbai,4249
2025-11-07,Tomato,Mumbai,4246
2025-11-08,Tomato,Mumbai,4267
2025-11-09,Tomato,Mumbai,4290
2025-11-10,Tomato,Mumbai,4306
2025-11-11,Tomato,Mumbai,4331
2025-11-12,Tomato,Mumbai,4323
2025-11-13,Tomato,Mumbai,4303
2025-11-14,Tomato,Mumbai,4307
2025-11-15,Tomato,Mumbai,4320
2025-11-16,Tomato,Mumbai,4335
2025-11-17,Tomato,Mumbai,4343
2025-11-18,Tomato,Mumbai,4335
2025-11-19,Tomato,Mumbai,4319
2025-11-20,Tomato,Mumbai,4316
2025-11-21,Tomato,Mumbai,4341
2025-11-22,Tomato,Mumbai,4350
2025-11-23,Tomato,Mumbai,4357
2025-11-24,Tomato,Mumbai,4361
2025-11-25,Tomato,Mumbai,4371
2025-11-26,Tomato,Mumbai,4368
2025-11-27,Tomato,Mumbai,4369
2025-11-28,Tomato,Mumbai,4360
2025-11-29,Tomato,Mumbai,4353
2025-11-30,Tomato,Mumbai,4377
2025-12-01,Tomato,Mumbai,4368
2025-12-02,Tomato,Mumbai,4373
2025-12-03,Tomato,Mumbai,4386
2025-12-04,Tomato,Mumbai,4375
2025-12-05,Tomato,Mumbai,4387
2025-12-06,Tomato,Mumbai,4399
2025-12-07,Tomato,Mumbai,4412
2025-12-08,Tomato,Mumbai,4428
2025-12-09,Tomato,Mumbai,4452
2025-12-10,Tomato,Mumbai,4451
2025-12-11,Tomato,Mumbai,4461
2025-12-12,Tomato,Mumbai,4471
2025-12-13,Tomato,Mumbai,4466
2025-12-14,Tomato,Mumbai,4455
2025-12-15,Tomato,Mumbai,4468
2025-12-16,Tomato,Mumbai,4452
2025-12-17,Tomato,Mumbai,4439
2025-12-18,Tomato,Mumbai,4436
2025-12-19,Tomato,Mumbai,4447
2025-12-20,Tomato,Mumbai,4458
2025-12-21,Tomato,Mumbai,4454
2025-12-22,Tomato,Mumbai,4476
2025-12-23,Tomato,Mumbai,4483
2025-12-24,Tomato,Mumbai,4471
2025-12-25,Tomato,Mumbai,4461
2025-12-26,Tomato,Mumbai,4463
2025-12-27,Tomato,Mumbai,4483
2025-12-28,Tomato,Mumbai,4477
2025-12-29,Tomato,Mumbai,4501
2025-12-30,Tomato,Mumbai,4512
2025-12-31,Tomato,Mumbai,4505
2024-01-01,Tomato,Nagpur,2435
2024-01-02,Tomato,Nagpur,2419
2024-01-03,Tomato,Nagpur,2416
2024-01-04,Tomato,Nagpur,2403
2024-01-05,Tomato,Nagpur,2390
2024-01-06,Tomato,Nagpur,2400
2024-01-07,Tomato,Nagpur,2381
2024-01-08,Tomato,Nagpur,2387
2024-01-09,Tomato,Nagpur,2368
2024-01-10,Tomato,Nagpur,2349
2024-01-11,Tomato,Nagpur,2329
2024-01-12,Tomato,Nagpur,2310
2024-01-13,Tomato,Nagpur,2291
2024-01-14,Tomato,Nagpur,2302
2024-01-15,Tomato,Nagpur,2303
2024-01-16,Tomato,Nagpur,2305
2024-01-17,Tomato,Nagpur,2313
2024-01-18,Tomato,Nagpur,2297
2024-01-19,Tomato,Nagpur,2313
2024-01-20,Tomato,Nagpur,2294
2024-01-21,Tomato,Nagpur,2275
2024-01-22,Tomato,Nagpur,2287
2024-01-23,Tomato,Nagpur,2288
2024-01-24,Tomato,Nagpur,2294
2024-01-25,Tomato,Nagpur,2311
2024-01-26,Tomato,Nagpur,2328
2024-01-27,Tomato,Nagpur,2330
2024-01-28,Tomato,Nagpur,2317
2024-01-29,Tomato,Nagpur,2341
2024-01-30,Tomato,Nagpur,2360
2024-01-31,Tomato,Nagpur,2367
2024-02-01,Tomato,Nagpur,2362
2024-02-02,Tomato,Nagpur,2344
2024-02-03,Tomato,Nagpur,2367
2024-02-04,Tomato,Nagpur,2387
2024-02-05,Tomato,Nagpur,2380
2024-02-06,Tomato,Nagpur,2382
2024-02-07,Tomato,Nagpur,2395
2024-02-08,Tomato,Nagpur,2392
2024-02-09,Tomato,Nagpur,2388
2024-02-10,Tomato,Nagpur,2383
2024-02-11,Tomato,Nagpur,2402
2024-02-12,Tomato,Nagpur,2397
2024-02-13,Tomato,Nagpur,2418
2024-02-14,Tomato,Nagpur,2421
2024-02-15,Tomato,Nagpur,2427
2024-02-16,Tomato,Nagpur,2440
2024-02-17,Tomato,Nagpur,2465
2024-02-18,Tomato,Nagpur,2461
2024-02-19,Tomato,Nagpur,2465
2024-02-20,Tomato,Nagpur,2479
2024-02-21,Tomato,Nagpur,2482
2024-02-22,Tomato,Nagpur,2498
2024-02-23,Tomato,Nagpur,2481
2024-02-24,Tomato,Nagpur,2467
2024-02-25,Tomato,Nagpur,2453
2024-02-26,Tomato,Nagpur,2462
2024-02-27,Tomato,Nagpur,2481
2024-02-28,Tomato,Nagpur,2502
2024-02-29,Tomato,Nagpur,2496
2024-03-01,Tomato,Nagpur,2519
2024-03-02,Tomato,Nagpur,2524
2024-03-03,Tomato,Nagpur,2538
2024-03-04,Tomato,Nagpur,2542
2024-03-05,Tomato,Nagpur,2533
2024-03-06,Tomato,Nagpur,2531
2024-03-07,Tomato,Nagpur,2526
2024-03-08,Tomato,Nagpur,2534
2024-03-09,Tomato,Nagpur,2532
2024-03-10,Tomato,Nagpur,2539
2024-03-11,Tomato,Nagpur,2541
2024-03-12,Tomato,Nagpur,2534
2024-03-13,Tomato,Nagpur,2550
2024-03-14,Tomato,Nagpur,2543
2024-03-15,Tomato,Nagpur,2558
2024-03-16,Tomato,Nagpur,2542
2024-03-17,Tomato,Nagpur,2554
2024-03-18,Tomato,Nagpur,2556
2024-03-19,Tomato,Nagpur,2548
2024-03-20,Tomato,Nagpur,2532
2024-03-21,Tomato,Nagpur,2527
2024-03-22,Tomato,Nagpur,2510
2024-03-23,Tomato,Nagpur,2528
2024-03-24,Tomato,Nagpur,2535
2024-03-25,Tomato,Nagpur,2552
2024-03-26,Tomato,Nagpur,2559
2024-03-27,Tomato,Nagpur,2550
2024-03-28,Tomato,Nagpur,2531
2024-03-29,Tomato,Nagpur,2551
2024-03-30,Tomato,Nagpur,2572
2024-03-31,Tomato,Nagpur,2560
2024-04-01,Tomato,Nagpur,2572
2024-04-02,Tomato,Nagpur,2596
2024-04-03,Tomato,Nagpur,2584
2024-04-04,Tomato,Nagpur,2605
2024-04-05,Tomato,Nagpur,2591
2024-04-06,Tomato,Nagpur,2602
2024-04-07,Tomato,Nagpur,2619
2024-04-08,Tomato,Nagpur,2615
2024-04-09,Tomato,Nagpur,2600
2024-04-10,Tomato,Nagpur,2619
2024-04-11,Tomato,Nagpur,2625
2024-04-12,Tomato,Nagpur,2636
2024-04-13,Tomato,Nagpur,2656
2024-04-14,Tomato,Nagpur,2678
2024-04-15,Tomato,Nagpur,2675
2024-04-16,Tomato,Nagpur,2675
2024-04-17,Tomato,Nagpur,2677
2024-04-18,Tomato,Nagpur,2688
2024-04-19,Tomato,Nagpur,2668
2024-04-20,Tomato,Nagpur,2683
2024-04-21,Tomato,Nagpur,2686
2024-04-22,Tomato,Nagpur,2706
2024-04-23,Tomato,Nagpur,2692
2024-04-24,Tomato,Nagpur,2706
2024-04-25,Tomato,Nagpur,2703
2024-04-26,Tomato,Nagpur,2701
2024-04-27,Tomato,Nagpur,2698
2024-04-28,Tomato,Nagpur,2713
2024-04-29,Tomato,Nagpur,2729
2024-04-30,Tomato,Nagpur,2733
2024-05-01,Tomato,Nagpur,2722
2024-05-02,Tomato,Nagpur,2738
2024-05-03,Tomato,Nagpur,2722
2024-05-04,Tomato,Nagpur,2734
2024-05-05,Tomato,Nagpur,2732
2024-05-06,Tomato,Nagpur,2754
2024-05-07,Tomato,Nagpur,2760
2024-05-08,Tomato,Nagpur,2767
2024-05-09,Tomato,Nagpur,2760
2024-05-10,Tomato,Nagpur,2755
2024-05-11,Tomato,Nagpur,2738
2024-05-12,Tomato,Nagpur,2719
2024-05-13,Tomato,Nagpur,2712
2024-05-14,Tomato,Nagpur,2724
2024-05-15,Tomato,Nagpur,2723
2024-05-16,Tomato,Nagpur,2746
2024-05-17,Tomato,Nagpur,2726
2024-05-18,Tomato,Nagpur,2724
2024-05-19,Tomato,Nagpur,2734
2024-05-20,Tomato,Nagpur,2741
2024-05-21,Tomato,Nagpur,2723
2024-05-22,Tomato,Nagpur,2742
2024-05-23,Tomato,Nagpur,2735
2024-05-24,Tomato,Nagpur,2716
2024-05-25,Tomato,Nagpur,2731
2024-05-26,Tomato,Nagpur,2751
2024-05-27,Tomato,Nagpur,2761
2024-05-28,Tomato,Nagpur,2769
2024-05-29,Tomato,Nagpur,2778
2024-05-30,Tomato,Nagpur,2793
2024-05-31,Tomato,Nagpur,2795
2024-06-01,Tomato,Nagpur,2775
2024-06-02,Tomato,Nagpur,2796
2024-06-03,Tomato,Nagpur,2795
2024-06-04,Tomato,Nagpur,2785
2024-06-05,Tomato,Nagpur,2798
2024-06-06,Tomato,Nagpur,2815
2024-06-07,Tomato,Nagpur,2811
2024-06-08,Tomato,Nagpur,2802
2024-06-09,Tomato,Nagpur,2785
2024-06-10,Tomato,Nagpur,2804
2024-06-11,Tomato,Nagpur,2803
2024-06-12,Tomato,Nagpur,2821
2024-06-13,Tomato,Nagpur,2837
2024-06-14,Tomato,Nagpur,2855
2024-06-15,Tomato,Nagpur,2857
2024-06-16,Tomato,Nagpur,2858
2024-06-17,Tomato,Nagpur,2851
2024-06-18,Tomato,Nagpur,2850
2024-06-19,Tomato,Nagpur,2866
2024-06-20,Tomato,Nagpur,2878
2024-06-21,Tomato,Nagpur,2892
2024-06-22,Tomato,Nagpur,2883
2024-06-23,Tomato,Nagpur,2907
2024-06-24,Tomato,Nagpur,2899
2024-06-25,Tomato,Nagpur,2881
2024-06-26,Tomato,Nagpur,2863
2024-06-27,Tomato,Nagpur,2874
2024-06-28,Tomato,Nagpur,2868
2024-06-29,Tomato,Nagpur,2850
2024-06-30,Tomato,Nagpur,2864
2024-07-01,Tomato,Nagpur,2869
2024-07-02,Tomato,Nagpur,2882
2024-07-03,Tomato,Nagpur,2876
2024-07-04,Tomato,Nagpur,2890
2024-07-05,Tomato,Nagpur,2900
2024-07-06,Tomato,Nagpur,2907
2024-07-07,Tomato,Nagpur,2916
2024-07-08,Tomato,Nagpur,2919
2024-07-09,Tomato,Nagpur,2913
2024-07-10,Tomato,Nagpur,2923
2024-07-11,Tomato,Nagpur,2947
2024-07-12,Tomato,Nagpur,2942
2024-07-13,Tomato,Nagpur,2940
2024-07-14,Tomato,Nagpur,2936
2024-07-15,Tomato,Nagpur,2952
2024-07-16,Tomato,Nagpur,2949
2024-07-17,Tomato,Nagpur,2951
2024-07-18,Tomato,Nagpur,2950
2024-07-19,Tomato,Nagpur,2946
2024-07-20,Tomato,Nagpur,2940
2024-07-21,Tomato,Nagpur,2940
2024-07-22,Tomato,Nagpur,2964
2024-07-23,Tomato,Nagpur,2953
2024-07-24,Tomato,Nagpur,2965
2024-07-25,Tomato,Nagpur,2958
2024-07-26,Tomato,Nagpur,2940
2024-07-27,Tomato,Nagpur,2960
2024-07-28,Tomato,Nagpur,2963
2024-07-29,Tomato,Nagpur,2975
2024-07-30,Tomato,Nagpur,2965
2024-07-31,Tomato,Nagpur,2948
2024-08-01,Tomato,Nagpur,2964
2024-08-02,Tomato,Nagpur,2956
2024-08-03,Tomato,Nagpur,2958
2024-08-04,Tomato,Nagpur,2975
2024-08-05,Tomato,Nagpur,2989
2024-08-06,Tomato,Nagpur,2993
2024-08-07,Tomato,Nagpur,2988
2024-08-08,Tomato,Nagpur,2989
2024-08-09,Tomato,Nagpur,2987
2024-08-10,Tomato,Nagpur,3003
2024-08-11,Tomato,Nagpur,3007
2024-08-12,Tomato,Nagpur,3013
2024-08-13,Tomato,Nagpur,3014
2024-08-14,Tomato,Nagpur,3037
2024-08-15,Tomato,Nagpur,3035
2024-08-16,Tomato,Nagpur,3050
2024-08-17,Tomato,Nagpur,3037
2024-08-18,Tomato,Nagpur,3047
2024-08-19,Tomato,Nagpur,3040
2024-08-20,Tomato,Nagpur,3057
2024-08-21,Tomato,Nagpur,3053
2024-08-22,Tomato,Nagpur,3039
2024-08-23,Tomato,Nagpur,3034
2024-08-24,Tomato,Nagpur,3051
2024-08-25,Tomato,Nagpur,3075
2024-08-26,Tomato,Nagpur,3073
2024-08-27,Tomato,Nagpur,3072
2024-08-28,Tomato,Nagpur,3069
2024-08-29,Tomato,Nagpur,3053
2024-08-30,Tomato,Nagpur,3060
2024-08-31,Tomato,Nagpur,3059
2024-09-01,Tomato,Nagpur,3063
2024-09-02,Tomato,Nagpur,3087
2024-09-03,Tomato,Nagpur,3103
2024-09-04,Tomato,Nagpur,3120
2024-09-05,Tomato,Nagpur,3117
2024-09-06,Tomato,Nagpur,3115
2024-09-07,Tomato,Nagpur,3124
2024-09-08,Tomato,Nagpur,3110
2024-09-09,Tomato,Nagpur,3090
2024-09-10,Tomato,Nagpur,3104
2024-09-11,Tomato,Nagpur,3098
2024-09-12,Tomato,Nagpur,3123
2024-09-13,Tomato,Nagpur,3131
2024-09-14,Tomato,Nagpur,3124
2024-09-15,Tomato,Nagpur,3130
2024-09-16,Tomato,Nagpur,3117
2024-09-17,Tomato,Nagpur,3099
2024-09-18,Tomato,Nagpur,3113
2024-09-19,Tomato,Nagpur,3101
2024-09-20,Tomato,Nagpur,3099
2024-09-21,Tomato,Nagpur,3080
2024-09-22,Tomato,Nagpur,3071
2024-09-23,Tomato,Nagpur,3082
2024-09-24,Tomato,Nagpur,3067
2024-09-25,Tomato,Nagpur,3074
2024-09-26,Tomato,Nagpur,3057
2024-09-27,Tomato,Nagpur,3058
2024-09-28,Tomato,Nagpur,3048
2024-09-29,Tomato,Nagpur,3064
2024-09-30,Tomato,Nagpur,3057
2024-10-01,Tomato,Nagpur,3069
2024-10-02,Tomato,Nagpur,3085
2024-10-03,Tomato,Nagpur,3109
2024-10-04,Tomato,Nagpur,3111
2024-10-05,Tomato,Nagpur,3104
2024-10-06,Tomato,Nagpur,3088
2024-10-07,Tomato,Nagpur,3069
2024-10-08,Tomato,Nagpur,3092
2024-10-09,Tomato,Nagpur,3108
2024-10-10,Tomato,Nagpur,3129
2024-10-11,Tomato,Nagpur,3137
2024-10-12,Tomato,Nagpur,3131
2024-10-13,Tomato,Nagpur,3147
2024-10-14,Tomato,Nagpur,3139
2024-10-15,Tomato,Nagpur,3149
2024-10-16,Tomato,Nagpur,3141
2024-10-17,Tomato,Nagpur,3125
2024-10-18,Tomato,Nagpur,3147
2024-10-19,Tomato,Nagpur,3168
2024-10-20,Tomato,Nagpur,3192
2024-10-21,Tomato,Nagpur,3183
2024-10-22,Tomato,Nagpur,3179
2024-10-23,Tomato,Nagpur,3169
2024-10-24,Tomato,Nagpur,3169
2024-10-25,Tomato,Nagpur,3172
2024-10-26,Tomato,Nagpur,3172
2024-10-27,Tomato,Nagpur,3177
2024-10-28,Tomato,Nagpur,3198
2024-10-29,Tomato,Nagpur,3179
2024-10-30,Tomato,Nagpur,3190
2024-10-31,Tomato,Nagpur,3206
2024-11-01,Tomato,Nagpur,3198
2024-11-02,Tomato,Nagpur,3201
2024-11-03,Tomato,Nagpur,3197
2024-11-04,Tomato,Nagpur,3211
2024-11-05,Tomato,Nagpur,3209
2024-11-06,Tomato,Nagpur,3224
2024-11-07,Tomato,Nagpur,3239
2024-11-08,Tomato,Nagpur,3223
2024-11-09,Tomato,Nagpur,3204
2024-11-10,Tomato,Nagpur,3207
2024-11-11,Tomato,Nagpur,3215
2024-11-12,Tomato,Nagpur,3225
2024-11-13,Tomato,Nagpur,3228
2024-11-14,Tomato,Nagpur,3234
2024-11-15,Tomato,Nagpur,3256
2024-11-16,Tomato,Nagpur,3264
2024-11-17,Tomato,Nagpur,3288
2024-11-18,Tomato,Nagpur,3277
2024-11-19,Tomato,Nagpur,3288
2024-11-20,Tomato,Nagpur,3269
2024-11-21,Tomato,Nagpur,3268
2024-11-22,Tomato,Nagpur,3257
2024-11-23,Tomato,Nagpur,3279
2024-11-24,Tomato,Nagpur,3266
2024-11-25,Tomato,Nagpur,3258
2024-11-26,Tomato,Nagpur,3238
2024-11-27,Tomato,Nagpur,3258
2024-11-28,Tomato,Nagpur,3275
2024-11-29,Tomato,Nagpur,3264
2024-11-30,Tomato,Nagpur,3271
2024-12-01,Tomato,Nagpur,3294
2024-12-02,Tomato,Nagpur,3300
2024-12-03,Tomato,Nagpur,3307
2024-12-04,Tomato,Nagpur,3304
2024-12-05,Tomato,Nagpur,3307
2024-12-06,Tomato,Nagpur,3302
2024-12-07,Tomato,Nagpur,3316
2024-12-08,Tomato,Nagpur,3326
2024-12-09,Tomato,Nagpur,3312
2024-12-10,Tomato,Nagpur,3327
2024-12-11,Tomato,Nagpur,3345
2024-12-12,Tomato,Nagpur,3363
2024-12-13,Tomato,Nagpur,3360
2024-12-14,Tomato,Nagpur,3347
2024-12-15,Tomato,Nagpur,3356
2024-12-16,Tomato,Nagpur,3352
2024-12-17,Tomato,Nagpur,3353
2024-12-18,Tomato,Nagpur,3357
2024-12-19,Tomato,Nagpur,3350
2024-12-20,Tomato,Nagpur,3352
2024-12-21,Tomato,Nagpur,3376
2024-12-22,Tomato,Nagpur,3393
2024-12-23,Tomato,Nagpur,3416
2024-12-24,Tomato,Nagpur,3403
2024-12-25,Tomato,Nagpur,3385
2024-12-26,Tomato,Nagpur,3403
2024-12-27,Tomato,Nagpur,3414
2024-12-28,Tomato,Nagpur,3424
2024-12-29,Tomato,Nagpur,3430
2024-12-30,Tomato,Nagpur,3443
2024-12-31,Tomato,Nagpur,3433
2025-01-01,Tomato,Nagpur,3427
2025-01-02,Tomato,Nagpur,3451
2025-01-03,Tomato,Nagpur,3441
2025-01-04,Tomato,Nagpur,3427
2025-01-05,Tomato,Nagpur,3441
2025-01-06,Tomato,Nagpur,3427
2025-01-07,Tomato,Nagpur,3412
2025-01-08,Tomato,Nagpur,3393
2025-01-09,Tomato,Nagpur,3401
2025-01-10,Tomato,Nagpur,3414
2025-01-11,Tomato,Nagpur,3418
2025-01-12,Tomato,Nagpur,3432
2025-01-13,Tomato,Nagpur,3428
2025-01-14,Tomato,Nagpur,3431
2025-01-15,Tomato,Nagpur,3450
2025-01-16,Tomato,Nagpur,3443
2025-01-17,Tomato,Nagpur,3455
2025-01-18,Tomato,Nagpur,3463
2025-01-19,Tomato,Nagpur,3471
2025-01-20,Tomato,Nagpur,3488
2025-01-21,Tomato,Nagpur,3494
2025-01-22,Tomato,Nagpur,3494
2025-01-23,Tomato,Nagpur,3477
2025-01-24,Tomato,Nagpur,3479
2025-01-25,Tomato,Nagpur,3478
2025-01-26,Tomato,Nagpur,3459
2025-01-27,Tomato,Nagpur,3479
2025-01-28,Tomato,Nagpur,3496
2025-01-29,Tomato,Nagpur,3490
2025-01-30,Tomato,Nagpur,3512
2025-01-31,Tomato,Nagpur,3503
2025-02-01,Tomato,Nagpur,3514
2025-02-02,Tomato,Nagpur,3525
2025-02-03,Tomato,Nagpur,3521
2025-02-04,Tomato,Nagpur,3501
2025-02-05,Tomato,Nagpur,3494
2025-02-06,Tomato,Nagpur,3497
2025-02-07,Tomato,Nagpur,3520
2025-02-08,Tomato,Nagpur,3543
2025-02-09,Tomato,Nagpur,3524
2025-02-10,Tomato,Nagpur,3540
2025-02-11,Tomato,Nagpur,3551
2025-02-12,Tomato,Nagpur,3570
2025-02-13,Tomato,Nagpur,3584
2025-02-14,Tomato,Nagpur,3603
2025-02-15,Tomato,Nagpur,3607
2025-02-16,Tomato,Nagpur,3589
2025-02-17,Tomato,Nagpur,3579
2025-02-18,Tomato,Nagpur,3560
2025-02-19,Tomato,Nagpur,3581
2025-02-20,Tomato,Nagpur,3583
2025-02-21,Tomato,Nagpur,3576
2025-02-22,Tomato,Nagpur,3587
2025-02-23,Tomato,Nagpur,3572
2025-02-24,Tomato,Nagpur,3569
2025-02-25,Tomato,Nagpur,3592
2025-02-26,Tomato,Nagpur,3596
2025-02-27,Tomato,Nagpur,3607
2025-02-28,Tomato,Nagpur,3615
2025-03-01,Tomato,Nagpur,3600
2025-03-02,Tomato,Nagpur,3588
2025-03-03,Tomato,Nagpur,3590
2025-03-04,Tomato,Nagpur,3587
2025-03-05,Tomato,Nagpur,3581
2025-03-06,Tomato,Nagpur,3592
2025-03-07,Tomato,Nagpur,3609
2025-03-08,Tomato,Nagpur,3597
2025-03-09,Tomato,Nagpur,3607
2025-03-10,Tomato,Nagpur,3605
2025-03-11,Tomato,Nagpur,3622
2025-03-12,Tomato,Nagpur,3643
2025-03-13,Tomato,Nagpur,3658
2025-03-14,Tomato,Nagpur,3640
2025-03-15,Tomato,Nagpur,3622
2025-03-16,Tomato,Nagpur,3645
2025-03-17,Tomato,Nagpur,3665
2025-03-18,Tomato,Nagpur,3662
2025-03-19,Tomato,Nagpur,3642
2025-03-20,Tomato,Nagpur,3661
2025-03-21,Tomato,Nagpur,3645
2025-03-22,Tomato,Nagpur,3656
2025-03-23,Tomato,Nagpur,3663
2025-03-24,Tomato,Nagpur,3687
2025-03-25,Tomato,Nagpur,3698
2025-03-26,Tomato,Nagpur,3702
2025-03-27,Tomato,Nagpur,3704
2025-03-28,Tomato,Nagpur,3704
2025-03-29,Tomato,Nagpur,3693
2025-03-30,Tomato,Nagpur,3705
2025-03-31,Tomato,Nagpur,3704
2025-04-01,Tomato,Nagpur,3693
2025-04-02,Tomato,Nagpur,3690
2025-04-03,Tomato,Nagpur,3694
2025-04-04,Tomato,Nagpur,3694
2025-04-05,Tomato,Nagpur,3719
2025-04-06,Tomato,Nagpur,3711
2025-04-07,Tomato,Nagpur,3695
2025-04-08,Tomato,Nagpur,3719
2025-04-09,Tomato,Nagpur,3701
2025-04-10,Tomato,Nagpur,3719
2025-04-11,Tomato,Nagpur,3702
2025-04-12,Tomato,Nagpur,3696
2025-04-13,Tomato,Nagpur,3715
2025-04-14,Tomato,Nagpur,3735
2025-04-15,Tomato,Nagpur,3736
2025-04-16,Tomato,Nagpur,3752
2025-04-17,Tomato,Nagpur,3740
2025-04-18,Tomato,Nagpur,3739
2025-04-19,Tomato,Nagpur,3728
2025-04-20,Tomato,Nagpur,3739
2025-04-21,Tomato,Nagpur,3733
2025-04-22,Tomato,Nagpur,3738
2025-04-23,Tomato,Nagpur,3762
2025-04-24,Tomato,Nagpur,3778
2025-04-25,Tomato,Nagpur,3796
2025-04-26,Tomato,Nagpur,3782
2025-04-27,Tomato,Nagpur,3769
2025-04-28,Tomato,Nagpur,3769
2025-04-29,Tomato,Nagpur,3754
2025-04-30,Tomato,Nagpur,3741
2025-05-01,Tomato,Nagpur,3757
2025-05-02,Tomato,Nagpur,3738
2025-05-03,Tomato,Nagpur,3752
2025-05-04,Tomato,Nagpur,3777
2025-05-05,Tomato,Nagpur,3771
2025-05-06,Tomato,Nagpur,3777
2025-05-07,Tomato,Nagpur,3783
2025-05-08,Tomato,Nagpur,3791
2025-05-09,Tomato,Nagpur,3791
2025-05-10,Tomato,Nagpur,3788
2025-05-11,Tomato,Nagpur,3807
2025-05-12,Tomato,Nagpur,3803
2025-05-13,Tomato,Nagpur,3797
2025-05-14,Tomato,Nagpur,3809
2025-05-15,Tomato,Nagpur,3807
2025-05-16,Tomato,Nagpur,3820
2025-05-17,Tomato,Nagpur,3802
2025-05-18,Tomato,Nagpur,3822
2025-05-19,Tomato,Nagpur,3807
2025-05-20,Tomato,Nagpur,3788
2025-05-21,Tomato,Nagpur,3802
2025-05-22,Tomato,Nagpur,3799
2025-05-23,Tomato,Nagpur,3815
2025-05-24,Tomato,Nagpur,3825
2025-05-25,Tomato,Nagpur,3826
2025-05-26,Tomato,Nagpur,3826
2025-05-27,Tomato,Nagpur,3847
2025-05-28,Tomato,Nagpur,3870
2025-05-29,Tomato,Nagpur,3873
2025-05-30,Tomato,Nagpur,3884
2025-05-31,Tomato,Nagpur,3894
2025-06-01,Tomato,Nagpur,3884
2025-06-02,Tomato,Nagpur,3869
2025-06-03,Tomato,Nagpur,3887
2025-06-04,Tomato,Nagpur,3897
2025-06-05,Tomato,Nagpur,3894
2025-06-06,Tomato,Nagpur,3878
2025-06-07,Tomato,Nagpur,3873
2025-06-08,Tomato,Nagpur,3895
2025-06-09,Tomato,Nagpur,3908
2025-06-10,Tomato,Nagpur,3905
2025-06-11,Tomato,Nagpur,3930
2025-06-12,Tomato,Nagpur,3921
2025-06-13,Tomato,Nagpur,3946
2025-06-14,Tomato,Nagpur,3952
2025-06-15,Tomato,Nagpur,3933
2025-06-16,Tomato,Nagpur,3915
2025-06-17,Tomato,Nagpur,3927
2025-06-18,Tomato,Nagpur,3936
2025-06-19,Tomato,Nagpur,3937
2025-06-20,Tomato,Nagpur,3948
2025-06-21,Tomato,Nagpur,3929
2025-06-22,Tomato,Nagpur,3915
2025-06-23,Tomato,Nagpur,3908
2025-06-24,Tomato,Nagpur,3905
2025-06-25,Tomato,Nagpur,3887
2025-06-26,Tomato,Nagpur,3879
2025-06-27,Tomato,Nagpur,3873
2025-06-28,Tomato,Nagpur,3855
2025-06-29,Tomato,Nagpur,3846
2025-06-30,Tomato,Nagpur,3829
2025-07-01,Tomato,Nagpur,3837
2025-07-02,Tomato,Nagpur,3862
2025-07-03,Tomato,Nagpur,3848
2025-07-04,Tomato,Nagpur,3853
2025-07-05,Tomato,Nagpur,3847
2025-07-06,Tomato,Nagpur,3843
2025-07-07,Tomato,Nagpur,3831
2025-07-08,Tomato,Nagpur,3855
2025-07-09,Tomato,Nagpur,3867
2025-07-10,Tomato,Nagpur,3870
2025-07-11,Tomato,Nagpur,3879
2025-07-12,Tomato,Nagpur,3892
2025-07-13,Tomato,Nagpur,3884
2025-07-14,Tomato,Nagpur,3871
2025-07-15,Tomato,Nagpur,3882
2025-07-16,Tomato,Nagpur,3899
2025-07-17,Tomato,Nagpur,3924
2025-07-18,Tomato,Nagpur,3907
2025-07-19,Tomato,Nagpur,3893
2025-07-20,Tomato,Nagpur,3917
2025-07-21,Tomato,Nagpur,3922
2025-07-22,Tomato,Nagpur,3937
2025-07-23,Tomato,Nagpur,3959
2025-07-24,Tomato,Nagpur,3970
2025-07-25,Tomato,Nagpur,3988
2025-07-26,Tomato,Nagpur,3996
2025-07-27,Tomato,Nagpur,3981
2025-07-28,Tomato,Nagpur,3984
2025-07-29,Tomato,Nagpur,3966
2025-07-30,Tomato,Nagpur,3951
2025-07-31,Tomato,Nagpur,3933
2025-08-01,Tomato,Nagpur,3937
2025-08-02,Tomato,Nagpur,3937
2025-08-03,Tomato,Nagpur,3925
2025-08-04,Tomato,Nagpur,3944
2025-08-05,Tomato,Nagpur,3937
2025-08-06,Tomato,Nagpur,3938
2025-08-07,Tomato,Nagpur,3963
2025-08-08,Tomato,Nagpur,3958
2025-08-09,Tomato,Nagpur,3982
2025-08-10,Tomato,Nagpur,3987
2025-08-11,Tomato,Nagpur,4010
2025-08-12,Tomato,Nagpur,4009
2025-08-13,Tomato,Nagpur,4012
2025-08-14,Tomato,Nagpur,3998
2025-08-15,Tomato,Nagpur,4022
2025-08-16,Tomato,Nagpur,4044
2025-08-17,Tomato,Nagpur,4028
2025-08-18,Tomato,Nagpur,4037
2025-08-19,Tomato,Nagpur,4029
2025-08-20,Tomato,Nagpur,4049
2025-08-21,Tomato,Nagpur,4035
2025-08-22,Tomato,Nagpur,4042
2025-08-23,Tomato,Nagpur,4028
2025-08-24,Tomato,Nagpur,4032
2025-08-25,Tomato,Nagpur,4038
2025-08-26,Tomato,Nagpur,4032
2025-08-27,Tomato,Nagpur,4017
2025-08-28,Tomato,Nagpur,4031
2025-08-29,Tomato,Nagpur,4046
2025-08-30,Tomato,Nagpur,4040
2025-08-31,Tomato,Nagpur,4033
2025-09-01,Tomato,Nagpur,4031
2025-09-02,Tomato,Nagpur,4021
2025-09-03,Tomato,Nagpur,4040
2025-09-04,Tomato,Nagpur,4058
2025-09-05,Tomato,Nagpur,4075
2025-09-06,Tomato,Nagpur,4099
2025-09-07,Tomato,Nagpur,4120
2025-09-08,Tomato,Nagpur,4141
2025-09-09,Tomato,Nagpur,4157
2025-09-10,Tomato,Nagpur,4175
2025-09-11,Tomato,Nagpur,4196
2025-09-12,Tomato,Nagpur,4220
2025-09-13,Tomato,Nagpur,4233
2025-09-14,Tomato,Nagpur,4251
2025-09-15,Tomato,Nagpur,4267
2025-09-16,Tomato,Nagpur,4288
2025-09-17,Tomato,Nagpur,4275
2025-09-18,Tomato,Nagpur,4260
2025-09-19,Tomato,Nagpur,4250
2025-09-20,Tomato,Nagpur,4256
2025-09-21,Tomato,Nagpur,4277
2025-09-22,Tomato,Nagpur,4289
2025-09-23,Tomato,Nagpur,4293
2025-09-24,Tomato,Nagpur,4273
2025-09-25,Tomato,Nagpur,4255
2025-09-26,Tomato,Nagpur,4268
2025-09-27,Tomato,Nagpur,4268
2025-09-28,Tomato,Nagpur,4265
2025-09-29,Tomato,Nagpur,4281
2025-09-30,Tomato,Nagpur,4269
2025-10-01,Tomato,Nagpur,4261
2025-10-02,Tomato,Nagpur,4268
2025-10-03,Tomato,Nagpur,4285
2025-10-04,Tomato,Nagpur,4309
2025-10-05,Tomato,Nagpur,4301
2025-10-06,Tomato,Nagpur,4311
2025-10-07,Tomato,Nagpur,4292
2025-10-08,Tomato,Nagpur,4279
2025-10-09,Tomato,Nagpur,4283
2025-10-10,Tomato,Nagpur,4279
2025-10-11,Tomato,Nagpur,4261
2025-10-12,Tomato,Nagpur,4279
2025-10-13,Tomato,Nagpur,4304
2025-10-14,Tomato,Nagpur,4318
2025-10-15,Tomato,Nagpur,4329
2025-10-16,Tomato,Nagpur,4317
2025-10-17,Tomato,Nagpur,4311
2025-10-18,Tomato,Nagpur,4333
2025-10-19,Tomato,Nagpur,4339
2025-10-20,Tomato,Nagpur,4329
2025-10-21,Tomato,Nagpur,4315
2025-10-22,Tomato,Nagpur,4300
2025-10-23,Tomato,Nagpur,4294
2025-10-24,Tomato,Nagpur,4281
2025-10-25,Tomato,Nagpur,4282
2025-10-26,Tomato,Nagpur,4297
2025-10-27,Tomato,Nagpur,4312
2025-10-28,Tomato,Nagpur,4299
2025-10-29,Tomato,Nagpur,4283
2025-10-30,Tomato,Nagpur,4282
2025-10-31,Tomato,Nagpur,4301
2025-11-01,Tomato,Nagpur,4318
2025-11-02,Tomato,Nagpur,4341
2025-11-03,Tomato,Nagpur,4352
2025-11-04,Tomato,Nagpur,4368
2025-11-05,Tomato,Nagpur,4366
2025-11-06,Tomato,Nagpur,4356
2025-11-07,Tomato,Nagpur,4345
2025-11-08,Tomato,Nagpur,4354
2025-11-09,Tomato,Nagpur,4357
2025-11-10,Tomato,Nagpur,4344
2025-11-11,Tomato,Nagpur,4355
2025-11-12,Tomato,Nagpur,4354
2025-11-13,Tomato,Nagpur,4351
2025-11-14,Tomato,Nagpur,4360
2025-11-15,Tomato,Nagpur,4371
2025-11-16,Tomato,Nagpur,4377
2025-11-17,Tomato,Nagpur,4395
2025-11-18,Tomato,Nagpur,4413
2025-11-19,Tomato,Nagpur,4417
2025-11-20,Tomato,Nagpur,4436
2025-11-21,Tomato,Nagpur,4438
2025-11-22,Tomato,Nagpur,4458
2025-11-23,Tomato,Nagpur,4464
2025-11-24,Tomato,Nagpur,4486
2025-11-25,Tomato,Nagpur,4499
2025-11-26,Tomato,Nagpur,4520
2025-11-27,Tomato,Nagpur,4531
2025-11-28,Tomato,Nagpur,4522
2025-11-29,Tomato,Nagpur,4510
2025-11-30,Tomato,Nagpur,4505
2025-12-01,Tomato,Nagpur,4515
2025-12-02,Tomato,Nagpur,4536
2025-12-03,Tomato,Nagpur,4543
2025-12-04,Tomato,Nagpur,4567
2025-12-05,Tomato,Nagpur,4555
2025-12-06,Tomato,Nagpur,4536
2025-12-07,Tomato,Nagpur,4540
2025-12-08,Tomato,Nagpur,4547
2025-12-09,Tomato,Nagpur,4569
2025-12-10,Tomato,Nagpur,4570
2025-12-11,Tomato,Nagpur,4586
2025-12-12,Tomato,Nagpur,4591
2025-12-13,Tomato,Nagpur,4607
2025-12-14,Tomato,Nagpur,4623
2025-12-15,Tomato,Nagpur,4623
2025-12-16,Tomato,Nagpur,4613
2025-12-17,Tomato,Nagpur,4611
2025-12-18,Tomato,Nagpur,4599
2025-12-19,Tomato,Nagpur,4621
2025-12-20,Tomato,Nagpur,4622
2025-12-21,Tomato,Nagpur,4635
2025-12-22,Tomato,Nagpur,4657
2025-12-23,Tomato,Nagpur,4656
2025-12-24,Tomato,Nagpur,4678
2025-12-25,Tomato,Nagpur,4685
2025-12-26,Tomato,Nagpur,4687
2025-12-27,Tomato,Nagpur,4709
2025-12-28,Tomato,Nagpur,4690
2025-12-29,Tomato,Nagpur,4674
2025-12-30,Tomato,Nagpur,4676
2025-12-31,Tomato,Nagpur,4674
2024-01-01,Tomato,Indore,2457
2024-01-02,Tomato,Indore,2457
2024-01-03,Tomato,Indore,2441
2024-01-04,Tomato,Indore,2428
2024-01-05,Tomato,Indore,2425
2024-01-06,Tomato,Indore,2415
2024-01-07,Tomato,Indore,2428
2024-01-08,Tomato,Indore,2448
2024-01-09,Tomato,Indore,2430
2024-01-10,Tomato,Indore,2435
2024-01-11,Tomato,Indore,2430
2024-01-12,Tomato,Indore,2441
2024-01-13,Tomato,Indore,2432
2024-01-14,Tomato,Indore,2442
2024-01-15,Tomato,Indore,2437
2024-01-16,Tomato,Indore,2436
2024-01-17,Tomato,Indore,2425
2024-01-18,Tomato,Indore,2444
2024-01-19,Tomato,Indore,2446
2024-01-20,Tomato,Indore,2438
2024-01-21,Tomato,Indore,2457
2024-01-22,Tomato,Indore,2467
2024-01-23,Tomato,Indore,2454
2024-01-24,Tomato,Indore,2444
2024-01-25,Tomato,Indore,2446
2024-01-26,Tomato,Indore,2447
2024-01-27,Tomato,Indore,2448
2024-01-28,Tomato,Indore,2440
2024-01-29,Tomato,Indore,2430
2024-01-30,Tomato,Indore,2421
2024-01-31,Tomato,Indore,2428
2024-02-01,Tomato,Indore,2443
2024-02-02,Tomato,Indore,2430
2024-02-03,Tomato,Indore,2444
2024-02-04,Tomato,Indore,2460
2024-02-05,Tomato,Indore,2458
2024-02-06,Tomato,Indore,2451
2024-02-07,Tomato,Indore,2469
2024-02-08,Tomato,Indore,2468
2024-02-09,Tomato,Indore,2480
2024-02-10,Tomato,Indore,2475
2024-02-11,Tomato,Indore,2487
2024-02-12,Tomato,Indore,2497
2024-02-13,Tomato,Indore,2496
2024-02-14,Tomato,Indore,2494
2024-02-15,Tomato,Indore,2488
2024-02-16,Tomato,Indore,2492
2024-02-17,Tomato,Indore,2509
2024-02-18,Tomato,Indore,2532
2024-02-19,Tomato,Indore,2542
2024-02-20,Tomato,Indore,2534
2024-02-21,Tomato,Indore,2550
2024-02-22,Tomato,Indore,2548
2024-02-23,Tomato,Indore,2559
2024-02-24,Tomato,Indore,2541
2024-02-25,Tomato,Indore,2548
2024-02-26,Tomato,Indore,2533
2024-02-27,Tomato,Indore,2519
2024-02-28,Tomato,Indore,2538
2024-02-29,Tomato,Indore,2521
2024-03-01,Tomato,Indore,2534
2024-03-02,Tomato,Indore,2549
2024-03-03,Tomato,Indore,2535
2024-03-04,Tomato,Indore,2521
2024-03-05,Tomato,Indore,2531
2024-03-06,Tomato,Indore,2549
2024-03-07,Tomato,Indore,2555
2024-03-08,Tomato,Indore,2565
2024-03-09,Tomato,Indore,2566
2024-03-10,Tomato,Indore,2546
2024-03-11,Tomato,Indore,2536
2024-03-12,Tomato,Indore,2551
2024-03-13,Tomato,Indore,2549
2024-03-14,Tomato,Indore,2538
2024-03-15,Tomato,Indore,2552
2024-03-16,Tomato,Indore,2532
2024-03-17,Tomato,Indore,2527
2024-03-18,Tomato,Indore,2541
2024-03-19,Tomato,Indore,2548
2024-03-20,Tomato,Indore,2534
2024-03-21,Tomato,Indore,2542
2024-03-22,Tomato,Indore,2527
2024-03-23,Tomato,Indore,2509
2024-03-24,Tomato,Indore,2497
2024-03-25,Tomato,Indore,2514
2024-03-26,Tomato,Indore,2530
2024-03-27,Tomato,Indore,2515
2024-03-28,Tomato,Indore,2531
2024-03-29,Tomato,Indore,2548
2024-03-30,Tomato,Indore,2532
2024-03-31,Tomato,Indore,2534
2024-04-01,Tomato,Indore,2549
2024-04-02,Tomato,Indore,2552
2024-04-03,Tomato,Indore,2557
2024-04-04,Tomato,Indore,2576
2024-04-05,Tomato,Indore,2586
2024-04-06,Tomato,Indore,2574
2024-04-07,Tomato,Indore,2566
2024-04-08,Tomato,Indore,2572
2024-04-09,Tomato,Indore,2567
2024-04-10,Tomato,Indore,2582
2024-04-11,Tomato,Indore,2589
2024-04-12,Tomato,Indore,2577
2024-04-13,Tomato,Indore,2579
2024-04-14,Tomato,Indore,2575
2024-04-15,Tomato,Indore,2571
2024-04-16,Tomato,Indore,2592
2024-04-17,Tomato,Indore,2580
2024-04-18,Tomato,Indore,2602
2024-04-19,Tomato,Indore,2617
2024-04-20,Tomato,Indore,2636
2024-04-21,Tomato,Indore,2659
2024-04-22,Tomato,Indore,2639
2024-04-23,Tomato,Indore,2658
2024-04-24,Tomato,Indore,2652
2024-04-25,Tomato,Indore,2643
2024-04-26,Tomato,Indore,2651
2024-04-27,Tomato,Indore,2669
2024-04-28,Tomato,Indore,2670
2024-04-29,Tomato,Indore,2653
2024-04-30,Tomato,Indore,2670
2024-05-01,Tomato,Indore,2662
2024-05-02,Tomato,Indore,2659
2024-05-03,Tomato,Indore,2652
2024-05-04,Tomato,Indore,2675
2024-05-05,Tomato,Indore,2676
2024-05-06,Tomato,Indore,2660
2024-05-07,Tomato,Indore,2660
2024-05-08,Tomato,Indore,2647
2024-05-09,Tomato,Indore,2640
2024-05-10,Tomato,Indore,2650
2024-05-11,Tomato,Indore,2659
2024-05-12,Tomato,Indore,2661
2024-05-13,Tomato,Indore,2653
2024-05-14,Tomato,Indore,2641
2024-05-15,Tomato,Indore,2647
2024-05-16,Tomato,Indore,2657
2024-05-17,Tomato,Indore,2641
2024-05-18,Tomato,Indore,2629
2024-05-19,Tomato,Indore,2647
2024-05-20,Tomato,Indore,2630
2024-05-21,Tomato,Indore,2620
2024-05-22,Tomato,Indore,2642
2024-05-23,Tomato,Indore,2624
2024-05-24,Tomato,Indore,2643
2024-05-25,Tomato,Indore,2638
2024-05-26,Tomato,Indore,2632
2024-05-27,Tomato,Indore,2638
2024-05-28,Tomato,Indore,2642
2024-05-29,Tomato,Indore,2624
2024-05-30,Tomato,Indore,2629
2024-05-31,Tomato,Indore,2644
2024-06-01,Tomato,Indore,2667
2024-06-02,Tomato,Indore,2658
2024-06-03,Tomato,Indore,2677
2024-06-04,Tomato,Indore,2662
2024-06-05,Tomato,Indore,2656
2024-06-06,Tomato,Indore,2644
2024-06-07,Tomato,Indore,2666
2024-06-08,Tomato,Indore,2665
2024-06-09,Tomato,Indore,2647
2024-06-10,Tomato,Indore,2667
2024-06-11,Tomato,Indore,2689
2024-06-12,Tomato,Indore,2708
2024-06-13,Tomato,Indore,2699
2024-06-14,Tomato,Indore,2698
2024-06-15,Tomato,Indore,2691
2024-06-16,Tomato,Indore,2684
2024-06-17,Tomato,Indore,2697
2024-06-18,Tomato,Indore,2713
2024-06-19,Tomato,Indore,2700
2024-06-20,Tomato,Indore,2682
2024-06-21,Tomato,Indore,2687
2024-06-22,Tomato,Indore,2708
2024-06-23,Tomato,Indore,2692
2024-06-24,Tomato,Indore,2699
2024-06-25,Tomato,Indore,2718
2024-06-26,Tomato,Indore,2732
2024-06-27,Tomato,Indore,2757
2024-06-28,Tomato,Indore,2760
2024-06-29,Tomato,Indore,2755
2024-06-30,Tomato,Indore,2740
2024-07-01,Tomato,Indore,2728
2024-07-02,Tomato,Indore,2726
2024-07-03,Tomato,Indore,2746
2024-07-04,Tomato,Indore,2748
2024-07-05,Tomato,Indore,2738
2024-07-06,Tomato,Indore,2759
2024-07-07,Tomato,Indore,2739
2024-07-08,Tomato,Indore,2752
2024-07-09,Tomato,Indore,2755
2024-07-10,Tomato,Indore,2750
2024-07-11,Tomato,Indore,2755
2024-07-12,Tomato,Indore,2772
2024-07-13,Tomato,Indore,2775
2024-07-14,Tomato,Indore,2764
2024-07-15,Tomato,Indore,2752
2024-07-16,Tomato,Indore,2746
2024-07-17,Tomato,Indore,2735
2024-07-18,Tomato,Indore,2722
2024-07-19,Tomato,Indore,2742
2024-07-20,Tomato,Indore,2732
2024-07-21,Tomato,Indore,2746
2024-07-22,Tomato,Indore,2736
2024-07-23,Tomato,Indore,2748
2024-07-24,Tomato,Indore,2738
2024-07-25,Tomato,Indore,2739
2024-07-26,Tomato,Indore,2741
2024-07-27,Tomato,Indore,2753
2024-07-28,Tomato,Indore,2768
2024-07-29,Tomato,Indore,2784
2024-07-30,Tomato,Indore,2772
2024-07-31,Tomato,Indore,2794
2024-08-01,Tomato,Indore,2791
2024-08-02,Tomato,Indore,2789
2024-08-03,Tomato,Indore,2772
2024-08-04,Tomato,Indore,2782
2024-08-05,Tomato,Indore,2778
2024-08-06,Tomato,Indore,2782
2024-08-07,Tomato,Indore,2807
2024-08-08,Tomato,Indore,2807
2024-08-09,Tomato,Indore,2788
2024-08-10,Tomato,Indore,2809
2024-08-11,Tomato,Indore,2797
2024-08-12,Tomato,Indore,2800
2024-08-13,Tomato,Indore,2805
2024-08-14,Tomato,Indore,2815
2024-08-15,Tomato,Indore,2822
2024-08-16,Tomato,Indore,2818
2024-08-17,Tomato,Indore,2803
2024-08-18,Tomato,Indore,2818
2024-08-19,Tomato,Indore,2831
2024-08-20,Tomato,Indore,2823
2024-08-21,Tomato,Indore,2839
2024-08-22,Tomato,Indore,2862
2024-08-23,Tomato,Indore,2868
2024-08-24,Tomato,Indore,2854
2024-08-25,Tomato,Indore,2867
2024-08-26,Tomato,Indore,2877
2024-08-27,Tomato,Indore,2857
2024-08-28,Tomato,Indore,2869
2024-08-29,Tomato,Indore,2852
2024-08-30,Tomato,Indore,2862
2024-08-31,Tomato,Indore,2868
2024-09-01,Tomato,Indore,2866
2024-09-02,Tomato,Indore,2872
2024-09-03,Tomato,Indore,2861
2024-09-04,Tomato,Indore,2876
2024-09-05,Tomato,Indore,2882
2024-09-06,Tomato,Indore,2866
2024-09-07,Tomato,Indore,2888
2024-09-08,Tomato,Indore,2894
2024-09-09,Tomato,Indore,2888
2024-09-10,Tomato,Indore,2910
2024-09-11,Tomato,Indore,2920
2024-09-12,Tomato,Indore,2938
2024-09-13,Tomato,Indore,2953
2024-09-14,Tomato,Indore,2974
2024-09-15,Tomato,Indore,2989
2024-09-16,Tomato,Indore,2996
2024-09-17,Tomato,Indore,2989
2024-09-18,Tomato,Indore,2984
2024-09-19,Tomato,Indore,2990
2024-09-20,Tomato,Indore,3004
2024-09-21,Tomato,Indore,3011
2024-09-22,Tomato,Indore,3012
2024-09-23,Tomato,Indore,3001
2024-09-24,Tomato,Indore,2982
2024-09-25,Tomato,Indore,2976
2024-09-26,Tomato,Indore,2957
2024-09-27,Tomato,Indore,2950
2024-09-28,Tomato,Indore,2963
2024-09-29,Tomato,Indore,2959
2024-09-30,Tomato,Indore,2939
2024-10-01,Tomato,Indore,2946
2024-10-02,Tomato,Indore,2952
2024-10-03,Tomato,Indore,2964
2024-10-04,Tomato,Indore,2987
2024-10-05,Tomato,Indore,2976
2024-10-06,Tomato,Indore,2971
2024-10-07,Tomato,Indore,2957
2024-10-08,Tomato,Indore,2981
2024-10-09,Tomato,Indore,2962
2024-10-10,Tomato,Indore,2965
2024-10-11,Tomato,Indore,2975
2024-10-12,Tomato,Indore,2970
2024-10-13,Tomato,Indore,2970
2024-10-14,Tomato,Indore,2962
2024-10-15,Tomato,Indore,2985
2024-10-16,Tomato,Indore,2977
2024-10-17,Tomato,Indore,2992
2024-10-18,Tomato,Indore,2973
2024-10-19,Tomato,Indore,2981
2024-10-20,Tomato,Indore,2983
2024-10-21,Tomato,Indore,2997
2024-10-22,Tomato,Indore,2987
2024-10-23,Tomato,Indore,3000
2024-10-24,Tomato,Indore,3016
2024-10-25,Tomato,Indore,3008
2024-10-26,Tomato,Indore,3012
2024-10-27,Tomato,Indore,3032
2024-10-28,Tomato,Indore,3012
2024-10-29,Tomato,Indore,3036
2024-10-30,Tomato,Indore,3055
2024-10-31,Tomato,Indore,3052
2024-11-01,Tomato,Indore,3041
2024-11-02,Tomato,Indore,3055
2024-11-03,Tomato,Indore,3057
2024-11-04,Tomato,Indore,3037
2024-11-05,Tomato,Indore,3026
2024-11-06,Tomato,Indore,3032
2024-11-07,Tomato,Indore,3049
2024-11-08,Tomato,Indore,3051
2024-11-09,Tomato,Indore,3064
2024-11-10,Tomato,Indore,3058
2024-11-11,Tomato,Indore,3066
2024-11-12,Tomato,Indore,3081
2024-11-13,Tomato,Indore,3069
2024-11-14,Tomato,Indore,3090
2024-11-15,Tomato,Indore,3092
2024-11-16,Tomato,Indore,3075
2024-11-17,Tomato,Indore,3086
2024-11-18,Tomato,Indore,3092
2024-11-19,Tomato,Indore,3107
2024-11-20,Tomato,Indore,3113
2024-11-21,Tomato,Indore,3115
2024-11-22,Tomato,Indore,3123
2024-11-23,Tomato,Indore,3128
2024-11-24,Tomato,Indore,3130
2024-11-25,Tomato,Indore,3123
2024-11-26,Tomato,Indore,3129
2024-11-27,Tomato,Indore,3147
2024-11-28,Tomato,Indore,3151
2024-11-29,Tomato,Indore,3173
2024-11-30,Tomato,Indore,3198
2024-12-01,Tomato,Indore,3184
2024-12-02,Tomato,Indore,3172
2024-12-03,Tomato,Indore,3188
2024-12-04,Tomato,Indore,3189
2024-12-05,Tomato,Indore,3213
2024-12-06,Tomato,Indore,3225
2024-12-07,Tomato,Indore,3217
2024-12-08,Tomato,Indore,3199
2024-12-09,Tomato,Indore,3197
2024-12-10,Tomato,Indore,3199
2024-12-11,Tomato,Indore,3210
2024-12-12,Tomato,Indore,3192
2024-12-13,Tomato,Indore,3213
2024-12-14,Tomato,Indore,3238
2024-12-15,Tomato,Indore,3248
2024-12-16,Tomato,Indore,3273
2024-12-17,Tomato,Indore,3287
2024-12-18,Tomato,Indore,3282
2024-12-19,Tomato,Indore,3265
2024-12-20,Tomato,Indore,3262
2024-12-21,Tomato,Indore,3271
2024-12-22,Tomato,Indore,3270
2024-12-23,Tomato,Indore,3264
2024-12-24,Tomato,Indore,3269
2024-12-25,Tomato,Indore,3263
2024-12-26,Tomato,Indore,3276
2024-12-27,Tomato,Indore,3288
2024-12-28,Tomato,Indore,3301
2024-12-29,Tomato,Indore,3320
2024-12-30,Tomato,Indore,3317
2024-12-31,Tomato,Indore,3326
2025-01-01,Tomato,Indore,3347
2025-01-02,Tomato,Indore,3329
2025-01-03,Tomato,Indore,3310
2025-01-04,Tomato,Indore,3307
2025-01-05,Tomato,Indore,3329
2025-01-06,Tomato,Indore,3311
2025-01-07,Tomato,Indore,3321
2025-01-08,Tomato,Indore,3302
2025-01-09,Tomato,Indore,3282
2025-01-10,Tomato,Indore,3270
2025-01-11,Tomato,Indore,3282
2025-01-12,Tomato,Indore,3271
2025-01-13,Tomato,Indore,3278
2025-01-14,Tomato,Indore,3261
2025-01-15,Tomato,Indore,3284
2025-01-16,Tomato,Indore,3298
2025-01-17,Tomato,Indore,3293
2025-01-18,Tomato,Indore,3304
2025-01-19,Tomato,Indore,3313
2025-01-20,Tomato,Indore,3327
2025-01-21,Tomato,Indore,3312
2025-01-22,Tomato,Indore,3313
2025-01-23,Tomato,Indore,3307
2025-01-24,Tomato,Indore,3329
2025-01-25,Tomato,Indore,3311
2025-01-26,Tomato,Indore,3317
2025-01-27,Tomato,Indore,3309
2025-01-28,Tomato,Indore,3310
2025-01-29,Tomato,Indore,3334
2025-01-30,Tomato,Indore,3343
2025-01-31,Tomato,Indore,3355
2025-02-01,Tomato,Indore,3368
2025-02-02,Tomato,Indore,3370
2025-02-03,Tomato,Indore,3384
2025-02-04,Tomato,Indore,3367
2025-02-05,Tomato,Indore,3383
2025-02-06,Tomato,Indore,3393
2025-02-07,Tomato,Indore,3386
2025-02-08,Tomato,Indore,3371
2025-02-09,Tomato,Indore,3364
2025-02-10,Tomato,Indore,3389
2025-02-11,Tomato,Indore,3409
2025-02-12,Tomato,Indore,3406
2025-02-13,Tomato,Indore,3387
2025-02-14,Tomato,Indore,3395
2025-02-15,Tomato,Indore,3420
2025-02-16,Tomato,Indore,3436
2025-02-17,Tomato,Indore,3446
2025-02-18,Tomato,Indore,3452
2025-02-19,Tomato,Indore,3462
2025-02-20,Tomato,Indore,3469
2025-02-21,Tomato,Indore,3458
2025-02-22,Tomato,Indore,3443
2025-02-23,Tomato,Indore,3466
2025-02-24,Tomato,Indore,3454
2025-02-25,Tomato,Indore,3469
2025-02-26,Tomato,Indore,3494
2025-02-27,Tomato,Indore,3492
2025-02-28,Tomato,Indore,3503
2025-03-01,Tomato,Indore,3492
2025-03-02,Tomato,Indore,3496
2025-03-03,Tomato,Indore,3513
2025-03-04,Tomato,Indore,3495
2025-03-05,Tomato,Indore,3497
2025-03-06,Tomato,Indore,3519
2025-03-07,Tomato,Indore,3506
2025-03-08,Tomato,Indore,3498
2025-03-09,Tomato,Indore,3507
2025-03-10,Tomato,Indore,3527
2025-03-11,Tomato,Indore,3517
2025-03-12,Tomato,Indore,3538
2025-03-13,Tomato,Indore,3557
2025-03-14,Tomato,Indore,3547
2025-03-15,Tomato,Indore,3539
2025-03-16,Tomato,Indore,3546
2025-03-17,Tomato,Indore,3551
2025-03-18,Tomato,Indore,3550
2025-03-19,Tomato,Indore,3562
2025-03-20,Tomato,Indore,3562
2025-03-21,Tomato,Indore,3570
2025-03-22,Tomato,Indore,3577
2025-03-23,Tomato,Indore,3570
2025-03-24,Tomato,Indore,3588
2025-03-25,Tomato,Indore,3591
2025-03-26,Tomato,Indore,3595
2025-03-27,Tomato,Indore,3595
2025-03-28,Tomato,Indore,3581
2025-03-29,Tomato,Indore,3599
2025-03-30,Tomato,Indore,3610
2025-03-31,Tomato,Indore,3591
2025-04-01,Tomato,Indore,3589
2025-04-02,Tomato,Indore,3587
2025-04-03,Tomato,Indore,3568
2025-04-04,Tomato,Indore,3568
2025-04-05,Tomato,Indore,3579
2025-04-06,Tomato,Indore,3578
2025-04-07,Tomato,Indore,3565
2025-04-08,Tomato,Indore,3590
2025-04-09,Tomato,Indore,3572
2025-04-10,Tomato,Indore,3564
2025-04-11,Tomato,Indore,3580
2025-04-12,Tomato,Indore,3582
2025-04-13,Tomato,Indore,3583
2025-04-14,Tomato,Indore,3584
2025-04-15,Tomato,Indore,3573
2025-04-16,Tomato,Indore,3582
2025-04-17,Tomato,Indore,3596
2025-04-18,Tomato,Indore,3591
2025-04-19,Tomato,Indore,3610
2025-04-20,Tomato,Indore,3613
2025-04-21,Tomato,Indore,3637
2025-04-22,Tomato,Indore,3625
2025-04-23,Tomato,Indore,3613
2025-04-24,Tomato,Indore,3609
2025-04-25,Tomato,Indore,3622
2025-04-26,Tomato,Indore,3626
2025-04-27,Tomato,Indore,3642
2025-04-28,Tomato,Indore,3648
2025-04-29,Tomato,Indore,3638
2025-04-30,Tomato,Indore,3659
2025-05-01,Tomato,Indore,3678
2025-05-02,Tomato,Indore,3697
2025-05-03,Tomato,Indore,3720
2025-05-04,Tomato,Indore,3720
2025-05-05,Tomato,Indore,3723
2025-05-06,Tomato,Indore,3739
2025-05-07,Tomato,Indore,3738
2025-05-08,Tomato,Indore,3731
2025-05-09,Tomato,Indore,3736
2025-05-10,Tomato,Indore,3732
2025-05-11,Tomato,Indore,3748
2025-05-12,Tomato,Indore,3746
2025-05-13,Tomato,Indore,3728
2025-05-14,Tomato,Indore,3721
2025-05-15,Tomato,Indore,3745
2025-05-16,Tomato,Indore,3749
2025-05-17,Tomato,Indore,3770
2025-05-18,Tomato,Indore,3767
2025-05-19,Tomato,Indore,3769
2025-05-20,Tomato,Indore,3793
2025-05-21,Tomato,Indore,3800
2025-05-22,Tomato,Indore,3822
2025-05-23,Tomato,Indore,3822
2025-05-24,Tomato,Indore,3824
2025-05-25,Tomato,Indore,3839
2025-05-26,Tomato,Indore,3855
2025-05-27,Tomato,Indore,3857
2025-05-28,Tomato,Indore,3866
2025-05-29,Tomato,Indore,3851
2025-05-30,Tomato,Indore,3874
2025-05-31,Tomato,Indore,3883
2025-06-01,Tomato,Indore,3891
2025-06-02,Tomato,Indore,3903
2025-06-03,Tomato,Indore,3918
2025-06-04,Tomato,Indore,3936
2025-06-05,Tomato,Indore,3933
2025-06-06,Tomato,Indore,3921
2025-06-07,Tomato,Indore,3919
2025-06-08,Tomato,Indore,3915
2025-06-09,Tomato,Indore,3939
2025-06-10,Tomato,Indore,3960
2025-06-11,Tomato,Indore,3952
2025-06-12,Tomato,Indore,3948
2025-06-13,Tomato,Indore,3945
2025-06-14,Tomato,Indore,3955
2025-06-15,Tomato,Indore,3971
2025-06-16,Tomato,Indore,3985
2025-06-17,Tomato,Indore,3997
2025-06-18,Tomato,Indore,3989
2025-06-19,Tomato,Indore,3972
2025-06-20,Tomato,Indore,3982
2025-06-21,Tomato,Indore,3964
2025-06-22,Tomato,Indore,3960
2025-06-23,Tomato,Indore,3981
2025-06-24,Tomato,Indore,3970
2025-06-25,Tomato,Indore,3979
2025-06-26,Tomato,Indore,4001
2025-06-27,Tomato,Indore,3998
2025-06-28,Tomato,Indore,3982
2025-06-29,Tomato,Indore,3986
2025-06-30,Tomato,Indore,3982
2025-07-01,Tomato,Indore,3962
2025-07-02,Tomato,Indore,3972
2025-07-03,Tomato,Indore,3975
2025-07-04,Tomato,Indore,3992
2025-07-05,Tomato,Indore,3974
2025-07-06,Tomato,Indore,3986
2025-07-07,Tomato,Indore,4009
2025-07-08,Tomato,Indore,4003
2025-07-09,Tomato,Indore,3999
2025-07-10,Tomato,Indore,4001
2025-07-11,Tomato,Indore,3992
2025-07-12,Tomato,Indore,3990
2025-07-13,Tomato,Indore,3990
2025-07-14,Tomato,Indore,3986
2025-07-15,Tomato,Indore,3974
2025-07-16,Tomato,Indore,3962
2025-07-17,Tomato,Indore,3970
2025-07-18,Tomato,Indore,3951
2025-07-19,Tomato,Indore,3972
2025-07-20,Tomato,Indore,3990
2025-07-21,Tomato,Indore,3989
2025-07-22,Tomato,Indore,3985
2025-07-23,Tomato,Indore,3976
2025-07-24,Tomato,Indore,3971
2025-07-25,Tomato,Indore,3996
2025-07-26,Tomato,Indore,3985
2025-07-27,Tomato,Indore,3981
2025-07-28,Tomato,Indore,3972
2025-07-29,Tomato,Indore,3971
2025-07-30,Tomato,Indore,3978
2025-07-31,Tomato,Indore,3965
2025-08-01,Tomato,Indore,3983
2025-08-02,Tomato,Indore,3968
2025-08-03,Tomato,Indore,3980
2025-08-04,Tomato,Indore,3964
2025-08-05,Tomato,Indore,3969
2025-08-06,Tomato,Indore,3952
2025-08-07,Tomato,Indore,3974
2025-08-08,Tomato,Indore,3980
2025-08-09,Tomato,Indore,3973
2025-08-10,Tomato,Indore,3981
2025-08-11,Tomato,Indore,3990
2025-08-12,Tomato,Indore,3987
2025-08-13,Tomato,Indore,3995
2025-08-14,Tomato,Indore,4002
2025-08-15,Tomato,Indore,4000
2025-08-16,Tomato,Indore,4000
2025-08-17,Tomato,Indore,3981
2025-08-18,Tomato,Indore,3986
2025-08-19,Tomato,Indore,3989
2025-08-20,Tomato,Indore,4009
2025-08-21,Tomato,Indore,3999
2025-08-22,Tomato,Indore,4014
2025-08-23,Tomato,Indore,4016
2025-08-24,Tomato,Indore,4032
2025-08-25,Tomato,Indore,4043
2025-08-26,Tomato,Indore,4035
2025-08-27,Tomato,Indore,4015
2025-08-28,Tomato,Indore,3997
2025-08-29,Tomato,Indore,3981
2025-08-30,Tomato,Indore,3967
2025-08-31,Tomato,Indore,3970
2025-09-01,Tomato,Indore,3979
2025-09-02,Tomato,Indore,3993
2025-09-03,Tomato,Indore,4007
2025-09-04,Tomato,Indore,4016
2025-09-05,Tomato,Indore,3998
2025-09-06,Tomato,Indore,4018
2025-09-07,Tomato,Indore,4021
2025-09-08,Tomato,Indore,4021
2025-09-09,Tomato,Indore,4027
2025-09-10,Tomato,Indore,4038
2025-09-11,Tomato,Indore,4059
2025-09-12,Tomato,Indore,4042
2025-09-13,Tomato,Indore,4040
2025-09-14,Tomato,Indore,4027
2025-09-15,Tomato,Indore,4045
2025-09-16,Tomato,Indore,4038
2025-09-17,Tomato,Indore,4046
2025-09-18,Tomato,Indore,4030
2025-09-19,Tomato,Indore,4016
2025-09-20,Tomato,Indore,4014
2025-09-21,Tomato,Indore,4026
2025-09-22,Tomato,Indore,4017
2025-09-23,Tomato,Indore,4040
2025-09-24,Tomato,Indore,4049
2025-09-25,Tomato,Indore,4039
2025-09-26,Tomato,Indore,4027
2025-09-27,Tomato,Indore,4037
2025-09-28,Tomato,Indore,4040
2025-09-29,Tomato,Indore,4035
2025-09-30,Tomato,Indore,4041
2025-10-01,Tomato,Indore,4052
2025-10-02,Tomato,Indore,4056
2025-10-03,Tomato,Indore,4039
2025-10-04,Tomato,Indore,4042
2025-10-05,Tomato,Indore,4042
2025-10-06,Tomato,Indore,4025
2025-10-07,Tomato,Indore,4046
2025-10-08,Tomato,Indore,4068
2025-10-09,Tomato,Indore,4087
2025-10-10,Tomato,Indore,4085
2025-10-11,Tomato,Indore,4103
2025-10-12,Tomato,Indore,4121
2025-10-13,Tomato,Indore,4102
2025-10-14,Tomato,Indore,4110
2025-10-15,Tomato,Indore,4113
2025-10-16,Tomato,Indore,4134
2025-10-17,Tomato,Indore,4134
2025-10-18,Tomato,Indore,4138
2025-10-19,Tomato,Indore,4142
2025-10-20,Tomato,Indore,4165
2025-10-21,Tomato,Indore,4167
2025-10-22,Tomato,Indore,4183
2025-10-23,Tomato,Indore,4166
2025-10-24,Tomato,Indore,4163
2025-10-25,Tomato,Indore,4162
2025-10-26,Tomato,Indore,4168
2025-10-27,Tomato,Indore,4191
2025-10-28,Tomato,Indore,4213
2025-10-29,Tomato,Indore,4238
2025-10-30,Tomato,Indore,4243
2025-10-31,Tomato,Indore,4250
2025-11-01,Tomato,Indore,4255
2025-11-02,Tomato,Indore,4280
2025-11-03,Tomato,Indore,4266
2025-11-04,Tomato,Indore,4257
2025-11-05,Tomato,Indore,4266
2025-11-06,Tomato,Indore,4266
2025-11-07,Tomato,Indore,4265
2025-11-08,Tomato,Indore,4270
2025-11-09,Tomato,Indore,4281
2025-11-10,Tomato,Indore,4299
2025-11-11,Tomato,Indore,4323
2025-11-12,Tomato,Indore,4335
2025-11-13,Tomato,Indore,4329
2025-11-14,Tomato,Indore,4316
2025-11-15,Tomato,Indore,4335
2025-11-16,Tomato,Indore,4329
2025-11-17,Tomato,Indore,4339
2025-11-18,Tomato,Indore,4354
2025-11-19,Tomato,Indore,4368
2025-11-20,Tomato,Indore,4377
2025-11-21,Tomato,Indore,4379
2025-11-22,Tomato,Indore,4385
2025-11-23,Tomato,Indore,4382
2025-11-24,Tomato,Indore,4380
2025-11-25,Tomato,Indore,4378
2025-11-26,Tomato,Indore,4395
2025-11-27,Tomato,Indore,4411
2025-11-28,Tomato,Indore,4434
2025-11-29,Tomato,Indore,4425
2025-11-30,Tomato,Indore,4432
2025-12-01,Tomato,Indore,4446
2025-12-02,Tomato,Indore,4470
2025-12-03,Tomato,Indore,4470
2025-12-04,Tomato,Indore,4487
2025-12-05,Tomato,Indore,4494
2025-12-06,Tomato,Indore,4475
2025-12-07,Tomato,Indore,4483
2025-12-08,Tomato,Indore,4480
2025-12-09,Tomato,Indore,4497
2025-12-10,Tomato,Indore,4483
2025-12-11,Tomato,Indore,4493
2025-12-12,Tomato,Indore,4474
2025-12-13,Tomato,Indore,4454
2025-12-14,Tomato,Indore,4443
2025-12-15,Tomato,Indore,4440
2025-12-16,Tomato,Indore,4425
2025-12-17,Tomato,Indore,4409
2025-12-18,Tomato,Indore,4398
2025-12-19,Tomato,Indore,4415
2025-12-20,Tomato,Indore,4436
2025-12-21,Tomato,Indore,4420
2025-12-22,Tomato,Indore,4415
2025-12-23,Tomato,Indore,4411
2025-12-24,Tomato,Indore,4418
2025-12-25,Tomato,Indore,4430
2025-12-26,Tomato,Indore,4422
2025-12-27,Tomato,Indore,4426
2025-12-28,Tomato,Indore,4410
2025-12-29,Tomato,Indore,4391
2025-12-30,Tomato,Indore,4413
2025-12-31,Tomato,Indore,4423
2024-01-01,Tomato,Jaipur,2438
2024-01-02,Tomato,Jaipur,2448
2024-01-03,Tomato,Jaipur,2457
2024-01-04,Tomato,Jaipur,2446
2024-01-05,Tomato,Jaipur,2426
2024-01-06,Tomato,Jaipur,2432
2024-01-07,Tomato,Jaipur,2441
2024-01-08,Tomato,Jaipur,2465
2024-01-09,Tomato,Jaipur,2458
2024-01-10,Tomato,Jaipur,2445
2024-01-11,Tomato,Jaipur,2447
2024-01-12,Tomato,Jaipur,2444
2024-01-13,Tomato,Jaipur,2454
2024-01-14,Tomato,Jaipur,2464
2024-01-15,Tomato,Jaipur,2446
2024-01-16,Tomato,Jaipur,2458
2024-01-17,Tomato,Jaipur,2478
2024-01-18,Tomato,Jaipur,2493
2024-01-19,Tomato,Jaipur,2511
2024-01-20,Tomato,Jaipur,2525
2024-01-21,Tomato,Jaipur,2507
2024-01-22,Tomato,Jaipur,2491
2024-01-23,Tomato,Jaipur,2507
2024-01-24,Tomato,Jaipur,2498
2024-01-25,Tomato,Jaipur,2520
2024-01-26,Tomato,Jaipur,2537
2024-01-27,Tomato,Jaipur,2520
2024-01-28,Tomato,Jaipur,2531
2024-01-29,Tomato,Jaipur,2513
2024-01-30,Tomato,Jaipur,2502
2024-01-31,Tomato,Jaipur,2499
2024-02-01,Tomato,Jaipur,2480
2024-02-02,Tomato,Jaipur,2490
2024-02-03,Tomato,Jaipur,2510
2024-02-04,Tomato,Jaipur,2533
2024-02-05,Tomato,Jaipur,2552
2024-02-06,Tomato,Jaipur,2573
2024-02-07,Tomato,Jaipur,2559
2024-02-08,Tomato,Jaipur,2564
2024-02-09,Tomato,Jaipur,2548
2024-02-10,Tomato,Jaipur,2549
2024-02-11,Tomato,Jaipur,2553
2024-02-12,Tomato,Jaipur,2539
2024-02-13,Tomato,Jaipur,2520
2024-02-14,Tomato,Jaipur,2517
2024-02-15,Tomato,Jaipur,2520
2024-02-16,Tomato,Jaipur,2520
2024-02-17,Tomato,Jaipur,2537
2024-02-18,Tomato,Jaipur,2527
2024-02-19,Tomato,Jaipur,2508
2024-02-20,Tomato,Jaipur,2495
2024-02-21,Tomato,Jaipur,2520
2024-02-22,Tomato,Jaipur,2514
2024-02-23,Tomato,Jaipur,2513
2024-02-24,Tomato,Jaipur,2515
2024-02-25,Tomato,Jaipur,2510
2024-02-26,Tomato,Jaipur,2491
2024-02-27,Tomato,Jaipur,2492
2024-02-28,Tomato,Jaipur,2517
2024-02-29,Tomato,Jaipur,2522
2024-03-01,Tomato,Jaipur,2516
2024-03-02,Tomato,Jaipur,2537
2024-03-03,Tomato,Jaipur,2540
2024-03-04,Tomato,Jaipur,2523
2024-03-05,Tomato,Jaipur,2510
2024-03-06,Tomato,Jaipur,2495
2024-03-07,Tomato,Jaipur,2487
2024-03-08,Tomato,Jaipur,2487
2024-03-09,Tomato,Jaipur,2505
2024-03-10,Tomato,Jaipur,2517
2024-03-11,Tomato,Jaipur,2535
2024-03-12,Tomato,Jaipur,2542
2024-03-13,Tomato,Jaipur,2536
2024-03-14,Tomato,Jaipur,2554
2024-03-15,Tomato,Jaipur,2562
2024-03-16,Tomato,Jaipur,2558
2024-03-17,Tomato,Jaipur,2541
2024-03-18,Tomato,Jaipur,2551
2024-03-19,Tomato,Jaipur,2568
2024-03-20,Tomato,Jaipur,2587
2024-03-21,Tomato,Jaipur,2587
2024-03-22,Tomato,Jaipur,2612
2024-03-23,Tomato,Jaipur,2607
2024-03-24,Tomato,Jaipur,2596
2024-03-25,Tomato,Jaipur,2596
2024-03-26,Tomato,Jaipur,2610
2024-03-27,Tomato,Jaipur,2605
2024-03-28,Tomato,Jaipur,2628
2024-03-29,Tomato,Jaipur,2619
2024-03-30,Tomato,Jaipur,2620
2024-03-31,Tomato,Jaipur,2611
2024-04-01,Tomato,Jaipur,2592
2024-04-02,Tomato,Jaipur,2600
2024-04-03,Tomato,Jaipur,2607
2024-04-04,Tomato,Jaipur,2611
2024-04-05,Tomato,Jaipur,2618
2024-04-06,Tomato,Jaipur,2620
2024-04-07,Tomato,Jaipur,2640
2024-04-08,Tomato,Jaipur,2624
2024-04-09,Tomato,Jaipur,2646
2024-04-10,Tomato,Jaipur,2648
2024-04-11,Tomato,Jaipur,2638
2024-04-12,Tomato,Jaipur,2630
2024-04-13,Tomato,Jaipur,2652
2024-04-14,Tomato,Jaipur,2651
2024-04-15,Tomato,Jaipur,2663
2024-04-16,Tomato,Jaipur,2669
2024-04-17,Tomato,Jaipur,2694
2024-04-18,Tomato,Jaipur,2683
2024-04-19,Tomato,Jaipur,2700
2024-04-20,Tomato,Jaipur,2685
2024-04-21,Tomato,Jaipur,2696
2024-04-22,Tomato,Jaipur,2704
2024-04-23,Tomato,Jaipur,2712
2024-04-24,Tomato,Jaipur,2693
2024-04-25,Tomato,Jaipur,2682
2024-04-26,Tomato,Jaipur,2682
2024-04-27,Tomato,Jaipur,2706
2024-04-28,Tomato,Jaipur,2700
2024-04-29,Tomato,Jaipur,2702
2024-04-30,Tomato,Jaipur,2702
2024-05-01,Tomato,Jaipur,2719
2024-05-02,Tomato,Jaipur,2742
2024-05-03,Tomato,Jaipur,2732
2024-05-04,Tomato,Jaipur,2722
2024-05-05,Tomato,Jaipur,2729
2024-05-06,Tomato,Jaipur,2754
2024-05-07,Tomato,Jaipur,2772
2024-05-08,Tomato,Jaipur,2756
2024-05-09,Tomato,Jaipur,2746
2024-05-10,Tomato,Jaipur,2755
2024-05-11,Tomato,Jaipur,2762
2024-05-12,Tomato,Jaipur,2762
2024-05-13,Tomato,Jaipur,2772
2024-05-14,Tomato,Jaipur,2796
2024-05-15,Tomato,Jaipur,2808
2024-05-16,Tomato,Jaipur,2829
2024-05-17,Tomato,Jaipur,2854
2024-05-18,Tomato,Jaipur,2874
2024-05-19,Tomato,Jaipur,2878
2024-05-20,Tomato,Jaipur,2861
2024-05-21,Tomato,Jaipur,2880
2024-05-22,Tomato,Jaipur,2865
2024-05-23,Tomato,Jaipur,2883
2024-05-24,Tomato,Jaipur,2885
2024-05-25,Tomato,Jaipur,2892
2024-05-26,Tomato,Jaipur,2909
2024-05-27,Tomato,Jaipur,2903
2024-05-28,Tomato,Jaipur,2908
2024-05-29,Tomato,Jaipur,2914
2024-05-30,Tomato,Jaipur,2938
2024-05-31,Tomato,Jaipur,2960
2024-06-01,Tomato,Jaipur,2947
2024-06-02,Tomato,Jaipur,2960
2024-06-03,Tomato,Jaipur,2952
2024-06-04,Tomato,Jaipur,2949
2024-06-05,Tomato,Jaipur,2973
2024-06-06,Tomato,Jaipur,2959
2024-06-07,Tomato,Jaipur,2970
2024-06-08,Tomato,Jaipur,2952
2024-06-09,Tomato,Jaipur,2950
2024-06-10,Tomato,Jaipur,2949
2024-06-11,Tomato,Jaipur,2944
2024-06-12,Tomato,Jaipur,2965
2024-06-13,Tomato,Jaipur,2961
2024-06-14,Tomato,Jaipur,2950
2024-06-15,Tomato,Jaipur,2957
2024-06-16,Tomato,Jaipur,2965
2024-06-17,Tomato,Jaipur,2962
2024-06-18,Tomato,Jaipur,2986
2024-06-19,Tomato,Jaipur,2988
2024-06-20,Tomato,Jaipur,2996
2024-06-21,Tomato,Jaipur,2981
2024-06-22,Tomato,Jaipur,2975
2024-06-23,Tomato,Jaipur,2985
2024-06-24,Tomato,Jaipur,2991
2024-06-25,Tomato,Jaipur,3005
2024-06-26,Tomato,Jaipur,3022
2024-06-27,Tomato,Jaipur,3020
2024-06-28,Tomato,Jaipur,3033
2024-06-29,Tomato,Jaipur,3041
2024-06-30,Tomato,Jaipur,3026
2024-07-01,Tomato,Jaipur,3031
2024-07-02,Tomato,Jaipur,3053
2024-07-03,Tomato,Jaipur,3043
2024-07-04,Tomato,Jaipur,3053
2024-07-05,Tomato,Jaipur,3060
2024-07-06,Tomato,Jaipur,3082
2024-07-07,Tomato,Jaipur,3069
2024-07-08,Tomato,Jaipur,3084
2024-07-09,Tomato,Jaipur,3067
2024-07-10,Tomato,Jaipur,3055
2024-07-11,Tomato,Jaipur,3051
2024-07-12,Tomato,Jaipur,3035
2024-07-13,Tomato,Jaipur,3036
2024-07-14,Tomato,Jaipur,3045
2024-07-15,Tomato,Jaipur,3047
2024-07-16,Tomato,Jaipur,3058
2024-07-17,Tomato,Jaipur,3081
2024-07-18,Tomato,Jaipur,3101
2024-07-19,Tomato,Jaipur,3091
2024-07-20,Tomato,Jaipur,3101
2024-07-21,Tomato,Jaipur,3113
2024-07-22,Tomato,Jaipur,3112
2024-07-23,Tomato,Jaipur,3127
2024-07-24,Tomato,Jaipur,3137
2024-07-25,Tomato,Jaipur,3144
2024-07-26,Tomato,Jaipur,3165
2024-07-27,Tomato,Jaipur,3148
2024-07-28,Tomato,Jaipur,3148
2024-07-29,Tomato,Jaipur,3154
2024-07-30,Tomato,Jaipur,3162
2024-07-31,Tomato,Jaipur,3184
2024-08-01,Tomato,Jaipur,3198
2024-08-02,Tomato,Jaipur,3183
2024-08-03,Tomato,Jaipur,3164
2024-08-04,Tomato,Jaipur,3159
2024-08-05,Tomato,Jaipur,3175
2024-08-06,Tomato,Jaipur,3184
2024-08-07,Tomato,Jaipur,3208
2024-08-08,Tomato,Jaipur,3200
2024-08-09,Tomato,Jaipur,3196
2024-08-10,Tomato,Jaipur,3212
2024-08-11,Tomato,Jaipur,3192
2024-08-12,Tomato,Jaipur,3206
2024-08-13,Tomato,Jaipur,3196
2024-08-14,Tomato,Jaipur,3189
2024-08-15,Tomato,Jaipur,3182
2024-08-16,Tomato,Jaipur,3173
2024-08-17,Tomato,Jaipur,3179
2024-08-18,Tomato,Jaipur,3188
2024-08-19,Tomato,Jaipur,3208
2024-08-20,Tomato,Jaipur,3196
2024-08-21,Tomato,Jaipur,3207
2024-08-22,Tomato,Jaipur,3216
2024-08-23,Tomato,Jaipur,3196
2024-08-24,Tomato,Jaipur,3201
2024-08-25,Tomato,Jaipur,3215
2024-08-26,Tomato,Jaipur,3196
2024-08-27,Tomato,Jaipur,3212
2024-08-28,Tomato,Jaipur,3194
2024-08-29,Tomato,Jaipur,3203
2024-08-30,Tomato,Jaipur,3199
2024-08-31,Tomato,Jaipur,3190
2024-09-01,Tomato,Jaipur,3178
2024-09-02,Tomato,Jaipur,3170
2024-09-03,Tomato,Jaipur,3161
2024-09-04,Tomato,Jaipur,3180
2024-09-05,Tomato,Jaipur,3172
2024-09-06,Tomato,Jaipur,3170
2024-09-07,Tomato,Jaipur,3171
2024-09-08,Tomato,Jaipur,3170
2024-09-09,Tomato,Jaipur,3161
2024-09-10,Tomato,Jaipur,3162
2024-09-11,Tomato,Jaipur,3182
2024-09-12,Tomato,Jaipur,3188
2024-09-13,Tomato,Jaipur,3183
2024-09-14,Tomato,Jaipur,3187
2024-09-15,Tomato,Jaipur,3177
2024-09-16,Tomato,Jaipur,3181
2024-09-17,Tomato,Jaipur,3191
2024-09-18,Tomato,Jaipur,3177
2024-09-19,Tomato,Jaipur,3191
2024-09-20,Tomato,Jaipur,3188
2024-09-21,Tomato,Jaipur,3206
2024-09-22,Tomato,Jaipur,3214
2024-09-23,Tomato,Jaipur,3203
2024-09-24,Tomato,Jaipur,3227
2024-09-25,Tomato,Jaipur,3240
2024-09-26,Tomato,Jaipur,3223
2024-09-27,Tomato,Jaipur,3217
2024-09-28,Tomato,Jaipur,3197
2024-09-29,Tomato,Jaipur,3189
2024-09-30,Tomato,Jaipur,3196
2024-10-01,Tomato,Jaipur,3177
2024-10-02,Tomato,Jaipur,3175
2024-10-03,Tomato,Jaipur,3199
2024-10-04,Tomato,Jaipur,3198
2024-10-05,Tomato,Jaipur,3223
2024-10-06,Tomato,Jaipur,3224
2024-10-07,Tomato,Jaipur,3246
2024-10-08,Tomato,Jaipur,3249
2024-10-09,Tomato,Jaipur,3236
2024-10-10,Tomato,Jaipur,3227
2024-10-11,Tomato,Jaipur,3236
2024-10-12,Tomato,Jaipur,3254
2024-10-13,Tomato,Jaipur,3267
2024-10-14,Tomato,Jaipur,3258
2024-10-15,Tomato,Jaipur,3257
2024-10-16,Tomato,Jaipur,3264
2024-10-17,Tomato,Jaipur,3287
2024-10-18,Tomato,Jaipur,3302
2024-10-19,Tomato,Jaipur,3325
2024-10-20,Tomato,Jaipur,3334
2024-10-21,Tomato,Jaipur,3354
2024-10-22,Tomato,Jaipur,3369
2024-10-23,Tomato,Jaipur,3357
2024-10-24,Tomato,Jaipur,3366
2024-10-25,Tomato,Jaipur,3384
2024-10-26,Tomato,Jaipur,3375
2024-10-27,Tomato,Jaipur,3366
2024-10-28,Tomato,Jaipur,3366
2024-10-29,Tomato,Jaipur,3365
2024-10-30,Tomato,Jaipur,3348
2024-10-31,Tomato,Jaipur,3365
2024-11-01,Tomato,Jaipur,3348
2024-11-02,Tomato,Jaipur,3362
2024-11-03,Tomato,Jaipur,3383
2024-11-04,Tomato,Jaipur,3391
2024-11-05,Tomato,Jaipur,3396
2024-11-06,Tomato,Jaipur,3394
2024-11-07,Tomato,Jaipur,3409
2024-11-08,Tomato,Jaipur,3396
2024-11-09,Tomato,Jaipur,3381
2024-11-10,Tomato,Jaipur,3402
2024-11-11,Tomato,Jaipur,3383
2024-11-12,Tomato,Jaipur,3397
2024-11-13,Tomato,Jaipur,3411
2024-11-14,Tomato,Jaipur,3423
2024-11-15,Tomato,Jaipur,3425
2024-11-16,Tomato,Jaipur,3424
2024-11-17,Tomato,Jaipur,3441
2024-11-18,Tomato,Jaipur,3460
2024-11-19,Tomato,Jaipur,3468
2024-11-20,Tomato,Jaipur,3479
2024-11-21,Tomato,Jaipur,3474
2024-11-22,Tomato,Jaipur,3481
2024-11-23,Tomato,Jaipur,3471
2024-11-24,Tomato,Jaipur,3469
2024-11-25,Tomato,Jaipur,3467
2024-11-26,Tomato,Jaipur,3452
2024-11-27,Tomato,Jaipur,3457
2024-11-28,Tomato,Jaipur,3471
2024-11-29,Tomato,Jaipur,3472
2024-11-30,Tomato,Jaipur,3484
2024-12-01,Tomato,Jaipur,3500
2024-12-02,Tomato,Jaipur,3501
2024-12-03,Tomato,Jaipur,3519
2024-12-04,Tomato,Jaipur,3506
2024-12-05,Tomato,Jaipur,3488
2024-12-06,Tomato,Jaipur,3472
2024-12-07,Tomato,Jaipur,3489
2024-12-08,Tomato,Jaipur,3481
2024-12-09,Tomato,Jaipur,3495
2024-12-10,Tomato,Jaipur,3510
2024-12-11,Tomato,Jaipur,3498
2024-12-12,Tomato,Jaipur,3482
2024-12-13,Tomato,Jaipur,3502
2024-12-14,Tomato,Jaipur,3495
2024-12-15,Tomato,Jaipur,3507
2024-12-16,Tomato,Jaipur,3517
2024-12-17,Tomato,Jaipur,3511
2024-12-18,Tomato,Jaipur,3502
2024-12-19,Tomato,Jaipur,3493
2024-12-20,Tomato,Jaipur,3493
2024-12-21,Tomato,Jaipur,3477
2024-12-22,Tomato,Jaipur,3476
2024-12-23,Tomato,Jaipur,3477
2024-12-24,Tomato,Jaipur,3463
2024-12-25,Tomato,Jaipur,3486
2024-12-26,Tomato,Jaipur,3474
2024-12-27,Tomato,Jaipur,3474
2024-12-28,Tomato,Jaipur,3478
2024-12-29,Tomato,Jaipur,3464
2024-12-30,Tomato,Jaipur,3480
2024-12-31,Tomato,Jaipur,3505
2025-01-01,Tomato,Jaipur,3495
2025-01-02,Tomato,Jaipur,3507
2025-01-03,Tomato,Jaipur,3522
2025-01-04,Tomato,Jaipur,3505
2025-01-05,Tomato,Jaipur,3502
2025-01-06,Tomato,Jaipur,3526
2025-01-07,Tomato,Jaipur,3524
2025-01-08,Tomato,Jaipur,3525
2025-01-09,Tomato,Jaipur,3521
2025-01-10,Tomato,Jaipur,3541
2025-01-11,Tomato,Jaipur,3546
2025-01-12,Tomato,Jaipur,3561
2025-01-13,Tomato,Jaipur,3547
2025-01-14,Tomato,Jaipur,3559
2025-01-15,Tomato,Jaipur,3544
2025-01-16,Tomato,Jaipur,3525
2025-01-17,Tomato,Jaipur,3549
2025-01-18,Tomato,Jaipur,3558
2025-01-19,Tomato,Jaipur,3558
2025-01-20,Tomato,Jaipur,3553
2025-01-21,Tomato,Jaipur,3539
2025-01-22,Tomato,Jaipur,3522
2025-01-23,Tomato,Jaipur,3537
2025-01-24,Tomato,Jaipur,3554
2025-01-25,Tomato,Jaipur,3574
2025-01-26,Tomato,Jaipur,3565
2025-01-27,Tomato,Jaipur,3577
2025-01-28,Tomato,Jaipur,3579
2025-01-29,Tomato,Jaipur,3592
2025-01-30,Tomato,Jaipur,3585
2025-01-31,Tomato,Jaipur,3582
2025-02-01,Tomato,Jaipur,3572
2025-02-02,Tomato,Jaipur,3571
2025-02-03,Tomato,Jaipur,3577
2025-02-04,Tomato,Jaipur,3567
2025-02-05,Tomato,Jaipur,3577
2025-02-06,Tomato,Jaipur,3570
2025-02-07,Tomato,Jaipur,3584
2025-02-08,Tomato,Jaipur,3582
2025-02-09,Tomato,Jaipur,3594
2025-02-10,Tomato,Jaipur,3596
2025-02-11,Tomato,Jaipur,3619
2025-02-12,Tomato,Jaipur,3622
2025-02-13,Tomato,Jaipur,3634
2025-02-14,Tomato,Jaipur,3633
2025-02-15,Tomato,Jaipur,3651
2025-02-16,Tomato,Jaipur,3669
2025-02-17,Tomato,Jaipur,3655
2025-02-18,Tomato,Jaipur,3653
2025-02-19,Tomato,Jaipur,3633
2025-02-20,Tomato,Jaipur,3639
2025-02-21,Tomato,Jaipur,3662
2025-02-22,Tomato,Jaipur,3680
2025-02-23,Tomato,Jaipur,3702
2025-02-24,Tomato,Jaipur,3693
2025-02-25,Tomato,Jaipur,3710
2025-02-26,Tomato,Jaipur,3717
2025-02-27,Tomato,Jaipur,3722
2025-02-28,Tomato,Jaipur,3724
2025-03-01,Tomato,Jaipur,3744
2025-03-02,Tomato,Jaipur,3762
2025-03-03,Tomato,Jaipur,3746
2025-03-04,Tomato,Jaipur,3731
2025-03-05,Tomato,Jaipur,3751
2025-03-06,Tomato,Jaipur,3746
2025-03-07,Tomato,Jaipur,3750
2025-03-08,Tomato,Jaipur,3775
2025-03-09,Tomato,Jaipur,3781
2025-03-10,Tomato,Jaipur,3775
2025-03-11,Tomato,Jaipur,3780
2025-03-12,Tomato,Jaipur,3794
2025-03-13,Tomato,Jaipur,3789
2025-03-14,Tomato,Jaipur,3813
2025-03-15,Tomato,Jaipur,3816
2025-03-16,Tomato,Jaipur,3828
2025-03-17,Tomato,Jaipur,3835
2025-03-18,Tomato,Jaipur,3844
2025-03-19,Tomato,Jaipur,3851
2025-03-20,Tomato,Jaipur,3836
2025-03-21,Tomato,Jaipur,3852
2025-03-22,Tomato,Jaipur,3841
2025-03-23,Tomato,Jaipur,3827
2025-03-24,Tomato,Jaipur,3831
2025-03-25,Tomato,Jaipur,3845
2025-03-26,Tomato,Jaipur,3851
2025-03-27,Tomato,Jaipur,3841
2025-03-28,Tomato,Jaipur,3865
2025-03-29,Tomato,Jaipur,3877
2025-03-30,Tomato,Jaipur,3877
2025-03-31,Tomato,Jaipur,3866
2025-04-01,Tomato,Jaipur,3869
2025-04-02,Tomato,Jaipur,3860
2025-04-03,Tomato,Jaipur,3843
2025-04-04,Tomato,Jaipur,3831
2025-04-05,Tomato,Jaipur,3827
2025-04-06,Tomato,Jaipur,3825
2025-04-07,Tomato,Jaipur,3831
2025-04-08,Tomato,Jaipur,3851
2025-04-09,Tomato,Jaipur,3867
2025-04-10,Tomato,Jaipur,3888
2025-04-11,Tomato,Jaipur,3912
2025-04-12,Tomato,Jaipur,3920
2025-04-13,Tomato,Jaipur,3906
2025-04-14,Tomato,Jaipur,3900
2025-04-15,Tomato,Jaipur,3918
2025-04-16,Tomato,Jaipur,3934
2025-04-17,Tomato,Jaipur,3921
2025-04-18,Tomato,Jaipur,3938
2025-04-19,Tomato,Jaipur,3933
2025-04-20,Tomato,Jaipur,3925
2025-04-21,Tomato,Jaipur,3945
2025-04-22,Tomato,Jaipur,3934
2025-04-23,Tomato,Jaipur,3944
2025-04-24,Tomato,Jaipur,3946
2025-04-25,Tomato,Jaipur,3941
2025-04-26,Tomato,Jaipur,3927
2025-04-27,Tomato,Jaipur,3911
2025-04-28,Tomato,Jaipur,3934
2025-04-29,Tomato,Jaipur,3920
2025-04-30,Tomato,Jaipur,3938
2025-05-01,Tomato,Jaipur,3951
2025-05-02,Tomato,Jaipur,3964
2025-05-03,Tomato,Jaipur,3952
2025-05-04,Tomato,Jaipur,3954
2025-05-05,Tomato,Jaipur,3961
2025-05-06,Tomato,Jaipur,3959
2025-05-07,Tomato,Jaipur,3972
2025-05-08,Tomato,Jaipur,3969
2025-05-09,Tomato,Jaipur,3951
2025-05-10,Tomato,Jaipur,3950
2025-05-11,Tomato,Jaipur,3970
2025-05-12,Tomato,Jaipur,3992
2025-05-13,Tomato,Jaipur,3996
2025-05-14,Tomato,Jaipur,3984
2025-05-15,Tomato,Jaipur,4006
2025-05-16,Tomato,Jaipur,4021
2025-05-17,Tomato,Jaipur,4023
2025-05-18,Tomato,Jaipur,4045
2025-05-19,Tomato,Jaipur,4068
2025-05-20,Tomato,Jaipur,4084
2025-05-21,Tomato,Jaipur,4101
2025-05-22,Tomato,Jaipur,4122
2025-05-23,Tomato,Jaipur,4147
2025-05-24,Tomato,Jaipur,4132
2025-05-25,Tomato,Jaipur,4126
2025-05-26,Tomato,Jaipur,4106
2025-05-27,Tomato,Jaipur,4099
2025-05-28,Tomato,Jaipur,4118
2025-05-29,Tomato,Jaipur,4098
2025-05-30,Tomato,Jaipur,4093
2025-05-31,Tomato,Jaipur,4078
2025-06-01,Tomato,Jaipur,4072
2025-06-02,Tomato,Jaipur,4080
2025-06-03,Tomato,Jaipur,4082
2025-06-04,Tomato,Jaipur,4103
2025-06-05,Tomato,Jaipur,4093
2025-06-06,Tomato,Jaipur,4079
2025-06-07,Tomato,Jaipur,4102
2025-06-08,Tomato,Jaipur,4102
2025-06-09,Tomato,Jaipur,4090
2025-06-10,Tomato,Jaipur,4106
2025-06-11,Tomato,Jaipur,4121
2025-06-12,Tomato,Jaipur,4110
2025-06-13,Tomato,Jaipur,4107
2025-06-14,Tomato,Jaipur,4095
2025-06-15,Tomato,Jaipur,4110
2025-06-16,Tomato,Jaipur,4098
2025-06-17,Tomato,Jaipur,4080
2025-06-18,Tomato,Jaipur,4066
2025-06-19,Tomato,Jaipur,4085
2025-06-20,Tomato,Jaipur,4091
2025-06-21,Tomato,Jaipur,4093
2025-06-22,Tomato,Jaipur,4075
2025-06-23,Tomato,Jaipur,4080
2025-06-24,Tomato,Jaipur,4104
2025-06-25,Tomato,Jaipur,4100
2025-06-26,Tomato,Jaipur,4101
2025-06-27,Tomato,Jaipur,4121
2025-06-28,Tomato,Jaipur,4103
2025-06-29,Tomato,Jaipur,4090
2025-06-30,Tomato,Jaipur,4095
2025-07-01,Tomato,Jaipur,4096
2025-07-02,Tomato,Jaipur,4081
2025-07-03,Tomato,Jaipur,4077
2025-07-04,Tomato,Jaipur,4083
2025-07-05,Tomato,Jaipur,4107
2025-07-06,Tomato,Jaipur,4096
2025-07-07,Tomato,Jaipur,4098
2025-07-08,Tomato,Jaipur,4094
2025-07-09,Tomato,Jaipur,4079
2025-07-10,Tomato,Jaipur,4073
2025-07-11,Tomato,Jaipur,4081
2025-07-12,Tomato,Jaipur,4073
2025-07-13,Tomato,Jaipur,4080
2025-07-14,Tomato,Jaipur,4103
2025-07-15,Tomato,Jaipur,4111
2025-07-16,Tomato,Jaipur,4133
2025-07-17,Tomato,Jaipur,4121
2025-07-18,Tomato,Jaipur,4139
2025-07-19,Tomato,Jaipur,4151
2025-07-20,Tomato,Jaipur,4141
2025-07-21,Tomato,Jaipur,4158
2025-07-22,Tomato,Jaipur,4172
2025-07-23,Tomato,Jaipur,4166
2025-07-24,Tomato,Jaipur,4177
2025-07-25,Tomato,Jaipur,4188
2025-07-26,Tomato,Jaipur,4193
2025-07-27,Tomato,Jaipur,4173
2025-07-28,Tomato,Jaipur,4167
2025-07-29,Tomato,Jaipur,4177
2025-07-30,Tomato,Jaipur,4162
2025-07-31,Tomato,Jaipur,4152
2025-08-01,Tomato,Jaipur,4171
2025-08-02,Tomato,Jaipur,4189
2025-08-03,Tomato,Jaipur,4200
2025-08-04,Tomato,Jaipur,4217
2025-08-05,Tomato,Jaipur,4237
2025-08-06,Tomato,Jaipur,4237
2025-08-07,Tomato,Jaipur,4227
2025-08-08,Tomato,Jaipur,4249
2025-08-09,Tomato,Jaipur,4273
2025-08-10,Tomato,Jaipur,4253
2025-08-11,Tomato,Jaipur,4242
2025-08-12,Tomato,Jaipur,4249
2025-08-13,Tomato,Jaipur,4271
2025-08-14,Tomato,Jaipur,4289
2025-08-15,Tomato,Jaipur,4280
2025-08-16,Tomato,Jaipur,4302
2025-08-17,Tomato,Jaipur,4314
2025-08-18,Tomato,Jaipur,4303
2025-08-19,Tomato,Jaipur,4307
2025-08-20,Tomato,Jaipur,4318
2025-08-21,Tomato,Jaipur,4343
2025-08-22,Tomato,Jaipur,4353
2025-08-23,Tomato,Jaipur,4364
2025-08-24,Tomato,Jaipur,4347
2025-08-25,Tomato,Jaipur,4338
2025-08-26,Tomato,Jaipur,4353
2025-08-27,Tomato,Jaipur,4362
2025-08-28,Tomato,Jaipur,4382
2025-08-29,Tomato,Jaipur,4396
2025-08-30,Tomato,Jaipur,4388
2025-08-31,Tomato,Jaipur,4375
2025-09-01,Tomato,Jaipur,4383
2025-09-02,Tomato,Jaipur,4396
2025-09-03,Tomato,Jaipur,4384
2025-09-04,Tomato,Jaipur,4369
2025-09-05,Tomato,Jaipur,4372
2025-09-06,Tomato,Jaipur,4363
2025-09-07,Tomato,Jaipur,4354
2025-09-08,Tomato,Jaipur,4355
2025-09-09,Tomato,Jaipur,4371
2025-09-10,Tomato,Jaipur,4376
2025-09-11,Tomato,Jaipur,4363
2025-09-12,Tomato,Jaipur,4351
2025-09-13,Tomato,Jaipur,4363
2025-09-14,Tomato,Jaipur,4387
2025-09-15,Tomato,Jaipur,4404
2025-09-16,Tomato,Jaipur,4419
2025-09-17,Tomato,Jaipur,4438
2025-09-18,Tomato,Jaipur,4446
2025-09-19,Tomato,Jaipur,4434
2025-09-20,Tomato,Jaipur,4435
2025-09-21,Tomato,Jaipur,4449
2025-09-22,Tomato,Jaipur,4467
2025-09-23,Tomato,Jaipur,4455
2025-09-24,Tomato,Jaipur,4451
2025-09-25,Tomato,Jaipur,4470
2025-09-26,Tomato,Jaipur,4461
2025-09-27,Tomato,Jaipur,4476
2025-09-28,Tomato,Jaipur,4462
2025-09-29,Tomato,Jaipur,4472
2025-09-30,Tomato,Jaipur,4482
2025-10-01,Tomato,Jaipur,4500
2025-10-02,Tomato,Jaipur,4496
2025-10-03,Tomato,Jaipur,4489
2025-10-04,Tomato,Jaipur,4505
2025-10-05,Tomato,Jaipur,4527
2025-10-06,Tomato,Jaipur,4547
2025-10-07,Tomato,Jaipur,4559
2025-10-08,Tomato,Jaipur,4574
2025-10-09,Tomato,Jaipur,4575
2025-10-10,Tomato,Jaipur,4589
2025-10-11,Tomato,Jaipur,4596
2025-10-12,Tomato,Jaipur,4600
2025-10-13,Tomato,Jaipur,4587
2025-10-14,Tomato,Jaipur,4568
2025-10-15,Tomato,Jaipur,4566
2025-10-16,Tomato,Jaipur,4564
2025-10-17,Tomato,Jaipur,4561
2025-10-18,Tomato,Jaipur,4581
2025-10-19,Tomato,Jaipur,4579
2025-10-20,Tomato,Jaipur,4588
2025-10-21,Tomato,Jaipur,4585
2025-10-22,Tomato,Jaipur,4573
2025-10-23,Tomato,Jaipur,4570
2025-10-24,Tomato,Jaipur,4561
2025-10-25,Tomato,Jaipur,4549
2025-10-26,Tomato,Jaipur,4530
2025-10-27,Tomato,Jaipur,4534
2025-10-28,Tomato,Jaipur,4557
2025-10-29,Tomato,Jaipur,4572
2025-10-30,Tomato,Jaipur,4585
2025-10-31,Tomato,Jaipur,4581
2025-11-01,Tomato,Jaipur,4599
2025-11-02,Tomato,Jaipur,4594
2025-11-03,Tomato,Jaipur,4592
2025-11-04,Tomato,Jaipur,4578
2025-11-05,Tomato,Jaipur,4567
2025-11-06,Tomato,Jaipur,4565
2025-11-07,Tomato,Jaipur,4562
2025-11-08,Tomato,Jaipur,4577
2025-11-09,Tomato,Jaipur,4584
2025-11-10,Tomato,Jaipur,4569
2025-11-11,Tomato,Jaipur,4581
2025-11-12,Tomato,Jaipur,4588
2025-11-13,Tomato,Jaipur,4599
2025-11-14,Tomato,Jaipur,4597
2025-11-15,Tomato,Jaipur,4599
2025-11-16,Tomato,Jaipur,4581
2025-11-17,Tomato,Jaipur,4600
2025-11-18,Tomato,Jaipur,4615
2025-11-19,Tomato,Jaipur,4637
2025-11-20,Tomato,Jaipur,4651
2025-11-21,Tomato,Jaipur,4652
2025-11-22,Tomato,Jaipur,4670
2025-11-23,Tomato,Jaipur,4668
2025-11-24,Tomato,Jaipur,4659
2025-11-25,Tomato,Jaipur,4680
2025-11-26,Tomato,Jaipur,4665
2025-11-27,Tomato,Jaipur,4682
2025-11-28,Tomato,Jaipur,4670
2025-11-29,Tomato,Jaipur,4665
2025-11-30,Tomato,Jaipur,4657
2025-12-01,Tomato,Jaipur,4669
2025-12-02,Tomato,Jaipur,4681
2025-12-03,Tomato,Jaipur,4706
2025-12-04,Tomato,Jaipur,4726
2025-12-05,Tomato,Jaipur,4722
2025-12-06,Tomato,Jaipur,4725
2025-12-07,Tomato,Jaipur,4740
2025-12-08,Tomato,Jaipur,4736
2025-12-09,Tomato,Jaipur,4741
2025-12-10,Tomato,Jaipur,4727
2025-12-11,Tomato,Jaipur,4731
2025-12-12,Tomato,Jaipur,4713
2025-12-13,Tomato,Jaipur,4724
2025-12-14,Tomato,Jaipur,4715
2025-12-15,Tomato,Jaipur,4708
2025-12-16,Tomato,Jaipur,4693
2025-12-17,Tomato,Jaipur,4690
2025-12-18,Tomato,Jaipur,4670
2025-12-19,Tomato,Jaipur,4672
2025-12-20,Tomato,Jaipur,4686
2025-12-21,Tomato,Jaipur,4674
2025-12-22,Tomato,Jaipur,4681
2025-12-23,Tomato,Jaipur,4661
2025-12-24,Tomato,Jaipur,4649
2025-12-25,Tomato,Jaipur,4659
2025-12-26,Tomato,Jaipur,4663
2025-12-27,Tomato,Jaipur,4668
2025-12-28,Tomato,Jaipur,4649
2025-12-29,Tomato,Jaipur,4651
2025-12-30,Tomato,Jaipur,4652
2025-12-31,Tomato,Jaipur,4637
2024-01-01,Potato,Pune,2408
2024-01-02,Potato,Pune,2403
2024-01-03,Potato,Pune,2383
2024-01-04,Potato,Pune,2390
2024-01-05,Potato,Pune,2393
2024-01-06,Potato,Pune,2405
2024-01-07,Potato,Pune,2409
2024-01-08,Potato,Pune,2395
2024-01-09,Potato,Pune,2404
2024-01-10,Potato,Pune,2407
2024-01-11,Potato,Pune,2391
2024-01-12,Potato,Pune,2378
2024-01-13,Potato,Pune,2373
2024-01-14,Potato,Pune,2385
2024-01-15,Potato,Pune,2384
2024-01-16,Potato,Pune,2404
2024-01-17,Potato,Pune,2420
2024-01-18,Potato,Pune,2433
2024-01-19,Potato,Pune,2416
2024-01-20,Potato,Pune,2437
2024-01-21,Potato,Pune,2452
2024-01-22,Potato,Pune,2453
2024-01-23,Potato,Pune,2472
2024-01-24,Potato,Pune,2469
2024-01-25,Potato,Pune,2465
2024-01-26,Potato,Pune,2467
2024-01-27,Potato,Pune,2468
2024-01-28,Potato,Pune,2473
2024-01-29,Potato,Pune,2479
2024-01-30,Potato,Pune,2482
2024-01-31,Potato,Pune,2487
2024-02-01,Potato,Pune,2476
2024-02-02,Potato,Pune,2491
2024-02-03,Potato,Pune,2478
2024-02-04,Potato,Pune,2496
2024-02-05,Potato,Pune,2482
2024-02-06,Potato,Pune,2498
2024-02-07,Potato,Pune,2521
2024-02-08,Potato,Pune,2529
2024-02-09,Potato,Pune,2518
2024-02-10,Potato,Pune,2507
2024-02-11,Potato,Pune,2513
2024-02-12,Potato,Pune,2516
2024-02-13,Potato,Pune,2518
2024-02-14,Potato,Pune,2503
2024-02-15,Potato,Pune,2487
2024-02-16,Potato,Pune,2483
2024-02-17,Potato,Pune,2508
2024-02-18,Potato,Pune,2520
2024-02-19,Potato,Pune,2542
2024-02-20,Potato,Pune,2524
2024-02-21,Potato,Pune,2509
2024-02-22,Potato,Pune,2516
2024-02-23,Potato,Pune,2525
2024-02-24,Potato,Pune,2525
2024-02-25,Potato,Pune,2546
2024-02-26,Potato,Pune,2555
2024-02-27,Potato,Pune,2552
2024-02-28,Potato,Pune,2571
2024-02-29,Potato,Pune,2580
2024-03-01,Potato,Pune,2580
2024-03-02,Potato,Pune,2591
2024-03-03,Potato,Pune,2599
2024-03-04,Potato,Pune,2614
2024-03-05,Potato,Pune,2600
2024-03-06,Potato,Pune,2619
2024-03-07,Potato,Pune,2641
2024-03-08,Potato,Pune,2626
2024-03-09,Potato,Pune,2618
2024-03-10,Potato,Pune,2617
2024-03-11,Potato,Pune,2604
2024-03-12,Potato,Pune,2589
2024-03-13,Potato,Pune,2602
2024-03-14,Potato,Pune,2605
2024-03-15,Potato,Pune,2617
2024-03-16,Potato,Pune,2600
2024-03-17,Potato,Pune,2600
2024-03-18,Potato,Pune,2593
2024-03-19,Potato,Pune,2618
2024-03-20,Potato,Pune,2637
2024-03-21,Potato,Pune,2660
2024-03-22,Potato,Pune,2677
2024-03-23,Potato,Pune,2690
2024-03-24,Potato,Pune,2692
2024-03-25,Potato,Pune,2703
2024-03-26,Potato,Pune,2726
2024-03-27,Potato,Pune,2726
2024-03-28,Potato,Pune,2738
2024-03-29,Potato,Pune,2735
2024-03-30,Potato,Pune,2750
2024-03-31,Potato,Pune,2737
2024-04-01,Potato,Pune,2734
2024-04-02,Potato,Pune,2743
2024-04-03,Potato,Pune,2759
2024-04-04,Potato,Pune,2770
2024-04-05,Potato,Pune,2761
2024-04-06,Potato,Pune,2755
2024-04-07,Potato,Pune,2780
2024-04-08,Potato,Pune,2770
2024-04-09,Potato,Pune,2753
2024-04-10,Potato,Pune,2769
2024-04-11,Potato,Pune,2786
2024-04-12,Potato,Pune,2773
2024-04-13,Potato,Pune,2774
2024-04-14,Potato,Pune,2774
2024-04-15,Potato,Pune,2797
2024-04-16,Potato,Pune,2806
2024-04-17,Potato,Pune,2825
2024-04-18,Potato,Pune,2836
2024-04-19,Potato,Pune,2851
2024-04-20,Potato,Pune,2870
2024-04-21,Potato,Pune,2893
2024-04-22,Potato,Pune,2906
2024-04-23,Potato,Pune,2924
2024-04-24,Potato,Pune,2931
2024-04-25,Potato,Pune,2939
2024-04-26,Potato,Pune,2949
2024-04-27,Potato,Pune,2959
2024-04-28,Potato,Pune,2972
2024-04-29,Potato,Pune,2952
2024-04-30,Potato,Pune,2967
2024-05-01,Potato,Pune,2983
2024-05-02,Potato,Pune,3007
2024-05-03,Potato,Pune,3010
2024-05-04,Potato,Pune,2991
2024-05-05,Potato,Pune,3001
2024-05-06,Potato,Pune,2981
2024-05-07,Potato,Pune,2993
2024-05-08,Potato,Pune,2976
2024-05-09,Potato,Pune,2986
2024-05-10,Potato,Pune,2980
2024-05-11,Potato,Pune,2982
2024-05-12,Potato,Pune,2989
2024-05-13,Potato,Pune,2969
2024-05-14,Potato,Pune,2959
2024-05-15,Potato,Pune,2978
2024-05-16,Potato,Pune,2980
2024-05-17,Potato,Pune,2978
2024-05-18,Potato,Pune,2977
2024-05-19,Potato,Pune,2984
2024-05-20,Potato,Pune,2980
2024-05-21,Potato,Pune,2971
2024-05-22,Potato,Pune,2996
2024-05-23,Potato,Pune,2996
2024-05-24,Potato,Pune,3013
2024-05-25,Potato,Pune,2997
2024-05-26,Potato,Pune,2993
2024-05-27,Potato,Pune,3006
2024-05-28,Potato,Pune,3031
2024-05-29,Potato,Pune,3036
2024-05-30,Potato,Pune,3033
2024-05-31,Potato,Pune,3033
2024-06-01,Potato,Pune,3051
2024-06-02,Potato,Pune,3071
2024-06-03,Potato,Pune,3072
2024-06-04,Potato,Pune,3092
2024-06-05,Potato,Pune,3080
2024-06-06,Potato,Pune,3087
2024-06-07,Potato,Pune,3070
2024-06-08,Potato,Pune,3051
2024-06-09,Potato,Pune,3045
2024-06-10,Potato,Pune,3062
2024-06-11,Potato,Pune,3065
2024-06-12,Potato,Pune,3086
2024-06-13,Potato,Pune,3103
2024-06-14,Potato,Pune,3122
2024-06-15,Potato,Pune,3126
2024-06-16,Potato,Pune,3131
2024-06-17,Potato,Pune,3135
2024-06-18,Potato,Pune,3122
2024-06-19,Potato,Pune,3114
2024-06-20,Potato,Pune,3102
2024-06-21,Potato,Pune,3121
2024-06-22,Potato,Pune,3108
2024-06-23,Potato,Pune,3113
2024-06-24,Potato,Pune,3095
2024-06-25,Potato,Pune,3083
2024-06-26,Potato,Pune,3089
2024-06-27,Potato,Pune,3109
2024-06-28,Potato,Pune,3096
2024-06-29,Potato,Pune,3096
2024-06-30,Potato,Pune,3107
2024-07-01,Potato,Pune,3110
2024-07-02,Potato,Pune,3094
2024-07-03,Potato,Pune,3095
2024-07-04,Potato,Pune,3085
2024-07-05,Potato,Pune,3106
2024-07-06,Potato,Pune,3126
2024-07-07,Potato,Pune,3121
2024-07-08,Potato,Pune,3142
2024-07-09,Potato,Pune,3131
2024-07-10,Potato,Pune,3122
2024-07-11,Potato,Pune,3109
2024-07-12,Potato,Pune,3099
2024-07-13,Potato,Pune,3107
2024-07-14,Potato,Pune,3127
2024-07-15,Potato,Pune,3129
2024-07-16,Potato,Pune,3137
2024-07-17,Potato,Pune,3139
2024-07-18,Potato,Pune,3127
2024-07-19,Potato,Pune,3135
2024-07-20,Potato,Pune,3139
2024-07-21,Potato,Pune,3136
2024-07-22,Potato,Pune,3148
2024-07-23,Potato,Pune,3132
2024-07-24,Potato,Pune,3134
2024-07-25,Potato,Pune,3120
2024-07-26,Potato,Pune,3106
2024-07-27,Potato,Pune,3106
2024-07-28,Potato,Pune,3089
2024-07-29,Potato,Pune,3070
2024-07-30,Potato,Pune,3070
2024-07-31,Potato,Pune,3079
2024-08-01,Potato,Pune,3074
2024-08-02,Potato,Pune,3084
2024-08-03,Potato,Pune,3106
2024-08-04,Potato,Pune,3116
2024-08-05,Potato,Pune,3121
2024-08-06,Potato,Pune,3129
2024-08-07,Potato,Pune,3146
2024-08-08,Potato,Pune,3135
2024-08-09,Potato,Pune,3133
2024-08-10,Potato,Pune,3114
2024-08-11,Potato,Pune,3139
2024-08-12,Potato,Pune,3137
2024-08-13,Potato,Pune,3144
2024-08-14,Potato,Pune,3155
2024-08-15,Potato,Pune,3180
2024-08-16,Potato,Pune,3193
2024-08-17,Potato,Pune,3181
2024-08-18,Potato,Pune,3172
2024-08-19,Potato,Pune,3178
2024-08-20,Potato,Pune,3172
2024-08-21,Potato,Pune,3186
2024-08-22,Potato,Pune,3173
2024-08-23,Potato,Pune,3155
2024-08-24,Potato,Pune,3173
2024-08-25,Potato,Pune,3180
2024-08-26,Potato,Pune,3203
2024-08-27,Potato,Pune,3203
2024-08-28,Potato,Pune,3228
2024-08-29,Potato,Pune,3246
2024-08-30,Potato,Pune,3255
2024-08-31,Potato,Pune,3251
2024-09-01,Potato,Pune,3233
2024-09-02,Potato,Pune,3249
2024-09-03,Potato,Pune,3262
2024-09-04,Potato,Pune,3244
2024-09-05,Potato,Pune,3225
2024-09-06,Potato,Pune,3229
2024-09-07,Potato,Pune,3237
2024-09-08,Potato,Pune,3226
2024-09-09,Potato,Pune,3234
2024-09-10,Potato,Pune,3223
2024-09-11,Potato,Pune,3209
2024-09-12,Potato,Pune,3216
2024-09-13,Potato,Pune,3227
2024-09-14,Potato,Pune,3222
2024-09-15,Potato,Pune,3247
2024-09-16,Potato,Pune,3238
2024-09-17,Potato,Pune,3242
2024-09-18,Potato,Pune,3226
2024-09-19,Potato,Pune,3238
2024-09-20,Potato,Pune,3260
2024-09-21,Potato,Pune,3253
2024-09-22,Potato,Pune,3244
2024-09-23,Potato,Pune,3248
2024-09-24,Potato,Pune,3262
2024-09-25,Potato,Pune,3286
2024-09-26,Potato,Pune,3297
2024-09-27,Potato,Pune,3293
2024-09-28,Potato,Pune,3302
2024-09-29,Potato,Pune,3285
2024-09-30,Potato,Pune,3275
2024-10-01,Potato,Pune,3296
2024-10-02,Potato,Pune,3286
2024-10-03,Potato,Pune,3293
2024-10-04,Potato,Pune,3283
2024-10-05,Potato,Pune,3308
2024-10-06,Potato,Pune,3297
2024-10-07,Potato,Pune,3303
2024-10-08,Potato,Pune,3297
2024-10-09,Potato,Pune,3310
2024-10-10,Potato,Pune,3326
2024-10-11,Potato,Pune,3339
2024-10-12,Potato,Pune,3362
2024-10-13,Potato,Pune,3387
2024-10-14,Potato,Pune,3367
2024-10-15,Potato,Pune,3355
2024-10-16,Potato,Pune,3371
2024-10-17,Potato,Pune,3381
2024-10-18,Potato,Pune,3385
2024-10-19,Potato,Pune,3382
2024-10-20,Potato,Pune,3365
2024-10-21,Potato,Pune,3372
2024-10-22,Potato,Pune,3394
2024-10-23,Potato,Pune,3378
2024-10-24,Potato,Pune,3389
2024-10-25,Potato,Pune,3408
2024-10-26,Potato,Pune,3399
2024-10-27,Potato,Pune,3412
2024-10-28,Potato,Pune,3435
2024-10-29,Potato,Pune,3447
2024-10-30,Potato,Pune,3442
2024-10-31,Potato,Pune,3451
2024-11-01,Potato,Pune,3432
2024-11-02,Potato,Pune,3450
2024-11-03,Potato,Pune,3436
2024-11-04,Potato,Pune,3451
2024-11-05,Potato,Pune,3476
2024-11-06,Potato,Pune,3473
2024-11-07,Potato,Pune,3478
2024-11-08,Potato,Pune,3501
2024-11-09,Potato,Pune,3488
2024-11-10,Potato,Pune,3513
2024-11-11,Potato,Pune,3516
2024-11-12,Potato,Pune,3532
2024-11-13,Potato,Pune,3534
2024-11-14,Potato,Pune,3534
2024-11-15,Potato,Pune,3537
2024-11-16,Potato,Pune,3547
2024-11-17,Potato,Pune,3536
2024-11-18,Potato,Pune,3549
2024-11-19,Potato,Pune,3569
2024-11-20,Potato,Pune,3585
2024-11-21,Potato,Pune,3567
2024-11-22,Potato,Pune,3567
2024-11-23,Potato,Pune,3578
2024-11-24,Potato,Pune,3589
2024-11-25,Potato,Pune,3589
2024-11-26,Potato,Pune,3609
2024-11-27,Potato,Pune,3618
2024-11-28,Potato,Pune,3640
2024-11-29,Potato,Pune,3624
2024-11-30,Potato,Pune,3623
2024-12-01,Potato,Pune,3612
2024-12-02,Potato,Pune,3593
2024-12-03,Potato,Pune,3617
2024-12-04,Potato,Pune,3620
2024-12-05,Potato,Pune,3623
2024-12-06,Potato,Pune,3629
2024-12-07,Potato,Pune,3623
2024-12-08,Potato,Pune,3622
2024-12-09,Potato,Pune,3623
2024-12-10,Potato,Pune,3629
2024-12-11,Potato,Pune,3624
2024-12-12,Potato,Pune,3636
2024-12-13,Potato,Pune,3617
2024-12-14,Potato,Pune,3641
2024-12-15,Potato,Pune,3639
2024-12-16,Potato,Pune,3632
2024-12-17,Potato,Pune,3621
2024-12-18,Potato,Pune,3638
2024-12-19,Potato,Pune,3663
2024-12-20,Potato,Pune,3672
2024-12-21,Potato,Pune,3673
2024-12-22,Potato,Pune,3686
2024-12-23,Potato,Pune,3710
2024-12-24,Potato,Pune,3735
2024-12-25,Potato,Pune,3732
2024-12-26,Potato,Pune,3750
2024-12-27,Potato,Pune,3762
2024-12-28,Potato,Pune,3770
2024-12-29,Potato,Pune,3761
2024-12-30,Potato,Pune,3766
2024-12-31,Potato,Pune,3776
2025-01-01,Potato,Pune,3782
2025-01-02,Potato,Pune,3775
2025-01-03,Potato,Pune,3775
2025-01-04,Potato,Pune,3760
2025-01-05,Potato,Pune,3773
2025-01-06,Potato,Pune,3767
2025-01-07,Potato,Pune,3777
2025-01-08,Potato,Pune,3776
2025-01-09,Potato,Pune,3758
2025-01-10,Potato,Pune,3744
2025-01-11,Potato,Pune,3750
2025-01-12,Potato,Pune,3767
2025-01-13,Potato,Pune,3775
2025-01-14,Potato,Pune,3790
2025-01-15,Potato,Pune,3785
2025-01-16,Potato,Pune,3775
2025-01-17,Potato,Pune,3786
2025-01-18,Potato,Pune,3811
2025-01-19,Potato,Pune,3794
2025-01-20,Potato,Pune,3801
2025-01-21,Potato,Pune,3809
2025-01-22,Potato,Pune,3816
2025-01-23,Potato,Pune,3840
2025-01-24,Potato,Pune,3864
2025-01-25,Potato,Pune,3860
2025-01-26,Potato,Pune,3856
2025-01-27,Potato,Pune,3866
2025-01-28,Potato,Pune,3875
2025-01-29,Potato,Pune,3865
2025-01-30,Potato,Pune,3884
2025-01-31,Potato,Pune,3867
2025-02-01,Potato,Pune,3882
2025-02-02,Potato,Pune,3866
2025-02-03,Potato,Pune,3856
2025-02-04,Potato,Pune,3868
2025-02-05,Potato,Pune,3869
2025-02-06,Potato,Pune,3870
2025-02-07,Potato,Pune,3881
2025-02-08,Potato,Pune,3874
2025-02-09,Potato,Pune,3874
2025-02-10,Potato,Pune,3858
2025-02-11,Potato,Pune,3869
2025-02-12,Potato,Pune,3881
2025-02-13,Potato,Pune,3881
2025-02-14,Potato,Pune,3877
2025-02-15,Potato,Pune,3861
2025-02-16,Potato,Pune,3851
2025-02-17,Potato,Pune,3849
2025-02-18,Potato,Pune,3872
2025-02-19,Potato,Pune,3866
2025-02-20,Potato,Pune,3859
2025-02-21,Potato,Pune,3850
2025-02-22,Potato,Pune,3866
2025-02-23,Potato,Pune,3872
2025-02-24,Potato,Pune,3864
2025-02-25,Potato,Pune,3878
2025-02-26,Potato,Pune,3862
2025-02-27,Potato,Pune,3879
2025-02-28,Potato,Pune,3891
2025-03-01,Potato,Pune,3906
2025-03-02,Potato,Pune,3907
2025-03-03,Potato,Pune,3924
2025-03-04,Potato,Pune,3912
2025-03-05,Potato,Pune,3909
2025-03-06,Potato,Pune,3900
2025-03-07,Potato,Pune,3898
2025-03-08,Potato,Pune,3887
2025-03-09,Potato,Pune,3906
2025-03-10,Potato,Pune,3886
2025-03-11,Potato,Pune,3904
2025-03-12,Potato,Pune,3922
2025-03-13,Potato,Pune,3943
2025-03-14,Potato,Pune,3962
2025-03-15,Potato,Pune,3971
2025-03-16,Potato,Pune,3961
2025-03-17,Potato,Pune,3970
2025-03-18,Potato,Pune,3988
2025-03-19,Potato,Pune,4006
2025-03-20,Potato,Pune,4011
2025-03-21,Potato,Pune,4013
2025-03-22,Potato,Pune,4006
2025-03-23,Potato,Pune,3994
2025-03-24,Potato,Pune,4017
2025-03-25,Potato,Pune,3999
2025-03-26,Potato,Pune,3980
2025-03-27,Potato,Pune,4000
2025-03-28,Potato,Pune,4008
2025-03-29,Potato,Pune,4024
2025-03-30,Potato,Pune,4007
2025-03-31,Potato,Pune,4011
2025-04-01,Potato,Pune,4005
2025-04-02,Potato,Pune,4002
2025-04-03,Potato,Pune,4012
2025-04-04,Potato,Pune,4031
2025-04-05,Potato,Pune,4046
2025-04-06,Potato,Pune,4039
2025-04-07,Potato,Pune,4064
2025-04-08,Potato,Pune,4084
2025-04-09,Potato,Pune,4109
2025-04-10,Potato,Pune,4130
2025-04-11,Potato,Pune,4151
2025-04-12,Potato,Pune,4160
2025-04-13,Potato,Pune,4172
2025-04-14,Potato,Pune,4193
2025-04-15,Potato,Pune,4173
2025-04-16,Potato,Pune,4155
2025-04-17,Potato,Pune,4151
2025-04-18,Potato,Pune,4134
2025-04-19,Potato,Pune,4118
2025-04-20,Potato,Pune,4140
2025-04-21,Potato,Pune,4132
2025-04-22,Potato,Pune,4151
2025-04-23,Potato,Pune,4159
2025-04-24,Potato,Pune,4170
2025-04-25,Potato,Pune,4164
2025-04-26,Potato,Pune,4157
2025-04-27,Potato,Pune,4160
2025-04-28,Potato,Pune,4167
2025-04-29,Potato,Pune,4151
2025-04-30,Potato,Pune,4158
2025-05-01,Potato,Pune,4160
2025-05-02,Potato,Pune,4142
2025-05-03,Potato,Pune,4166
2025-05-04,Potato,Pune,4163
2025-05-05,Potato,Pune,4144
2025-05-06,Potato,Pune,4169
2025-05-07,Potato,Pune,4194
2025-05-08,Potato,Pune,4187
2025-05-09,Potato,Pune,4175
2025-05-10,Potato,Pune,4173
2025-05-11,Potato,Pune,4159
2025-05-12,Potato,Pune,4170
2025-05-13,Potato,Pune,4159
2025-05-14,Potato,Pune,4178
2025-05-15,Potato,Pune,4192
2025-05-16,Potato,Pune,4174
2025-05-17,Potato,Pune,4160
2025-05-18,Potato,Pune,4145
2025-05-19,Potato,Pune,4140
2025-05-20,Potato,Pune,4127
2025-05-21,Potato,Pune,4116
2025-05-22,Potato,Pune,4125
2025-05-23,Potato,Pune,4123
2025-05-24,Potato,Pune,4128
2025-05-25,Potato,Pune,4115
2025-05-26,Potato,Pune,4126
2025-05-27,Potato,Pune,4133
2025-05-28,Potato,Pune,4140
2025-05-29,Potato,Pune,4123
2025-05-30,Potato,Pune,4112
2025-05-31,Potato,Pune,4115
2025-06-01,Potato,Pune,4139
2025-06-02,Potato,Pune,4126
2025-06-03,Potato,Pune,4140
2025-06-04,Potato,Pune,4129
2025-06-05,Potato,Pune,4152
2025-06-06,Potato,Pune,4144
2025-06-07,Potato,Pune,4145
2025-06-08,Potato,Pune,4148
2025-06-09,Potato,Pune,4138
2025-06-10,Potato,Pune,4151
2025-06-11,Potato,Pune,4165
2025-06-12,Potato,Pune,4171
2025-06-13,Potato,Pune,4192
2025-06-14,Potato,Pune,4175
2025-06-15,Potato,Pune,4156
2025-06-16,Potato,Pune,4156
2025-06-17,Potato,Pune,4155
2025-06-18,Potato,Pune,4157
2025-06-19,Potato,Pune,4157
2025-06-20,Potato,Pune,4173
2025-06-21,Potato,Pune,4165
2025-06-22,Potato,Pune,4172
2025-06-23,Potato,Pune,4157
2025-06-24,Potato,Pune,4170
2025-06-25,Potato,Pune,4165
2025-06-26,Potato,Pune,4162
2025-06-27,Potato,Pune,4171
2025-06-28,Potato,Pune,4158
2025-06-29,Potato,Pune,4149
2025-06-30,Potato,Pune,4165
2025-07-01,Potato,Pune,4174
2025-07-02,Potato,Pune,4187
2025-07-03,Potato,Pune,4188
2025-07-04,Potato,Pune,4198
2025-07-05,Potato,Pune,4217
2025-07-06,Potato,Pune,4237
2025-07-07,Potato,Pune,4233
2025-07-08,Potato,Pune,4245
2025-07-09,Potato,Pune,4238
2025-07-10,Potato,Pune,4230
2025-07-11,Potato,Pune,4210
2025-07-12,Potato,Pune,4203
2025-07-13,Potato,Pune,4195
2025-07-14,Potato,Pune,4220
2025-07-15,Potato,Pune,4236
2025-07-16,Potato,Pune,4240
2025-07-17,Potato,Pune,4233
2025-07-18,Potato,Pune,4249
2025-07-19,Potato,Pune,4255
2025-07-20,Potato,Pune,4253
2025-07-21,Potato,Pune,4239
2025-07-22,Potato,Pune,4255
2025-07-23,Potato,Pune,4268
2025-07-24,Potato,Pune,4283
2025-07-25,Potato,Pune,4308
2025-07-26,Potato,Pune,4329
2025-07-27,Potato,Pune,4327
2025-07-28,Potato,Pune,4317
2025-07-29,Potato,Pune,4321
2025-07-30,Potato,Pune,4338
2025-07-31,Potato,Pune,4330
2025-08-01,Potato,Pune,4336
2025-08-02,Potato,Pune,4333
2025-08-03,Potato,Pune,4315
2025-08-04,Potato,Pune,4337
2025-08-05,Potato,Pune,4327
2025-08-06,Potato,Pune,4323
2025-08-07,Potato,Pune,4309
2025-08-08,Potato,Pune,4311
2025-08-09,Potato,Pune,4322
2025-08-10,Potato,Pune,4346
2025-08-11,Potato,Pune,4349
2025-08-12,Potato,Pune,4372
2025-08-13,Potato,Pune,4396
2025-08-14,Potato,Pune,4405
2025-08-15,Potato,Pune,4415
2025-08-16,Potato,Pune,4434
2025-08-17,Potato,Pune,4415
2025-08-18,Potato,Pune,4406
2025-08-19,Potato,Pune,4391
2025-08-20,Potato,Pune,4408
2025-08-21,Potato,Pune,4430
2025-08-22,Potato,Pune,4447
2025-08-23,Potato,Pune,4448
2025-08-24,Potato,Pune,4430
2025-08-25,Potato,Pune,4425
2025-08-26,Potato,Pune,4447
2025-08-27,Potato,Pune,4459
2025-08-28,Potato,Pune,4483
2025-08-29,Potato,Pune,4492
2025-08-30,Potato,Pune,4489
2025-08-31,Potato,Pune,4484
2025-09-01,Potato,Pune,4506
2025-09-02,Potato,Pune,4530
2025-09-03,Potato,Pune,4540
2025-09-04,Potato,Pune,4539
2025-09-05,Potato,Pune,4546
2025-09-06,Potato,Pune,4530
2025-09-07,Potato,Pune,4544
2025-09-08,Potato,Pune,4530
2025-09-09,Potato,Pune,4525
2025-09-10,Potato,Pune,4517
2025-09-11,Potato,Pune,4526
2025-09-12,Potato,Pune,4537
2025-09-13,Potato,Pune,4520
2025-09-14,Potato,Pune,4522
2025-09-15,Potato,Pune,4525
2025-09-16,Potato,Pune,4545
2025-09-17,Potato,Pune,4552
2025-09-18,Potato,Pune,4572
2025-09-19,Potato,Pune,4572
2025-09-20,Potato,Pune,4584
2025-09-21,Potato,Pune,4595
2025-09-22,Potato,Pune,4576
2025-09-23,Potato,Pune,4564
2025-09-24,Potato,Pune,4584
2025-09-25,Potato,Pune,4589
2025-09-26,Potato,Pune,4599
2025-09-27,Potato,Pune,4620
2025-09-28,Potato,Pune,4635
2025-09-29,Potato,Pune,4625
2025-09-30,Potato,Pune,4634
2025-10-01,Potato,Pune,4655
2025-10-02,Potato,Pune,4646
2025-10-03,Potato,Pune,4635
2025-10-04,Potato,Pune,4628
2025-10-05,Potato,Pune,4611
2025-10-06,Potato,Pune,4602
2025-10-07,Potato,Pune,4614
2025-10-08,Potato,Pune,4604
2025-10-09,Potato,Pune,4626
2025-10-10,Potato,Pune,4636
2025-10-11,Potato,Pune,4625
2025-10-12,Potato,Pune,4642
2025-10-13,Potato,Pune,4641
2025-10-14,Potato,Pune,4631
2025-10-15,Potato,Pune,4613
2025-10-16,Potato,Pune,4597
2025-10-17,Potato,Pune,4592
2025-10-18,Potato,Pune,4607
2025-10-19,Potato,Pune,4632
2025-10-20,Potato,Pune,4620
2025-10-21,Potato,Pune,4614
2025-10-22,Potato,Pune,4629
2025-10-23,Potato,Pune,4625
2025-10-24,Potato,Pune,4611
2025-10-25,Potato,Pune,4593
2025-10-26,Potato,Pune,4606
2025-10-27,Potato,Pune,4611
2025-10-28,Potato,Pune,4598
2025-10-29,Potato,Pune,4586
2025-10-30,Potato,Pune,4611
2025-10-31,Potato,Pune,4626
2025-11-01,Potato,Pune,4650
2025-11-02,Potato,Pune,4660
2025-11-03,Potato,Pune,4662
2025-11-04,Potato,Pune,4673
2025-11-05,Potato,Pune,4680
2025-11-06,Potato,Pune,4661
2025-11-07,Potato,Pune,4644
2025-11-08,Potato,Pune,4650
2025-11-09,Potato,Pune,4644
2025-11-10,Potato,Pune,4638
2025-11-11,Potato,Pune,4625
2025-11-12,Potato,Pune,4618
2025-11-13,Potato,Pune,4636
2025-11-14,Potato,Pune,4623
2025-11-15,Potato,Pune,4613
2025-11-16,Potato,Pune,4595
2025-11-17,Potato,Pune,4586
2025-11-18,Potato,Pune,4601
2025-11-19,Potato,Pune,4603
2025-11-20,Potato,Pune,4627
2025-11-21,Potato,Pune,4624
2025-11-22,Potato,Pune,4639
2025-11-23,Potato,Pune,4649
2025-11-24,Potato,Pune,4650
2025-11-25,Potato,Pune,4648
2025-11-26,Potato,Pune,4628
2025-11-27,Potato,Pune,4625
2025-11-28,Potato,Pune,4640
2025-11-29,Potato,Pune,4656
2025-11-30,Potato,Pune,4647
2025-12-01,Potato,Pune,4628
2025-12-02,Potato,Pune,4616
2025-12-03,Potato,Pune,4615
2025-12-04,Potato,Pune,4635
2025-12-05,Potato,Pune,4632
2025-12-06,Potato,Pune,4619
2025-12-07,Potato,Pune,4615
2025-12-08,Potato,Pune,4619
2025-12-09,Potato,Pune,4608
2025-12-10,Potato,Pune,4598
2025-12-11,Potato,Pune,4587
2025-12-12,Potato,Pune,4570
2025-12-13,Potato,Pune,4564
2025-12-14,Potato,Pune,4576
2025-12-15,Potato,Pune,4568
2025-12-16,Potato,Pune,4585
2025-12-17,Potato,Pune,4572
2025-12-18,Potato,Pune,4596
2025-12-19,Potato,Pune,4620
2025-12-20,Potato,Pune,4643
2025-12-21,Potato,Pune,4650
2025-12-22,Potato,Pune,4659
2025-12-23,Potato,Pune,4646
2025-12-24,Potato,Pune,4638
2025-12-25,Potato,Pune,4620
2025-12-26,Potato,Pune,4606
2025-12-27,Potato,Pune,4621
2025-12-28,Potato,Pune,4621
2025-12-29,Potato,Pune,4644
2025-12-30,Potato,Pune,4646
2025-12-31,Potato,Pune,4669
2024-01-01,Potato,Mumbai,2370
2024-01-02,Potato,Mumbai,2368
2024-01-03,Potato,Mumbai,2358
2024-01-04,Potato,Mumbai,2369
2024-01-05,Potato,Mumbai,2353
2024-01-06,Potato,Mumbai,2342
2024-01-07,Potato,Mumbai,2339
2024-01-08,Potato,Mumbai,2342
2024-01-09,Potato,Mumbai,2325
2024-01-10,Potato,Mumbai,2320
2024-01-11,Potato,Mumbai,2303
2024-01-12,Potato,Mumbai,2291
2024-01-13,Potato,Mumbai,2284
2024-01-14,Potato,Mumbai,2303
2024-01-15,Potato,Mumbai,2319
2024-01-16,Potato,Mumbai,2303
2024-01-17,Potato,Mumbai,2289
2024-01-18,Potato,Mumbai,2277
2024-01-19,Potato,Mumbai,2277
2024-01-20,Potato,Mumbai,2264
2024-01-21,Potato,Mumbai,2251
2024-01-22,Potato,Mumbai,2251
2024-01-23,Potato,Mumbai,2233
2024-01-24,Potato,Mumbai,2249
2024-01-25,Potato,Mumbai,2258
2024-01-26,Potato,Mumbai,2250
2024-01-27,Potato,Mumbai,2261
2024-01-28,Potato,Mumbai,2274
2024-01-29,Potato,Mumbai,2271
2024-01-30,Potato,Mumbai,2292
2024-01-31,Potato,Mumbai,2274
2024-02-01,Potato,Mumbai,2286
2024-02-02,Potato,Mumbai,2310
2024-02-03,Potato,Mumbai,2315
2024-02-04,Potato,Mumbai,2304
2024-02-05,Potato,Mumbai,2309
2024-02-06,Potato,Mumbai,2290
2024-02-07,Potato,Mumbai,2293
2024-02-08,Potato,Mumbai,2310
2024-02-09,Potato,Mumbai,2311
2024-02-10,Potato,Mumbai,2311
2024-02-11,Potato,Mumbai,2297
2024-02-12,Potato,Mumbai,2282
2024-02-13,Potato,Mumbai,2289
2024-02-14,Potato,Mumbai,2278
2024-02-15,Potato,Mumbai,2281
2024-02-16,Potato,Mumbai,2273
2024-02-17,Potato,Mumbai,2273
2024-02-18,Potato,Mumbai,2280
2024-02-19,Potato,Mumbai,2301
2024-02-20,Potato,Mumbai,2308
2024-02-21,Potato,Mumbai,2290
2024-02-22,Potato,Mumbai,2296
2024-02-23,Potato,Mumbai,2307
2024-02-24,Potato,Mumbai,2327
2024-02-25,Potato,Mumbai,2350
2024-02-26,Potato,Mumbai,2361
2024-02-27,Potato,Mumbai,2360
2024-02-28,Potato,Mumbai,2377
2024-02-29,Potato,Mumbai,2368
2024-03-01,Potato,Mumbai,2386
2024-03-02,Potato,Mumbai,2383
2024-03-03,Potato,Mumbai,2388
2024-03-04,Potato,Mumbai,2382
2024-03-05,Potato,Mumbai,2377
2024-03-06,Potato,Mumbai,2365
2024-03-07,Potato,Mumbai,2348
2024-03-08,Potato,Mumbai,2363
2024-03-09,Potato,Mumbai,2369
2024-03-10,Potato,Mumbai,2388
2024-03-11,Potato,Mumbai,2381
2024-03-12,Potato,Mumbai,2365
2024-03-13,Potato,Mumbai,2390
2024-03-14,Potato,Mumbai,2386
2024-03-15,Potato,Mumbai,2388
2024-03-16,Potato,Mumbai,2407
2024-03-17,Potato,Mumbai,2389
2024-03-18,Potato,Mumbai,2379
2024-03-19,Potato,Mumbai,2383
2024-03-20,Potato,Mumbai,2370
2024-03-21,Potato,Mumbai,2382
2024-03-22,Potato,Mumbai,2406
2024-03-23,Potato,Mumbai,2428
2024-03-24,Potato,Mumbai,2429
2024-03-25,Potato,Mumbai,2419
2024-03-26,Potato,Mumbai,2404
2024-03-27,Potato,Mumbai,2418
2024-03-28,Potato,Mumbai,2400
2024-03-29,Potato,Mumbai,2385
2024-03-30,Potato,Mumbai,2379
2024-03-31,Potato,Mumbai,2359
2024-04-01,Potato,Mumbai,2353
2024-04-02,Potato,Mumbai,2347
2024-04-03,Potato,Mumbai,2340
2024-04-04,Potato,Mumbai,2352
2024-04-05,Potato,Mumbai,2369
2024-04-06,Potato,Mumbai,2352
2024-04-07,Potato,Mumbai,2333
2024-04-08,Potato,Mumbai,2337
2024-04-09,Potato,Mumbai,2345
2024-04-10,Potato,Mumbai,2360
2024-04-11,Potato,Mumbai,2343
2024-04-12,Potato,Mumbai,2352
2024-04-13,Potato,Mumbai,2376
2024-04-14,Potato,Mumbai,2366
2024-04-15,Potato,Mumbai,2346
2024-04-16,Potato,Mumbai,2330
2024-04-17,Potato,Mumbai,2341
2024-04-18,Potato,Mumbai,2365
2024-04-19,Potato,Mumbai,2386
2024-04-20,Potato,Mumbai,2394
2024-04-21,Potato,Mumbai,2407
2024-04-22,Potato,Mumbai,2392
2024-04-23,Potato,Mumbai,2382
2024-04-24,Potato,Mumbai,2363
2024-04-25,Potato,Mumbai,2384
2024-04-26,Potato,Mumbai,2382
2024-04-27,Potato,Mumbai,2364
2024-04-28,Potato,Mumbai,2381
2024-04-29,Potato,Mumbai,2385
2024-04-30,Potato,Mumbai,2400
2024-05-01,Potato,Mumbai,2402
2024-05-02,Potato,Mumbai,2388
2024-05-03,Potato,Mumbai,2401
2024-05-04,Potato,Mumbai,2385
2024-05-05,Potato,Mumbai,2368
2024-05-06,Potato,Mumbai,2353
2024-05-07,Potato,Mumbai,2352
2024-05-08,Potato,Mumbai,2362
2024-05-09,Potato,Mumbai,2380
2024-05-10,Potato,Mumbai,2363
2024-05-11,Potato,Mumbai,2349
2024-05-12,Potato,Mumbai,2342
2024-05-13,Potato,Mumbai,2349
2024-05-14,Potato,Mumbai,2372
2024-05-15,Potato,Mumbai,2386
2024-05-16,Potato,Mumbai,2392
2024-05-17,Potato,Mumbai,2396
2024-05-18,Potato,Mumbai,2413
2024-05-19,Potato,Mumbai,2427
2024-05-20,Potato,Mumbai,2443
2024-05-21,Potato,Mumbai,2451
2024-05-22,Potato,Mumbai,2437
2024-05-23,Potato,Mumbai,2455
2024-05-24,Potato,Mumbai,2445
2024-05-25,Potato,Mumbai,2446
2024-05-26,Potato,Mumbai,2441
2024-05-27,Potato,Mumbai,2443
2024-05-28,Potato,Mumbai,2453
2024-05-29,Potato,Mumbai,2451
2024-05-30,Potato,Mumbai,2474
2024-05-31,Potato,Mumbai,2477
2024-06-01,Potato,Mumbai,2479
2024-06-02,Potato,Mumbai,2476
2024-06-03,Potato,Mumbai,2478
2024-06-04,Potato,Mumbai,2494
2024-06-05,Potato,Mumbai,2478
2024-06-06,Potato,Mumbai,2466
2024-06-07,Potato,Mumbai,2471
2024-06-08,Potato,Mumbai,2484
2024-06-09,Potato,Mumbai,2477
2024-06-10,Potato,Mumbai,2469
2024-06-11,Potato,Mumbai,2492
2024-06-12,Potato,Mumbai,2477
2024-06-13,Potato,Mumbai,2459
2024-06-14,Potato,Mumbai,2453
2024-06-15,Potato,Mumbai,2477
2024-06-16,Potato,Mumbai,2464
2024-06-17,Potato,Mumbai,2477
2024-06-18,Potato,Mumbai,2468
2024-06-19,Potato,Mumbai,2476
2024-06-20,Potato,Mumbai,2465
2024-06-21,Potato,Mumbai,2477
2024-06-22,Potato,Mumbai,2483
2024-06-23,Potato,Mumbai,2488
2024-06-24,Potato,Mumbai,2495
2024-06-25,Potato,Mumbai,2511
2024-06-26,Potato,Mumbai,2513
2024-06-27,Potato,Mumbai,2496
2024-06-28,Potato,Mumbai,2505
2024-06-29,Potato,Mumbai,2505
2024-06-30,Potato,Mumbai,2490
2024-07-01,Potato,Mumbai,2479
2024-07-02,Potato,Mumbai,2463
2024-07-03,Potato,Mumbai,2454
2024-07-04,Potato,Mumbai,2434
2024-07-05,Potato,Mumbai,2429
2024-07-06,Potato,Mumbai,2443
2024-07-07,Potato,Mumbai,2456
2024-07-08,Potato,Mumbai,2475
2024-07-09,Potato,Mumbai,2456
2024-07-10,Potato,Mumbai,2465
2024-07-11,Potato,Mumbai,2476
2024-07-12,Potato,Mumbai,2480
2024-07-13,Potato,Mumbai,2476
2024-07-14,Potato,Mumbai,2464
2024-07-15,Potato,Mumbai,2449
2024-07-16,Potato,Mumbai,2456
2024-07-17,Potato,Mumbai,2445
2024-07-18,Potato,Mumbai,2466
2024-07-19,Potato,Mumbai,2461
2024-07-20,Potato,Mumbai,2482
2024-07-21,Potato,Mumbai,2497
2024-07-22,Potato,Mumbai,2484
2024-07-23,Potato,Mumbai,2494
2024-07-24,Potato,Mumbai,2508
2024-07-25,Potato,Mumbai,2525
2024-07-26,Potato,Mumbai,2517
2024-07-27,Potato,Mumbai,2516
2024-07-28,Potato,Mumbai,2498
2024-07-29,Potato,Mumbai,2493
2024-07-30,Potato,Mumbai,2484
2024-07-31,Potato,Mumbai,2490
2024-08-01,Potato,Mumbai,2490
2024-08-02,Potato,Mumbai,2498
2024-08-03,Potato,Mumbai,2504
2024-08-04,Potato,Mumbai,2513
2024-08-05,Potato,Mumbai,2521
2024-08-06,Potato,Mumbai,2514
2024-08-07,Potato,Mumbai,2518
2024-08-08,Potato,Mumbai,2543
2024-08-09,Potato,Mumbai,2559
2024-08-10,Potato,Mumbai,2552
2024-08-11,Potato,Mumbai,2566
2024-08-12,Potato,Mumbai,2579
2024-08-13,Potato,Mumbai,2574
2024-08-14,Potato,Mumbai,2559
2024-08-15,Potato,Mumbai,2551
2024-08-16,Potato,Mumbai,2546
2024-08-17,Potato,Mumbai,2536
2024-08-18,Potato,Mumbai,2541
2024-08-19,Potato,Mumbai,2546
2024-08-20,Potato,Mumbai,2530
2024-08-21,Potato,Mumbai,2545
2024-08-22,Potato,Mumbai,2570
2024-08-23,Potato,Mumbai,2583
2024-08-24,Potato,Mumbai,2593
2024-08-25,Potato,Mumbai,2587
2024-08-26,Potato,Mumbai,2574
2024-08-27,Potato,Mumbai,2593
2024-08-28,Potato,Mumbai,2612
2024-08-29,Potato,Mumbai,2599
2024-08-30,Potato,Mumbai,2596
2024-08-31,Potato,Mumbai,2597
2024-09-01,Potato,Mumbai,2611
2024-09-02,Potato,Mumbai,2616
2024-09-03,Potato,Mumbai,2616
2024-09-04,Potato,Mumbai,2605
2024-09-05,Potato,Mumbai,2585
2024-09-06,Potato,Mumbai,2599
2024-09-07,Potato,Mumbai,2604
2024-09-08,Potato,Mumbai,2607
2024-09-09,Potato,Mumbai,2600
2024-09-10,Potato,Mumbai,2603
2024-09-11,Potato,Mumbai,2616
2024-09-12,Potato,Mumbai,2637
2024-09-13,Potato,Mumbai,2657
2024-09-14,Potato,Mumbai,2667
2024-09-15,Potato,Mumbai,2652
2024-09-16,Potato,Mumbai,2664
2024-09-17,Potato,Mumbai,2680
2024-09-18,Potato,Mumbai,2686
2024-09-19,Potato,Mumbai,2675
2024-09-20,Potato,Mumbai,2677
2024-09-21,Potato,Mumbai,2665
2024-09-22,Potato,Mumbai,2684
2024-09-23,Potato,Mumbai,2703
2024-09-24,Potato,Mumbai,2707
2024-09-25,Potato,Mumbai,2731
2024-09-26,Potato,Mumbai,2734
2024-09-27,Potato,Mumbai,2716
2024-09-28,Potato,Mumbai,2714
2024-09-29,Potato,Mumbai,2739
2024-09-30,Potato,Mumbai,2746
2024-10-01,Potato,Mumbai,2762
2024-10-02,Potato,Mumbai,2767
2024-10-03,Potato,Mumbai,2790
2024-10-04,Potato,Mumbai,2773
2024-10-05,Potato,Mumbai,2760
2024-10-06,Potato,Mumbai,2741
2024-10-07,Potato,Mumbai,2742
2024-10-08,Potato,Mumbai,2722
2024-10-09,Potato,Mumbai,2724
2024-10-10,Potato,Mumbai,2710
2024-10-11,Potato,Mumbai,2720
2024-10-12,Potato,Mumbai,2734
2024-10-13,Potato,Mumbai,2729
2024-10-14,Potato,Mumbai,2712
2024-10-15,Potato,Mumbai,2698
2024-10-16,Potato,Mumbai,2690
2024-10-17,Potato,Mumbai,2671
2024-10-18,Potato,Mumbai,2678
2024-10-19,Potato,Mumbai,2689
2024-10-20,Potato,Mumbai,2677
2024-10-21,Potato,Mumbai,2686
2024-10-22,Potato,Mumbai,2698
2024-10-23,Potato,Mumbai,2701
2024-10-24,Potato,Mumbai,2719
2024-10-25,Potato,Mumbai,2720
2024-10-26,Potato,Mumbai,2702
2024-10-27,Potato,Mumbai,2682
2024-10-28,Potato,Mumbai,2686
2024-10-29,Potato,Mumbai,2683
2024-10-30,Potato,Mumbai,2685
2024-10-31,Potato,Mumbai,2681
2024-11-01,Potato,Mumbai,2695
2024-11-02,Potato,Mumbai,2710
2024-11-03,Potato,Mumbai,2707
2024-11-04,Potato,Mumbai,2692
2024-11-05,Potato,Mumbai,2701
2024-11-06,Potato,Mumbai,2709
2024-11-07,Potato,Mumbai,2694
2024-11-08,Potato,Mumbai,2680
2024-11-09,Potato,Mumbai,2670
2024-11-10,Potato,Mumbai,2662
2024-11-11,Potato,Mumbai,2682
2024-11-12,Potato,Mumbai,2699
2024-11-13,Potato,Mumbai,2689
2024-11-14,Potato,Mumbai,2714
2024-11-15,Potato,Mumbai,2703
2024-11-16,Potato,Mumbai,2718
2024-11-17,Potato,Mumbai,2721
2024-11-18,Potato,Mumbai,2707
2024-11-19,Potato,Mumbai,2714
2024-11-20,Potato,Mumbai,2694
2024-11-21,Potato,Mumbai,2693
2024-11-22,Potato,Mumbai,2713
2024-11-23,Potato,Mumbai,2722
2024-11-24,Potato,Mumbai,2708
2024-11-25,Potato,Mumbai,2710
2024-11-26,Potato,Mumbai,2725
2024-11-27,Potato,Mumbai,2716
2024-11-28,Potato,Mumbai,2700
2024-11-29,Potato,Mumbai,2719
2024-11-30,Potato,Mumbai,2744
2024-12-01,Potato,Mumbai,2745
2024-12-02,Potato,Mumbai,2747
2024-12-03,Potato,Mumbai,2751
2024-12-04,Potato,Mumbai,2747
2024-12-05,Potato,Mumbai,2727
2024-12-06,Potato,Mumbai,2712
2024-12-07,Potato,Mumbai,2725
2024-12-08,Potato,Mumbai,2728
2024-12-09,Potato,Mumbai,2735
2024-12-10,Potato,Mumbai,2719
2024-12-11,Potato,Mumbai,2731
2024-12-12,Potato,Mumbai,2712
2024-12-13,Potato,Mumbai,2695
2024-12-14,Potato,Mumbai,2710
2024-12-15,Potato,Mumbai,2720
2024-12-16,Potato,Mumbai,2711
2024-12-17,Potato,Mumbai,2719
2024-12-18,Potato,Mumbai,2700
2024-12-19,Potato,Mumbai,2725
2024-12-20,Potato,Mumbai,2738
2024-12-21,Potato,Mumbai,2730
2024-12-22,Potato,Mumbai,2715
2024-12-23,Potato,Mumbai,2727
2024-12-24,Potato,Mumbai,2726
2024-12-25,Potato,Mumbai,2712
2024-12-26,Potato,Mumbai,2719
2024-12-27,Potato,Mumbai,2709
2024-12-28,Potato,Mumbai,2703
2024-12-29,Potato,Mumbai,2720
2024-12-30,Potato,Mumbai,2705
2024-12-31,Potato,Mumbai,2686
2025-01-01,Potato,Mumbai,2672
2025-01-02,Potato,Mumbai,2691
2025-01-03,Potato,Mumbai,2697
2025-01-04,Potato,Mumbai,2682
2025-01-05,Potato,Mumbai,2691
2025-01-06,Potato,Mumbai,2678
2025-01-07,Potato,Mumbai,2689
2025-01-08,Potato,Mumbai,2695
2025-01-09,Potato,Mumbai,2678
2025-01-10,Potato,Mumbai,2664
2025-01-11,Potato,Mumbai,2668
2025-01-12,Potato,Mumbai,2687
2025-01-13,Potato,Mumbai,2691
2025-01-14,Potato,Mumbai,2711
2025-01-15,Potato,Mumbai,2718
2025-01-16,Potato,Mumbai,2726
2025-01-17,Potato,Mumbai,2751
2025-01-18,Potato,Mumbai,2754
2025-01-19,Potato,Mumbai,2740
2025-01-20,Potato,Mumbai,2747
2025-01-21,Potato,Mumbai,2746
2025-01-22,Potato,Mumbai,2764
2025-01-23,Potato,Mumbai,2755
2025-01-24,Potato,Mumbai,2744
2025-01-25,Potato,Mumbai,2749
2025-01-26,Potato,Mumbai,2729
2025-01-27,Potato,Mumbai,2715
2025-01-28,Potato,Mumbai,2716
2025-01-29,Potato,Mumbai,2706
2025-01-30,Potato,Mumbai,2688
2025-01-31,Potato,Mumbai,2685
2025-02-01,Potato,Mumbai,2694
2025-02-02,Potato,Mumbai,2710
2025-02-03,Potato,Mumbai,2725
2025-02-04,Potato,Mumbai,2748
2025-02-05,Potato,Mumbai,2731
2025-02-06,Potato,Mumbai,2715
2025-02-07,Potato,Mumbai,2711
2025-02-08,Potato,Mumbai,2732
2025-02-09,Potato,Mumbai,2742
2025-02-10,Potato,Mumbai,2756
2025-02-11,Potato,Mumbai,2781
2025-02-12,Potato,Mumbai,2774
2025-02-13,Potato,Mumbai,2798
2025-02-14,Potato,Mumbai,2809
2025-02-15,Potato,Mumbai,2815
2025-02-16,Potato,Mumbai,2826
2025-02-17,Potato,Mumbai,2834
2025-02-18,Potato,Mumbai,2820
2025-02-19,Potato,Mumbai,2810
2025-02-20,Potato,Mumbai,2807
2025-02-21,Potato,Mumbai,2822
2025-02-22,Potato,Mumbai,2813
2025-02-23,Potato,Mumbai,2794
2025-02-24,Potato,Mumbai,2806
2025-02-25,Potato,Mumbai,2789
2025-02-26,Potato,Mumbai,2785
2025-02-27,Potato,Mumbai,2789
2025-02-28,Potato,Mumbai,2796
2025-03-01,Potato,Mumbai,2819
2025-03-02,Potato,Mumbai,2820
2025-03-03,Potato,Mumbai,2839
2025-03-04,Potato,Mumbai,2851
2025-03-05,Potato,Mumbai,2874
2025-03-06,Potato,Mumbai,2860
2025-03-07,Potato,Mumbai,2843
2025-03-08,Potato,Mumbai,2841
2025-03-09,Potato,Mumbai,2823
2025-03-10,Potato,Mumbai,2808
2025-03-11,Potato,Mumbai,2808
2025-03-12,Potato,Mumbai,2817
2025-03-13,Potato,Mumbai,2842
2025-03-14,Potato,Mumbai,2856
2025-03-15,Potato,Mumbai,2857
2025-03-16,Potato,Mumbai,2868
2025-03-17,Potato,Mumbai,2853
2025-03-18,Potato,Mumbai,2846
2025-03-19,Potato,Mumbai,2834
2025-03-20,Potato,Mumbai,2820
2025-03-21,Potato,Mumbai,2815
2025-03-22,Potato,Mumbai,2805
2025-03-23,Potato,Mumbai,2814
2025-03-24,Potato,Mumbai,2820
2025-03-25,Potato,Mumbai,2841
2025-03-26,Potato,Mumbai,2843
2025-03-27,Potato,Mumbai,2845
2025-03-28,Potato,Mumbai,2846
2025-03-29,Potato,Mumbai,2855
2025-03-30,Potato,Mumbai,2845
2025-03-31,Potato,Mumbai,2852
2025-04-01,Potato,Mumbai,2859
2025-04-02,Potato,Mumbai,2839
2025-04-03,Potato,Mumbai,2855
2025-04-04,Potato,Mumbai,2845
2025-04-05,Potato,Mumbai,2863
2025-04-06,Potato,Mumbai,2849
2025-04-07,Potato,Mumbai,2831
2025-04-08,Potato,Mumbai,2822
2025-04-09,Potato,Mumbai,2808
2025-04-10,Potato,Mumbai,2808
2025-04-11,Potato,Mumbai,2828
2025-04-12,Potato,Mumbai,2813
2025-04-13,Potato,Mumbai,2798
2025-04-14,Potato,Mumbai,2779
2025-04-15,Potato,Mumbai,2795
2025-04-16,Potato,Mumbai,2799
2025-04-17,Potato,Mumbai,2824
2025-04-18,Potato,Mumbai,2812
2025-04-19,Potato,Mumbai,2833
2025-04-20,Potato,Mumbai,2843
2025-04-21,Potato,Mumbai,2845
2025-04-22,Potato,Mumbai,2863
2025-04-23,Potato,Mumbai,2859
2025-04-24,Potato,Mumbai,2873
2025-04-25,Potato,Mumbai,2890
2025-04-26,Potato,Mumbai,2884
2025-04-27,Potato,Mumbai,2882
2025-04-28,Potato,Mumbai,2878
2025-04-29,Potato,Mumbai,2898
2025-04-30,Potato,Mumbai,2879
2025-05-01,Potato,Mumbai,2902
2025-05-02,Potato,Mumbai,2885
2025-05-03,Potato,Mumbai,2889
2025-05-04,Potato,Mumbai,2872
2025-05-05,Potato,Mumbai,2893
2025-05-06,Potato,Mumbai,2874
2025-05-07,Potato,Mumbai,2878
2025-05-08,Potato,Mumbai,2886
2025-05-09,Potato,Mumbai,2889
2025-05-10,Potato,Mumbai,2897
2025-05-11,Potato,Mumbai,2884
2025-05-12,Potato,Mumbai,2906
2025-05-13,Potato,Mumbai,2904
2025-05-14,Potato,Mumbai,2924
2025-05-15,Potato,Mumbai,2939
2025-05-16,Potato,Mumbai,2947
2025-05-17,Potato,Mumbai,2929
2025-05-18,Potato,Mumbai,2926
2025-05-19,Potato,Mumbai,2925
2025-05-20,Potato,Mumbai,2947
2025-05-21,Potato,Mumbai,2935
2025-05-22,Potato,Mumbai,2941
2025-05-23,Potato,Mumbai,2945
2025-05-24,Potato,Mumbai,2966
2025-05-25,Potato,Mumbai,2948
2025-05-26,Potato,Mumbai,2929
2025-05-27,Potato,Mumbai,2911
2025-05-28,Potato,Mumbai,2904
2025-05-29,Potato,Mumbai,2908
2025-05-30,Potato,Mumbai,2929
2025-05-31,Potato,Mumbai,2944
2025-06-01,Potato,Mumbai,2945
2025-06-02,Potato,Mumbai,2942
2025-06-03,Potato,Mumbai,2928
2025-06-04,Potato,Mumbai,2919
2025-06-05,Potato,Mumbai,2937
2025-06-06,Potato,Mumbai,2945
2025-06-07,Potato,Mumbai,2950
2025-06-08,Potato,Mumbai,2946
2025-06-09,Potato,Mumbai,2948
2025-06-10,Potato,Mumbai,2958
2025-06-11,Potato,Mumbai,2943
2025-06-12,Potato,Mumbai,2937
2025-06-13,Potato,Mumbai,2943
2025-06-14,Potato,Mumbai,2961
2025-06-15,Potato,Mumbai,2950
2025-06-16,Potato,Mumbai,2969
2025-06-17,Potato,Mumbai,2953
2025-06-18,Potato,Mumbai,2962
2025-06-19,Potato,Mumbai,2987
2025-06-20,Potato,Mumbai,3011
2025-06-21,Potato,Mumbai,3030
2025-06-22,Potato,Mumbai,3028
2025-06-23,Potato,Mumbai,3047
2025-06-24,Potato,Mumbai,3072
2025-06-25,Potato,Mumbai,3093
2025-06-26,Potato,Mumbai,3112
2025-06-27,Potato,Mumbai,3112
2025-06-28,Potato,Mumbai,3117
2025-06-29,Potato,Mumbai,3127
2025-06-30,Potato,Mumbai,3149
2025-07-01,Potato,Mumbai,3150
2025-07-02,Potato,Mumbai,3142
2025-07-03,Potato,Mumbai,3147
2025-07-04,Potato,Mumbai,3168
2025-07-05,Potato,Mumbai,3185
2025-07-06,Potato,Mumbai,3180
2025-07-07,Potato,Mumbai,3172
2025-07-08,Potato,Mumbai,3170
2025-07-09,Potato,Mumbai,3169
2025-07-10,Potato,Mumbai,3152
2025-07-11,Potato,Mumbai,3135
2025-07-12,Potato,Mumbai,3146
2025-07-13,Potato,Mumbai,3164
2025-07-14,Potato,Mumbai,3168
2025-07-15,Potato,Mumbai,3168
2025-07-16,Potato,Mumbai,3155
2025-07-17,Potato,Mumbai,3157
2025-07-18,Potato,Mumbai,3167
2025-07-19,Potato,Mumbai,3159
2025-07-20,Potato,Mumbai,3146
2025-07-21,Potato,Mumbai,3134
2025-07-22,Potato,Mumbai,3131
2025-07-23,Potato,Mumbai,3135
2025-07-24,Potato,Mumbai,3139
2025-07-25,Potato,Mumbai,3160
2025-07-26,Potato,Mumbai,3149
2025-07-27,Potato,Mumbai,3137
2025-07-28,Potato,Mumbai,3155
2025-07-29,Potato,Mumbai,3151
2025-07-30,Potato,Mumbai,3136
2025-07-31,Potato,Mumbai,3145
2025-08-01,Potato,Mumbai,3134
2025-08-02,Potato,Mumbai,3158
2025-08-03,Potato,Mumbai,3155
2025-08-04,Potato,Mumbai,3143
2025-08-05,Potato,Mumbai,3154
2025-08-06,Potato,Mumbai,3172
2025-08-07,Potato,Mumbai,3178
2025-08-08,Potato,Mumbai,3170
2025-08-09,Potato,Mumbai,3188
2025-08-10,Potato,Mumbai,3193
2025-08-11,Potato,Mumbai,3210
2025-08-12,Potato,Mumbai,3190
2025-08-13,Potato,Mumbai,3190
2025-08-14,Potato,Mumbai,3175
2025-08-15,Potato,Mumbai,3196
2025-08-16,Potato,Mumbai,3217
2025-08-17,Potato,Mumbai,3201
2025-08-18,Potato,Mumbai,3204
2025-08-19,Potato,Mumbai,3201
2025-08-20,Potato,Mumbai,3185
2025-08-21,Potato,Mumbai,3166
2025-08-22,Potato,Mumbai,3170
2025-08-23,Potato,Mumbai,3185
2025-08-24,Potato,Mumbai,3169
2025-08-25,Potato,Mumbai,3175
2025-08-26,Potato,Mumbai,3156
2025-08-27,Potato,Mumbai,3141
2025-08-28,Potato,Mumbai,3158
2025-08-29,Potato,Mumbai,3144
2025-08-30,Potato,Mumbai,3156
2025-08-31,Potato,Mumbai,3158
2025-09-01,Potato,Mumbai,3144
2025-09-02,Potato,Mumbai,3134
2025-09-03,Potato,Mumbai,3140
2025-09-04,Potato,Mumbai,3159
2025-09-05,Potato,Mumbai,3144
2025-09-06,Potato,Mumbai,3129
2025-09-07,Potato,Mumbai,3120
2025-09-08,Potato,Mumbai,3134
2025-09-09,Potato,Mumbai,3125
2025-09-10,Potato,Mumbai,3133
2025-09-11,Potato,Mumbai,3158
2025-09-12,Potato,Mumbai,3141
2025-09-13,Potato,Mumbai,3156
2025-09-14,Potato,Mumbai,3169
2025-09-15,Potato,Mumbai,3158
2025-09-16,Potato,Mumbai,3144
2025-09-17,Potato,Mumbai,3148
2025-09-18,Potato,Mumbai,3155
2025-09-19,Potato,Mumbai,3180
2025-09-20,Potato,Mumbai,3165
2025-09-21,Potato,Mumbai,3176
2025-09-22,Potato,Mumbai,3165
2025-09-23,Potato,Mumbai,3167
2025-09-24,Potato,Mumbai,3177
2025-09-25,Potato,Mumbai,3183
2025-09-26,Potato,Mumbai,3172
2025-09-27,Potato,Mumbai,3155
2025-09-28,Potato,Mumbai,3172
2025-09-29,Potato,Mumbai,3161
2025-09-30,Potato,Mumbai,3169
2025-10-01,Potato,Mumbai,3170
2025-10-02,Potato,Mumbai,3155
2025-10-03,Potato,Mumbai,3146
2025-10-04,Potato,Mumbai,3153
2025-10-05,Potato,Mumbai,3143
2025-10-06,Potato,Mumbai,3151
2025-10-07,Potato,Mumbai,3143
2025-10-08,Potato,Mumbai,3161
2025-10-09,Potato,Mumbai,3178
2025-10-10,Potato,Mumbai,3183
2025-10-11,Potato,Mumbai,3166
2025-10-12,Potato,Mumbai,3174
2025-10-13,Potato,Mumbai,3154
2025-10-14,Potato,Mumbai,3150
2025-10-15,Potato,Mumbai,3132
2025-10-16,Potato,Mumbai,3120
2025-10-17,Potato,Mumbai,3110
2025-10-18,Potato,Mumbai,3099
2025-10-19,Potato,Mumbai,3120
2025-10-20,Potato,Mumbai,3123
2025-10-21,Potato,Mumbai,3148
2025-10-22,Potato,Mumbai,3161
2025-10-23,Potato,Mumbai,3165
2025-10-24,Potato,Mumbai,3171
2025-10-25,Potato,Mumbai,3171
2025-10-26,Potato,Mumbai,3176
2025-10-27,Potato,Mumbai,3196
2025-10-28,Potato,Mumbai,3176
2025-10-29,Potato,Mumbai,3201
2025-10-30,Potato,Mumbai,3208
2025-10-31,Potato,Mumbai,3219
2025-11-01,Potato,Mumbai,3215
2025-11-02,Potato,Mumbai,3228
2025-11-03,Potato,Mumbai,3252
2025-11-04,Potato,Mumbai,3245
2025-11-05,Potato,Mumbai,3240
2025-11-06,Potato,Mumbai,3221
2025-11-07,Potato,Mumbai,3201
2025-11-08,Potato,Mumbai,3197
2025-11-09,Potato,Mumbai,3200
2025-11-10,Potato,Mumbai,3197
2025-11-11,Potato,Mumbai,3221
2025-11-12,Potato,Mumbai,3217
2025-11-13,Potato,Mumbai,3228
2025-11-14,Potato,Mumbai,3251
2025-11-15,Potato,Mumbai,3275
2025-11-16,Potato,Mumbai,3267
2025-11-17,Potato,Mumbai,3271
2025-11-18,Potato,Mumbai,3286
2025-11-19,Potato,Mumbai,3286
2025-11-20,Potato,Mumbai,3296
2025-11-21,Potato,Mumbai,3285
2025-11-22,Potato,Mumbai,3307
2025-11-23,Potato,Mumbai,3288
2025-11-24,Potato,Mumbai,3289
2025-11-25,Potato,Mumbai,3295
2025-11-26,Potato,Mumbai,3319
2025-11-27,Potato,Mumbai,3308
2025-11-28,Potato,Mumbai,3293
2025-11-29,Potato,Mumbai,3283
2025-11-30,Potato,Mumbai,3276
2025-12-01,Potato,Mumbai,3288
2025-12-02,Potato,Mumbai,3294
2025-12-03,Potato,Mumbai,3303
2025-12-04,Potato,Mumbai,3314
2025-12-05,Potato,Mumbai,3318
2025-12-06,Potato,Mumbai,3308
2025-12-07,Potato,Mumbai,3329
2025-12-08,Potato,Mumbai,3344
2025-12-09,Potato,Mumbai,3338
2025-12-10,Potato,Mumbai,3355
2025-12-11,Potato,Mumbai,3363
2025-12-12,Potato,Mumbai,3356
2025-12-13,Potato,Mumbai,3370
2025-12-14,Potato,Mumbai,3375
2025-12-15,Potato,Mumbai,3392
2025-12-16,Potato,Mumbai,3399
2025-12-17,Potato,Mumbai,3406
2025-12-18,Potato,Mumbai,3388
2025-12-19,Potato,Mumbai,3373
2025-12-20,Potato,Mumbai,3365
2025-12-21,Potato,Mumbai,3366
2025-12-22,Potato,Mumbai,3363
2025-12-23,Potato,Mumbai,3347
2025-12-24,Potato,Mumbai,3342
2025-12-25,Potato,Mumbai,3329
2025-12-26,Potato,Mumbai,3325
2025-12-27,Potato,Mumbai,3341
2025-12-28,Potato,Mumbai,3352
2025-12-29,Potato,Mumbai,3359
2025-12-30,Potato,Mumbai,3359
2025-12-31,Potato,Mumbai,3360
2024-01-01,Potato,Nagpur,2414
2024-01-02,Potato,Nagpur,2438
2024-01-03,Potato,Nagpur,2453
2024-01-04,Potato,Nagpur,2471
2024-01-05,Potato,Nagpur,2474
2024-01-06,Potato,Nagpur,2457
2024-01-07,Potato,Nagpur,2453
2024-01-08,Potato,Nagpur,2466
2024-01-09,Potato,Nagpur,2481
2024-01-10,Potato,Nagpur,2466
2024-01-11,Potato,Nagpur,2463
2024-01-12,Potato,Nagpur,2459
2024-01-13,Potato,Nagpur,2449
2024-01-14,Potato,Nagpur,2468
2024-01-15,Potato,Nagpur,2462
2024-01-16,Potato,Nagpur,2449
2024-01-17,Potato,Nagpur,2456
2024-01-18,Potato,Nagpur,2444
2024-01-19,Potato,Nagpur,2458
2024-01-20,Potato,Nagpur,2443
2024-01-21,Potato,Nagpur,2458
2024-01-22,Potato,Nagpur,2448
2024-01-23,Potato,Nagpur,2440
2024-01-24,Potato,Nagpur,2446
2024-01-25,Potato,Nagpur,2454
2024-01-26,Potato,Nagpur,2474
2024-01-27,Potato,Nagpur,2462
2024-01-28,Potato,Nagpur,2468
2024-01-29,Potato,Nagpur,2487
2024-01-30,Potato,Nagpur,2498
2024-01-31,Potato,Nagpur,2500
2024-02-01,Potato,Nagpur,2486
2024-02-02,Potato,Nagpur,2475
2024-02-03,Potato,Nagpur,2467
2024-02-04,Potato,Nagpur,2465
2024-02-05,Potato,Nagpur,2451
2024-02-06,Potato,Nagpur,2468
2024-02-07,Potato,Nagpur,2451
2024-02-08,Potato,Nagpur,2473
2024-02-09,Potato,Nagpur,2489
2024-02-10,Potato,Nagpur,2490
2024-02-11,Potato,Nagpur,2480
2024-02-12,Potato,Nagpur,2466
2024-02-13,Potato,Nagpur,2483
2024-02-14,Potato,Nagpur,2475
2024-02-15,Potato,Nagpur,2488
2024-02-16,Potato,Nagpur,2490
2024-02-17,Potato,Nagpur,2493
2024-02-18,Potato,Nagpur,2503
2024-02-19,Potato,Nagpur,2493
2024-02-20,Potato,Nagpur,2474
2024-02-21,Potato,Nagpur,2483
2024-02-22,Potato,Nagpur,2465
2024-02-23,Potato,Nagpur,2488
2024-02-24,Potato,Nagpur,2473
2024-02-25,Potato,Nagpur,2496
2024-02-26,Potato,Nagpur,2513
2024-02-27,Potato,Nagpur,2499
2024-02-28,Potato,Nagpur,2523
2024-02-29,Potato,Nagpur,2532
2024-03-01,Potato,Nagpur,2549
2024-03-02,Potato,Nagpur,2549
2024-03-03,Potato,Nagpur,2543
2024-03-04,Potato,Nagpur,2539
2024-03-05,Potato,Nagpur,2533
2024-03-06,Potato,Nagpur,2523
2024-03-07,Potato,Nagpur,2543
2024-03-08,Potato,Nagpur,2525
2024-03-09,Potato,Nagpur,2547
2024-03-10,Potato,Nagpur,2569
2024-03-11,Potato,Nagpur,2559
2024-03-12,Potato,Nagpur,2553
2024-03-13,Potato,Nagpur,2549
2024-03-14,Potato,Nagpur,2573
2024-03-15,Potato,Nagpur,2583
2024-03-16,Potato,Nagpur,2601
2024-03-17,Potato,Nagpur,2587
2024-03-18,Potato,Nagpur,2584
2024-03-19,Potato,Nagpur,2581
2024-03-20,Potato,Nagpur,2594
2024-03-21,Potato,Nagpur,2603
2024-03-22,Potato,Nagpur,2617
2024-03-23,Potato,Nagpur,2632
2024-03-24,Potato,Nagpur,2616
2024-03-25,Potato,Nagpur,2619
2024-03-26,Potato,Nagpur,2615
2024-03-27,Potato,Nagpur,2629
2024-03-28,Potato,Nagpur,2621
2024-03-29,Potato,Nagpur,2612
2024-03-30,Potato,Nagpur,2625
2024-03-31,Potato,Nagpur,2647
2024-04-01,Potato,Nagpur,2656
2024-04-02,Potato,Nagpur,2660
2024-04-03,Potato,Nagpur,2650
2024-04-04,Potato,Nagpur,2652
2024-04-05,Potato,Nagpur,2645
2024-04-06,Potato,Nagpur,2637
2024-04-07,Potato,Nagpur,2645
2024-04-08,Potato,Nagpur,2664
2024-04-09,Potato,Nagpur,2661
2024-04-10,Potato,Nagpur,2642
2024-04-11,Potato,Nagpur,2629
2024-04-12,Potato,Nagpur,2624
2024-04-13,Potato,Nagpur,2629
2024-04-14,Potato,Nagpur,2640
2024-04-15,Potato,Nagpur,2620
2024-04-16,Potato,Nagpur,2606
2024-04-17,Potato,Nagpur,2625
2024-04-18,Potato,Nagpur,2640
2024-04-19,Potato,Nagpur,2629
2024-04-20,Potato,Nagpur,2643
2024-04-21,Potato,Nagpur,2640
2024-04-22,Potato,Nagpur,2656
2024-04-23,Potato,Nagpur,2653
2024-04-24,Potato,Nagpur,2658
2024-04-25,Potato,Nagpur,2665
2024-04-26,Potato,Nagpur,2669
2024-04-27,Potato,Nagpur,2649
2024-04-28,Potato,Nagpur,2636
2024-04-29,Potato,Nagpur,2661
2024-04-30,Potato,Nagpur,2668
2024-05-01,Potato,Nagpur,2654
2024-05-02,Potato,Nagpur,2657
2024-05-03,Potato,Nagpur,2638
2024-05-04,Potato,Nagpur,2641
2024-05-05,Potato,Nagpur,2652
2024-05-06,Potato,Nagpur,2667
2024-05-07,Potato,Nagpur,2660
2024-05-08,Potato,Nagpur,2652
2024-05-09,Potato,Nagpur,2650
2024-05-10,Potato,Nagpur,2631
2024-05-11,Potato,Nagpur,2634
2024-05-12,Potato,Nagpur,2615
2024-05-13,Potato,Nagpur,2614
2024-05-14,Potato,Nagpur,2637
2024-05-15,Potato,Nagpur,2637
2024-05-16,Potato,Nagpur,2648
2024-05-17,Potato,Nagpur,2672
2024-05-18,Potato,Nagpur,2684
2024-05-19,Potato,Nagpur,2665
2024-05-20,Potato,Nagpur,2658
2024-05-21,Potato,Nagpur,2675
2024-05-22,Potato,Nagpur,2693
2024-05-23,Potato,Nagpur,2684
2024-05-24,Potato,Nagpur,2669
2024-05-25,Potato,Nagpur,2677
2024-05-26,Potato,Nagpur,2686
2024-05-27,Potato,Nagpur,2666
2024-05-28,Potato,Nagpur,2674
2024-05-29,Potato,Nagpur,2654
2024-05-30,Potato,Nagpur,2647
2024-05-31,Potato,Nagpur,2643
2024-06-01,Potato,Nagpur,2663
2024-06-02,Potato,Nagpur,2663
2024-06-03,Potato,Nagpur,2667
2024-06-04,Potato,Nagpur,2677
2024-06-05,Potato,Nagpur,2669
2024-06-06,Potato,Nagpur,2674
2024-06-07,Potato,Nagpur,2699
2024-06-08,Potato,Nagpur,2724
2024-06-09,Potato,Nagpur,2710
2024-06-10,Potato,Nagpur,2728
2024-06-11,Potato,Nagpur,2709
2024-06-12,Potato,Nagpur,2734
2024-06-13,Potato,Nagpur,2749
2024-06-14,Potato,Nagpur,2743
2024-06-15,Potato,Nagpur,2753
2024-06-16,Potato,Nagpur,2766
2024-06-17,Potato,Nagpur,2762
2024-06-18,Potato,Nagpur,2758
2024-06-19,Potato,Nagpur,2767
2024-06-20,Potato,Nagpur,2768
2024-06-21,Potato,Nagpur,2753
2024-06-22,Potato,Nagpur,2763
2024-06-23,Potato,Nagpur,2746
2024-06-24,Potato,Nagpur,2740
2024-06-25,Potato,Nagpur,2746
2024-06-26,Potato,Nagpur,2745
2024-06-27,Potato,Nagpur,2731
2024-06-28,Potato,Nagpur,2722
2024-06-29,Potato,Nagpur,2722
2024-06-30,Potato,Nagpur,2740
2024-07-01,Potato,Nagpur,2760
2024-07-02,Potato,Nagpur,2755
2024-07-03,Potato,Nagpur,2741
2024-07-04,Potato,Nagpur,2755
2024-07-05,Potato,Nagpur,2738
2024-07-06,Potato,Nagpur,2754
2024-07-07,Potato,Nagpur,2765
2024-07-08,Potato,Nagpur,2776
2024-07-09,Potato,Nagpur,2760
2024-07-10,Potato,Nagpur,2746
2024-07-11,Potato,Nagpur,2733
2024-07-12,Potato,Nagpur,2716
2024-07-13,Potato,Nagpur,2721
2024-07-14,Potato,Nagpur,2741
2024-07-15,Potato,Nagpur,2727
2024-07-16,Potato,Nagpur,2713
2024-07-17,Potato,Nagpur,2718
2024-07-18,Potato,Nagpur,2715
2024-07-19,Potato,Nagpur,2698
2024-07-20,Potato,Nagpur,2718
2024-07-21,Potato,Nagpur,2729
2024-07-22,Potato,Nagpur,2711
2024-07-23,Potato,Nagpur,2721
2024-07-24,Potato,Nagpur,2724
2024-07-25,Potato,Nagpur,2718
2024-07-26,Potato,Nagpur,2714
2024-07-27,Potato,Nagpur,2723
2024-07-28,Potato,Nagpur,2741
2024-07-29,Potato,Nagpur,2737
2024-07-30,Potato,Nagpur,2760
2024-07-31,Potato,Nagpur,2768
2024-08-01,Potato,Nagpur,2772
2024-08-02,Potato,Nagpur,2773
2024-08-03,Potato,Nagpur,2774
2024-08-04,Potato,Nagpur,2770
2024-08-05,Potato,Nagpur,2770
2024-08-06,Potato,Nagpur,2776
2024-08-07,Potato,Nagpur,2777
2024-08-08,Potato,Nagpur,2770
2024-08-09,Potato,Nagpur,2756
2024-08-10,Potato,Nagpur,2743
2024-08-11,Potato,Nagpur,2753
2024-08-12,Potato,Nagpur,2738
2024-08-13,Potato,Nagpur,2743
2024-08-14,Potato,Nagpur,2724
2024-08-15,Potato,Nagpur,2722
2024-08-16,Potato,Nagpur,2719
2024-08-17,Potato,Nagpur,2732
2024-08-18,Potato,Nagpur,2717
2024-08-19,Potato,Nagpur,2726
2024-08-20,Potato,Nagpur,2730
2024-08-21,Potato,Nagpur,2745
2024-08-22,Potato,Nagpur,2735
2024-08-23,Potato,Nagpur,2718
2024-08-24,Potato,Nagpur,2707
2024-08-25,Potato,Nagpur,2721
2024-08-26,Potato,Nagpur,2728
2024-08-27,Potato,Nagpur,2741
2024-08-28,Potato,Nagpur,2722
2024-08-29,Potato,Nagpur,2733
2024-08-30,Potato,Nagpur,2754
2024-08-31,Potato,Nagpur,2778
2024-09-01,Potato,Nagpur,2794
2024-09-02,Potato,Nagpur,2804
2024-09-03,Potato,Nagpur,2824
2024-09-04,Potato,Nagpur,2815
2024-09-05,Potato,Nagpur,2800
2024-09-06,Potato,Nagpur,2799
2024-09-07,Potato,Nagpur,2814
2024-09-08,Potato,Nagpur,2808
2024-09-09,Potato,Nagpur,2791
2024-09-10,Potato,Nagpur,2790
2024-09-11,Potato,Nagpur,2774
2024-09-12,Potato,Nagpur,2762
2024-09-13,Potato,Nagpur,2754
2024-09-14,Potato,Nagpur,2744
2024-09-15,Potato,Nagpur,2765
2024-09-16,Potato,Nagpur,2767
2024-09-17,Potato,Nagpur,2775
2024-09-18,Potato,Nagpur,2791
2024-09-19,Potato,Nagpur,2779
2024-09-20,Potato,Nagpur,2793
2024-09-21,Potato,Nagpur,2793
2024-09-22,Potato,Nagpur,2794
2024-09-23,Potato,Nagpur,2799
2024-09-24,Potato,Nagpur,2815
2024-09-25,Potato,Nagpur,2831
2024-09-26,Potato,Nagpur,2834
2024-09-27,Potato,Nagpur,2821
2024-09-28,Potato,Nagpur,2837
2024-09-29,Potato,Nagpur,2820
2024-09-30,Potato,Nagpur,2804
2024-10-01,Potato,Nagpur,2826
2024-10-02,Potato,Nagpur,2841
2024-10-03,Potato,Nagpur,2862
2024-10-04,Potato,Nagpur,2887
2024-10-05,Potato,Nagpur,2908
2024-10-06,Potato,Nagpur,2899
2024-10-07,Potato,Nagpur,2903
2024-10-08,Potato,Nagpur,2885
2024-10-09,Potato,Nagpur,2873
2024-10-10,Potato,Nagpur,2862
2024-10-11,Potato,Nagpur,2855
2024-10-12,Potato,Nagpur,2849
2024-10-13,Potato,Nagpur,2834
2024-10-14,Potato,Nagpur,2859
2024-10-15,Potato,Nagpur,2857
2024-10-16,Potato,Nagpur,2842
2024-10-17,Potato,Nagpur,2831
2024-10-18,Potato,Nagpur,2851
2024-10-19,Potato,Nagpur,2857
2024-10-20,Potato,Nagpur,2861
2024-10-21,Potato,Nagpur,2867
2024-10-22,Potato,Nagpur,2858
2024-10-23,Potato,Nagpur,2864
2024-10-24,Potato,Nagpur,2870
2024-10-25,Potato,Nagpur,2865
2024-10-26,Potato,Nagpur,2875
2024-10-27,Potato,Nagpur,2884
2024-10-28,Potato,Nagpur,2885
2024-10-29,Potato,Nagpur,2865
2024-10-30,Potato,Nagpur,2883
2024-10-31,Potato,Nagpur,2903
2024-11-01,Potato,Nagpur,2922
2024-11-02,Potato,Nagpur,2934
2024-11-03,Potato,Nagpur,2922
2024-11-04,Potato,Nagpur,2927
2024-11-05,Potato,Nagpur,2922
2024-11-06,Potato,Nagpur,2932
2024-11-07,Potato,Nagpur,2953
2024-11-08,Potato,Nagpur,2975
2024-11-09,Potato,Nagpur,2962
2024-11-10,Potato,Nagpur,2963
2024-11-11,Potato,Nagpur,2956
2024-11-12,Potato,Nagpur,2956
2024-11-13,Potato,Nagpur,2942
2024-11-14,Potato,Nagpur,2951
2024-11-15,Potato,Nagpur,2963
2024-11-16,Potato,Nagpur,2948
2024-11-17,Potato,Nagpur,2961
2024-11-18,Potato,Nagpur,2963
2024-11-19,Potato,Nagpur,2974
2024-11-20,Potato,Nagpur,2989
2024-11-21,Potato,Nagpur,3007
2024-11-22,Potato,Nagpur,3027
2024-11-23,Potato,Nagpur,3010
2024-11-24,Potato,Nagpur,3034
2024-11-25,Potato,Nagpur,3041
2024-11-26,Potato,Nagpur,3040
2024-11-27,Potato,Nagpur,3038
2024-11-28,Potato,Nagpur,3060
2024-11-29,Potato,Nagpur,3084
2024-11-30,Potato,Nagpur,3095
2024-12-01,Potato,Nagpur,3101
2024-12-02,Potato,Nagpur,3093
2024-12-03,Potato,Nagpur,3095
2024-12-04,Potato,Nagpur,3108
2024-12-05,Potato,Nagpur,3096
2024-12-06,Potato,Nagpur,3108
2024-12-07,Potato,Nagpur,3091
2024-12-08,Potato,Nagpur,3074
2024-12-09,Potato,Nagpur,3055
2024-12-10,Potato,Nagpur,3057
2024-12-11,Potato,Nagpur,3078
2024-12-12,Potato,Nagpur,3081
2024-12-13,Potato,Nagpur,3080
2024-12-14,Potato,Nagpur,3063
2024-12-15,Potato,Nagpur,3049
2024-12-16,Potato,Nagpur,3049
2024-12-17,Potato,Nagpur,3044
2024-12-18,Potato,Nagpur,3030
2024-12-19,Potato,Nagpur,3017
2024-12-20,Potato,Nagpur,2999
2024-12-21,Potato,Nagpur,2999
2024-12-22,Potato,Nagpur,2979
2024-12-23,Potato,Nagpur,2991
2024-12-24,Potato,Nagpur,2974
2024-12-25,Potato,Nagpur,2978
2024-12-26,Potato,Nagpur,3002
2024-12-27,Potato,Nagpur,3011
2024-12-28,Potato,Nagpur,3001
2024-12-29,Potato,Nagpur,3015
2024-12-30,Potato,Nagpur,3032
2024-12-31,Potato,Nagpur,3016
2025-01-01,Potato,Nagpur,3027
2025-01-02,Potato,Nagpur,3015
2025-01-03,Potato,Nagpur,3037
2025-01-04,Potato,Nagpur,3027
2025-01-05,Potato,Nagpur,3031
2025-01-06,Potato,Nagpur,3040
2025-01-07,Potato,Nagpur,3033
2025-01-08,Potato,Nagpur,3020
2025-01-09,Potato,Nagpur,3010
2025-01-10,Potato,Nagpur,3010
2025-01-11,Potato,Nagpur,3005
2025-01-12,Potato,Nagpur,2991
2025-01-13,Potato,Nagpur,2984
2025-01-14,Potato,Nagpur,2978
2025-01-15,Potato,Nagpur,2983
2025-01-16,Potato,Nagpur,2994
2025-01-17,Potato,Nagpur,2985
2025-01-18,Potato,Nagpur,2993
2025-01-19,Potato,Nagpur,3014
2025-01-20,Potato,Nagpur,3021
2025-01-21,Potato,Nagpur,3016
2025-01-22,Potato,Nagpur,3032
2025-01-23,Potato,Nagpur,3044
2025-01-24,Potato,Nagpur,3038
2025-01-25,Potato,Nagpur,3018
2025-01-26,Potato,Nagpur,3005
2025-01-27,Potato,Nagpur,2999
2025-01-28,Potato,Nagpur,2985
2025-01-29,Potato,Nagpur,2976
2025-01-30,Potato,Nagpur,2994
2025-01-31,Potato,Nagpur,2989
2025-02-01,Potato,Nagpur,3002
2025-02-02,Potato,Nagpur,2986
2025-02-03,Potato,Nagpur,2973
2025-02-04,Potato,Nagpur,2984
2025-02-05,Potato,Nagpur,2998
2025-02-06,Potato,Nagpur,3002
2025-02-07,Potato,Nagpur,3006
2025-02-08,Potato,Nagpur,3025
2025-02-09,Potato,Nagpur,3021
2025-02-10,Potato,Nagpur,3015
2025-02-11,Potato,Nagpur,3020
2025-02-12,Potato,Nagpur,3000
2025-02-13,Potato,Nagpur,2997
2025-02-14,Potato,Nagpur,3019
2025-02-15,Potato,Nagpur,3010
2025-02-16,Potato,Nagpur,2995
2025-02-17,Potato,Nagpur,3012
2025-02-18,Potato,Nagpur,3027
2025-02-19,Potato,Nagpur,3016
2025-02-20,Potato,Nagpur,2998
2025-02-21,Potato,Nagpur,2997
2025-02-22,Potato,Nagpur,3019
2025-02-23,Potato,Nagpur,3000
2025-02-24,Potato,Nagpur,3022
2025-02-25,Potato,Nagpur,3041
2025-02-26,Potato,Nagpur,3040
2025-02-27,Potato,Nagpur,3043
2025-02-28,Potato,Nagpur,3027
2025-03-01,Potato,Nagpur,3032
2025-03-02,Potato,Nagpur,3053
2025-03-03,Potato,Nagpur,3046
2025-03-04,Potato,Nagpur,3045
2025-03-05,Potato,Nagpur,3035
2025-03-06,Potato,Nagpur,3039
2025-03-07,Potato,Nagpur,3039
2025-03-08,Potato,Nagpur,3036
2025-03-09,Potato,Nagpur,3033
2025-03-10,Potato,Nagpur,3042
2025-03-11,Potato,Nagpur,3033
2025-03-12,Potato,Nagpur,3031
2025-03-13,Potato,Nagpur,3046
2025-03-14,Potato,Nagpur,3063
2025-03-15,Potato,Nagpur,3046
2025-03-16,Potato,Nagpur,3061
2025-03-17,Potato,Nagpur,3051
2025-03-18,Potato,Nagpur,3050
2025-03-19,Potato,Nagpur,3066
2025-03-20,Potato,Nagpur,3070
2025-03-21,Potato,Nagpur,3084
2025-03-22,Potato,Nagpur,3076
2025-03-23,Potato,Nagpur,3087
2025-03-24,Potato,Nagpur,3105
2025-03-25,Potato,Nagpur,3117
2025-03-26,Potato,Nagpur,3130
2025-03-27,Potato,Nagpur,3119
2025-03-28,Potato,Nagpur,3141
2025-03-29,Potato,Nagpur,3124
2025-03-30,Potato,Nagpur,3111
2025-03-31,Potato,Nagpur,3094
2025-04-01,Potato,Nagpur,3111
2025-04-02,Potato,Nagpur,3103
2025-04-03,Potato,Nagpur,3126
2025-04-04,Potato,Nagpur,3151
2025-04-05,Potato,Nagpur,3131
2025-04-06,Potato,Nagpur,3136
2025-04-07,Potato,Nagpur,3139
2025-04-08,Potato,Nagpur,3151
2025-04-09,Potato,Nagpur,3134
2025-04-10,Potato,Nagpur,3142
2025-04-11,Potato,Nagpur,3150
2025-04-12,Potato,Nagpur,3160
2025-04-13,Potato,Nagpur,3157
2025-04-14,Potato,Nagpur,3139
2025-04-15,Potato,Nagpur,3160
2025-04-16,Potato,Nagpur,3158
2025-04-17,Potato,Nagpur,3143
2025-04-18,Potato,Nagpur,3152
2025-04-19,Potato,Nagpur,3160
2025-04-20,Potato,Nagpur,3161
2025-04-21,Potato,Nagpur,3181
2025-04-22,Potato,Nagpur,3170
2025-04-23,Potato,Nagpur,3187
2025-04-24,Potato,Nagpur,3173
2025-04-25,Potato,Nagpur,3174
2025-04-26,Potato,Nagpur,3192
2025-04-27,Potato,Nagpur,3203
2025-04-28,Potato,Nagpur,3204
2025-04-29,Potato,Nagpur,3217
2025-04-30,Potato,Nagpur,3205
2025-05-01,Potato,Nagpur,3194
2025-05-02,Potato,Nagpur,3207
2025-05-03,Potato,Nagpur,3228
2025-05-04,Potato,Nagpur,3251
2025-05-05,Potato,Nagpur,3241
2025-05-06,Potato,Nagpur,3248
2025-05-07,Potato,Nagpur,3239
2025-05-08,Potato,Nagpur,3231
2025-05-09,Potato,Nagpur,3219
2025-05-10,Potato,Nagpur,3218
2025-05-11,Potato,Nagpur,3233
2025-05-12,Potato,Nagpur,3236
2025-05-13,Potato,Nagpur,3261
2025-05-14,Potato,Nagpur,3276
2025-05-15,Potato,Nagpur,3300
2025-05-16,Potato,Nagpur,3297
2025-05-17,Potato,Nagpur,3301
2025-05-18,Potato,Nagpur,3314
2025-05-19,Potato,Nagpur,3325
2025-05-20,Potato,Nagpur,3331
2025-05-21,Potato,Nagpur,3346
2025-05-22,Potato,Nagpur,3342
2025-05-23,Potato,Nagpur,3327
2025-05-24,Potato,Nagpur,3330
2025-05-25,Potato,Nagpur,3318
2025-05-26,Potato,Nagpur,3322
2025-05-27,Potato,Nagpur,3342
2025-05-28,Potato,Nagpur,3364
2025-05-29,Potato,Nagpur,3362
2025-05-30,Potato,Nagpur,3367
2025-05-31,Potato,Nagpur,3357
2025-06-01,Potato,Nagpur,3373
2025-06-02,Potato,Nagpur,3387
2025-06-03,Potato,Nagpur,3395
2025-06-04,Potato,Nagpur,3411
2025-06-05,Potato,Nagpur,3425
2025-06-06,Potato,Nagpur,3441
2025-06-07,Potato,Nagpur,3456
2025-06-08,Potato,Nagpur,3461
2025-06-09,Potato,Nagpur,3484
2025-06-10,Potato,Nagpur,3468
2025-06-11,Potato,Nagpur,3477
2025-06-12,Potato,Nagpur,3494
2025-06-13,Potato,Nagpur,3495
2025-06-14,Potato,Nagpur,3520
2025-06-15,Potato,Nagpur,3504
2025-06-16,Potato,Nagpur,3528
2025-06-17,Potato,Nagpur,3553
2025-06-18,Potato,Nagpur,3563
2025-06-19,Potato,Nagpur,3544
2025-06-20,Potato,Nagpur,3528
2025-06-21,Potato,Nagpur,3528
2025-06-22,Potato,Nagpur,3549
2025-06-23,Potato,Nagpur,3536
2025-06-24,Potato,Nagpur,3547
2025-06-25,Potato,Nagpur,3547
2025-06-26,Potato,Nagpur,3534
2025-06-27,Potato,Nagpur,3557
2025-06-28,Potato,Nagpur,3562
2025-06-29,Potato,Nagpur,3555
2025-06-30,Potato,Nagpur,3577
2025-07-01,Potato,Nagpur,3576
2025-07-02,Potato,Nagpur,3564
2025-07-03,Potato,Nagpur,3584
2025-07-04,Potato,Nagpur,3588
2025-07-05,Potato,Nagpur,3596
2025-07-06,Potato,Nagpur,3589
2025-07-07,Potato,Nagpur,3590
2025-07-08,Potato,Nagpur,3587
2025-07-09,Potato,Nagpur,3581
2025-07-10,Potato,Nagpur,3591
2025-07-11,Potato,Nagpur,3588
2025-07-12,Potato,Nagpur,3571
2025-07-13,Potato,Nagpur,3595
2025-07-14,Potato,Nagpur,3576
2025-07-15,Potato,Nagpur,3564
2025-07-16,Potato,Nagpur,3555
2025-07-17,Potato,Nagpur,3571
2025-07-18,Potato,Nagpur,3553
2025-07-19,Potato,Nagpur,3556
2025-07-20,Potato,Nagpur,3547
2025-07-21,Potato,Nagpur,3537
2025-07-22,Potato,Nagpur,3534
2025-07-23,Potato,Nagpur,3543
2025-07-24,Potato,Nagpur,3538
2025-07-25,Potato,Nagpur,3561
2025-07-26,Potato,Nagpur,3584
2025-07-27,Potato,Nagpur,3591
2025-07-28,Potato,Nagpur,3616
2025-07-29,Potato,Nagpur,3618
2025-07-30,Potato,Nagpur,3618
2025-07-31,Potato,Nagpur,3634
2025-08-01,Potato,Nagpur,3646
2025-08-02,Potato,Nagpur,3648
2025-08-03,Potato,Nagpur,3666
2025-08-04,Potato,Nagpur,3689
2025-08-05,Potato,Nagpur,3683
2025-08-06,Potato,Nagpur,3693
2025-08-07,Potato,Nagpur,3713
2025-08-08,Potato,Nagpur,3713
2025-08-09,Potato,Nagpur,3722
2025-08-10,Potato,Nagpur,3745
2025-08-11,Potato,Nagpur,3764
2025-08-12,Potato,Nagpur,3753
2025-08-13,Potato,Nagpur,3766
2025-08-14,Potato,Nagpur,3782
2025-08-15,Potato,Nagpur,3764
2025-08-16,Potato,Nagpur,3787
2025-08-17,Potato,Nagpur,3788
2025-08-18,Potato,Nagpur,3806
2025-08-19,Potato,Nagpur,3796
2025-08-20,Potato,Nagpur,3814
2025-08-21,Potato,Nagpur,3799
2025-08-22,Potato,Nagpur,3815
2025-08-23,Potato,Nagpur,3799
2025-08-24,Potato,Nagpur,3791
2025-08-25,Potato,Nagpur,3781
2025-08-26,Potato,Nagpur,3784
2025-08-27,Potato,Nagpur,3807
2025-08-28,Potato,Nagpur,3810
2025-08-29,Potato,Nagpur,3808
2025-08-30,Potato,Nagpur,3802
2025-08-31,Potato,Nagpur,3785
2025-09-01,Potato,Nagpur,3775
2025-09-02,Potato,Nagpur,3798
2025-09-03,Potato,Nagpur,3807
2025-09-04,Potato,Nagpur,3832
2025-09-05,Potato,Nagpur,3844
2025-09-06,Potato,Nagpur,3862
2025-09-07,Potato,Nagpur,3851
2025-09-08,Potato,Nagpur,3867
2025-09-09,Potato,Nagpur,3851
2025-09-10,Potato,Nagpur,3852
2025-09-11,Potato,Nagpur,3866
2025-09-12,Potato,Nagpur,3875
2025-09-13,Potato,Nagpur,3880
2025-09-14,Potato,Nagpur,3889
2025-09-15,Potato,Nagpur,3896
2025-09-16,Potato,Nagpur,3902
2025-09-17,Potato,Nagpur,3920
2025-09-18,Potato,Nagpur,3930
2025-09-19,Potato,Nagpur,3935
2025-09-20,Potato,Nagpur,3923
2025-09-21,Potato,Nagpur,3904
2025-09-22,Potato,Nagpur,3922
2025-09-23,Potato,Nagpur,3904
2025-09-24,Potato,Nagpur,3916
2025-09-25,Potato,Nagpur,3896
2025-09-26,Potato,Nagpur,3914
2025-09-27,Potato,Nagpur,3912
2025-09-28,Potato,Nagpur,3936
2025-09-29,Potato,Nagpur,3933
2025-09-30,Potato,Nagpur,3955
2025-10-01,Potato,Nagpur,3963
2025-10-02,Potato,Nagpur,3978
2025-10-03,Potato,Nagpur,3978
2025-10-04,Potato,Nagpur,3983
2025-10-05,Potato,Nagpur,4004
2025-10-06,Potato,Nagpur,4001
2025-10-07,Potato,Nagpur,4002
2025-10-08,Potato,Nagpur,3983
2025-10-09,Potato,Nagpur,3975
2025-10-10,Potato,Nagpur,3958
2025-10-11,Potato,Nagpur,3957
2025-10-12,Potato,Nagpur,3958
2025-10-13,Potato,Nagpur,3943
2025-10-14,Potato,Nagpur,3924
2025-10-15,Potato,Nagpur,3934
2025-10-16,Potato,Nagpur,3933
2025-10-17,Potato,Nagpur,3915
2025-10-18,Potato,Nagpur,3938
2025-10-19,Potato,Nagpur,3958
2025-10-20,Potato,Nagpur,3981
2025-10-21,Potato,Nagpur,4003
2025-10-22,Potato,Nagpur,3983
2025-10-23,Potato,Nagpur,3972
2025-10-24,Potato,Nagpur,3994
2025-10-25,Potato,Nagpur,4008
2025-10-26,Potato,Nagpur,4017
2025-10-27,Potato,Nagpur,4025
2025-10-28,Potato,Nagpur,4028
2025-10-29,Potato,Nagpur,4021
2025-10-30,Potato,Nagpur,4007
2025-10-31,Potato,Nagpur,4011
2025-11-01,Potato,Nagpur,4036
2025-11-02,Potato,Nagpur,4052
2025-11-03,Potato,Nagpur,4033
2025-11-04,Potato,Nagpur,4057
2025-11-05,Potato,Nagpur,4075
2025-11-06,Potato,Nagpur,4059
2025-11-07,Potato,Nagpur,4073
2025-11-08,Potato,Nagpur,4092
2025-11-09,Potato,Nagpur,4112
2025-11-10,Potato,Nagpur,4106
2025-11-11,Potato,Nagpur,4121
2025-11-12,Potato,Nagpur,4124
2025-11-13,Potato,Nagpur,4108
2025-11-14,Potato,Nagpur,4133
2025-11-15,Potato,Nagpur,4132
2025-11-16,Potato,Nagpur,4136
2025-11-17,Potato,Nagpur,4126
2025-11-18,Potato,Nagpur,4115
2025-11-19,Potato,Nagpur,4114
2025-11-20,Potato,Nagpur,4135
2025-11-21,Potato,Nagpur,4135
2025-11-22,Potato,Nagpur,4153
2025-11-23,Potato,Nagpur,4134
2025-11-24,Potato,Nagpur,4132
2025-11-25,Potato,Nagpur,4127
2025-11-26,Potato,Nagpur,4141
2025-11-27,Potato,Nagpur,4162
2025-11-28,Potato,Nagpur,4153
2025-11-29,Potato,Nagpur,4146
2025-11-30,Potato,Nagpur,4170
2025-12-01,Potato,Nagpur,4193
2025-12-02,Potato,Nagpur,4215
2025-12-03,Potato,Nagpur,4197
2025-12-04,Potato,Nagpur,4201
2025-12-05,Potato,Nagpur,4207
2025-12-06,Potato,Nagpur,4209
2025-12-07,Potato,Nagpur,4203
2025-12-08,Potato,Nagpur,4213
2025-12-09,Potato,Nagpur,4213
2025-12-10,Potato,Nagpur,4229
2025-12-11,Potato,Nagpur,4230
2025-12-12,Potato,Nagpur,4217
2025-12-13,Potato,Nagpur,4202
2025-12-14,Potato,Nagpur,4222
2025-12-15,Potato,Nagpur,4235
2025-12-16,Potato,Nagpur,4244
2025-12-17,Potato,Nagpur,4226
2025-12-18,Potato,Nagpur,4234
2025-12-19,Potato,Nagpur,4230
2025-12-20,Potato,Nagpur,4237
2025-12-21,Potato,Nagpur,4253
2025-12-22,Potato,Nagpur,4256
2025-12-23,Potato,Nagpur,4269
2025-12-24,Potato,Nagpur,4276
2025-12-25,Potato,Nagpur,4266
2025-12-26,Potato,Nagpur,4249
2025-12-27,Potato,Nagpur,4274
2025-12-28,Potato,Nagpur,4268
2025-12-29,Potato,Nagpur,4270
2025-12-30,Potato,Nagpur,4261
2025-12-31,Potato,Nagpur,4280
2024-01-01,Potato,Indore,2401
2024-01-02,Potato,Indore,2421
2024-01-03,Potato,Indore,2423
2024-01-04,Potato,Indore,2409
2024-01-05,Potato,Indore,2391
2024-01-06,Potato,Indore,2396
2024-01-07,Potato,Indore,2415
2024-01-08,Potato,Indore,2399
2024-01-09,Potato,Indore,2389
2024-01-10,Potato,Indore,2411
2024-01-11,Potato,Indore,2410
2024-01-12,Potato,Indore,2409
2024-01-13,Potato,Indore,2414
2024-01-14,Potato,Indore,2403
2024-01-15,Potato,Indore,2419
2024-01-16,Potato,Indore,2407
2024-01-17,Potato,Indore,2403
2024-01-18,Potato,Indore,2406
2024-01-19,Potato,Indore,2417
2024-01-20,Potato,Indore,2440
2024-01-21,Potato,Indore,2422
2024-01-22,Potato,Indore,2446
2024-01-23,Potato,Indore,2463
2024-01-24,Potato,Indore,2473
2024-01-25,Potato,Indore,2468
2024-01-26,Potato,Indore,2467
2024-01-27,Potato,Indore,2467
2024-01-28,Potato,Indore,2455
2024-01-29,Potato,Indore,2479
2024-01-30,Potato,Indore,2464
2024-01-31,Potato,Indore,2448
2024-02-01,Potato,Indore,2459
2024-02-02,Potato,Indore,2483
2024-02-03,Potato,Indore,2463
2024-02-04,Potato,Indore,2446
2024-02-05,Potato,Indore,2427
2024-02-06,Potato,Indore,2443
2024-02-07,Potato,Indore,2453
2024-02-08,Potato,Indore,2450
2024-02-09,Potato,Indore,2435
2024-02-10,Potato,Indore,2418
2024-02-11,Potato,Indore,2420
2024-02-12,Potato,Indore,2427
2024-02-13,Potato,Indore,2448
2024-02-14,Potato,Indore,2435
2024-02-15,Potato,Indore,2453
2024-02-16,Potato,Indore,2476
2024-02-17,Potato,Indore,2461
2024-02-18,Potato,Indore,2442
2024-02-19,Potato,Indore,2428
2024-02-20,Potato,Indore,2432
2024-02-21,Potato,Indore,2438
2024-02-22,Potato,Indore,2433
2024-02-23,Potato,Indore,2431
2024-02-24,Potato,Indore,2421
2024-02-25,Potato,Indore,2438
2024-02-26,Potato,Indore,2420
2024-02-27,Potato,Indore,2439
2024-02-28,Potato,Indore,2442
2024-02-29,Potato,Indore,2467
2024-03-01,Potato,Indore,2452
2024-03-02,Potato,Indore,2472
2024-03-03,Potato,Indore,2497
2024-03-04,Potato,Indore,2516
2024-03-05,Potato,Indore,2497
2024-03-06,Potato,Indore,2504
2024-03-07,Potato,Indore,2504
2024-03-08,Potato,Indore,2527
2024-03-09,Potato,Indore,2519
2024-03-10,Potato,Indore,2533
2024-03-11,Potato,Indore,2519
2024-03-12,Potato,Indore,2507
2024-03-13,Potato,Indore,2497
2024-03-14,Potato,Indore,2487
2024-03-15,Potato,Indore,2486
2024-03-16,Potato,Indore,2470
2024-03-17,Potato,Indore,2467
2024-03-18,Potato,Indore,2473
2024-03-19,Potato,Indore,2481
2024-03-20,Potato,Indore,2483
2024-03-21,Potato,Indore,2504
2024-03-22,Potato,Indore,2496
2024-03-23,Potato,Indore,2484
2024-03-24,Potato,Indore,2473
2024-03-25,Potato,Indore,2458
2024-03-26,Potato,Indore,2459
2024-03-27,Potato,Indore,2482
2024-03-28,Potato,Indore,2495
2024-03-29,Potato,Indore,2494
2024-03-30,Potato,Indore,2481
2024-03-31,Potato,Indore,2483
2024-04-01,Potato,Indore,2496
2024-04-02,Potato,Indore,2476
2024-04-03,Potato,Indore,2484
2024-04-04,Potato,Indore,2481
2024-04-05,Potato,Indore,2504
2024-04-06,Potato,Indore,2518
2024-04-07,Potato,Indore,2500
2024-04-08,Potato,Indore,2522
2024-04-09,Potato,Indore,2528
2024-04-10,Potato,Indore,2523
2024-04-11,Potato,Indore,2531
2024-04-12,Potato,Indore,2522
2024-04-13,Potato,Indore,2526
2024-04-14,Potato,Indore,2506
2024-04-15,Potato,Indore,2526
2024-04-16,Potato,Indore,2510
2024-04-17,Potato,Indore,2490
2024-04-18,Potato,Indore,2472
2024-04-19,Potato,Indore,2459
2024-04-20,Potato,Indore,2453
2024-04-21,Potato,Indore,2434
2024-04-22,Potato,Indore,2456
2024-04-23,Potato,Indore,2449
2024-04-24,Potato,Indore,2432
2024-04-25,Potato,Indore,2424
2024-04-26,Potato,Indore,2440
2024-04-27,Potato,Indore,2460
2024-04-28,Potato,Indore,2456
2024-04-29,Potato,Indore,2446
2024-04-30,Potato,Indore,2427
2024-05-01,Potato,Indore,2446
2024-05-02,Potato,Indore,2471
2024-05-03,Potato,Indore,2463
2024-05-04,Potato,Indore,2478
2024-05-05,Potato,Indore,2461
2024-05-06,Potato,Indore,2445
2024-05-07,Potato,Indore,2430
2024-05-08,Potato,Indore,2416
2024-05-09,Potato,Indore,2419
2024-05-10,Potato,Indore,2431
2024-05-11,Potato,Indore,2430
2024-05-12,Potato,Indore,2437
2024-05-13,Potato,Indore,2447
2024-05-14,Potato,Indore,2452
2024-05-15,Potato,Indore,2436
2024-05-16,Potato,Indore,2437
2024-05-17,Potato,Indore,2450
2024-05-18,Potato,Indore,2460
2024-05-19,Potato,Indore,2479
2024-05-20,Potato,Indore,2489
2024-05-21,Potato,Indore,2490
2024-05-22,Potato,Indore,2486
2024-05-23,Potato,Indore,2487
2024-05-24,Potato,Indore,2498
2024-05-25,Potato,Indore,2521
2024-05-26,Potato,Indore,2521
2024-05-27,Potato,Indore,2523
2024-05-28,Potato,Indore,2526
2024-05-29,Potato,Indore,2513
2024-05-30,Potato,Indore,2498
2024-05-31,Potato,Indore,2514
2024-06-01,Potato,Indore,2508
2024-06-02,Potato,Indore,2517
2024-06-03,Potato,Indore,2505
2024-06-04,Potato,Indore,2490
2024-06-05,Potato,Indore,2477
2024-06-06,Potato,Indore,2485
2024-06-07,Potato,Indore,2484
2024-06-08,Potato,Indore,2490
2024-06-09,Potato,Indore,2483
2024-06-10,Potato,Indore,2481
2024-06-11,Potato,Indore,2487
2024-06-12,Potato,Indore,2476
2024-06-13,Potato,Indore,2486
2024-06-14,Potato,Indore,2484
2024-06-15,Potato,Indore,2479
2024-06-16,Potato,Indore,2486
2024-06-17,Potato,Indore,2504
2024-06-18,Potato,Indore,2528
2024-06-19,Potato,Indore,2542
2024-06-20,Potato,Indore,2562
2024-06-21,Potato,Indore,2574
2024-06-22,Potato,Indore,2577
2024-06-23,Potato,Indore,2590
2024-06-24,Potato,Indore,2575
2024-06-25,Potato,Indore,2566
2024-06-26,Potato,Indore,2584
2024-06-27,Potato,Indore,2582
2024-06-28,Potato,Indore,2577
2024-06-29,Potato,Indore,2589
2024-06-30,Potato,Indore,2594
2024-07-01,Potato,Indore,2575
2024-07-02,Potato,Indore,2572
2024-07-03,Potato,Indore,2561
2024-07-04,Potato,Indore,2576
2024-07-05,Potato,Indore,2585
2024-07-06,Potato,Indore,2588
2024-07-07,Potato,Indore,2580
2024-07-08,Potato,Indore,2576
2024-07-09,Potato,Indore,2557
2024-07-10,Potato,Indore,2544
2024-07-11,Potato,Indore,2557
2024-07-12,Potato,Indore,2544
2024-07-13,Potato,Indore,2545
2024-07-14,Potato,Indore,2533
2024-07-15,Potato,Indore,2555
2024-07-16,Potato,Indore,2560
2024-07-17,Potato,Indore,2568
2024-07-18,Potato,Indore,2593
2024-07-19,Potato,Indore,2613
2024-07-20,Potato,Indore,2609
2024-07-21,Potato,Indore,2614
2024-07-22,Potato,Indore,2599
2024-07-23,Potato,Indore,2587
2024-07-24,Potato,Indore,2588
2024-07-25,Potato,Indore,2613
2024-07-26,Potato,Indore,2632
2024-07-27,Potato,Indore,2635
2024-07-28,Potato,Indore,2647
2024-07-29,Potato,Indore,2630
2024-07-30,Potato,Indore,2611
2024-07-31,Potato,Indore,2635
2024-08-01,Potato,Indore,2651
2024-08-02,Potato,Indore,2641
2024-08-03,Potato,Indore,2657
2024-08-04,Potato,Indore,2643
2024-08-05,Potato,Indore,2644
2024-08-06,Potato,Indore,2648
2024-08-07,Potato,Indore,2650
2024-08-08,Potato,Indore,2670
2024-08-09,Potato,Indore,2675
2024-08-10,Potato,Indore,2688
2024-08-11,Potato,Indore,2698
2024-08-12,Potato,Indore,2702
2024-08-13,Potato,Indore,2685
2024-08-14,Potato,Indore,2694
2024-08-15,Potato,Indore,2700
2024-08-16,Potato,Indore,2690
2024-08-17,Potato,Indore,2685
2024-08-18,Potato,Indore,2696
2024-08-19,Potato,Indore,2721
2024-08-20,Potato,Indore,2739
2024-08-21,Potato,Indore,2742
2024-08-22,Potato,Indore,2757
2024-08-23,Potato,Indore,2769
2024-08-24,Potato,Indore,2765
2024-08-25,Potato,Indore,2759
2024-08-26,Potato,Indore,2741
2024-08-27,Potato,Indore,2745
2024-08-28,Potato,Indore,2728
2024-08-29,Potato,Indore,2735
2024-08-30,Potato,Indore,2749
2024-08-31,Potato,Indore,2773
2024-09-01,Potato,Indore,2781
2024-09-02,Potato,Indore,2773
2024-09-03,Potato,Indore,2759
2024-09-04,Potato,Indore,2757
2024-09-05,Potato,Indore,2781
2024-09-06,Potato,Indore,2791
2024-09-07,Potato,Indore,2791
2024-09-08,Potato,Indore,2804
2024-09-09,Potato,Indore,2795
2024-09-10,Potato,Indore,2796
2024-09-11,Potato,Indore,2811
2024-09-12,Potato,Indore,2806
2024-09-13,Potato,Indore,2795
2024-09-14,Potato,Indore,2781
2024-09-15,Potato,Indore,2773
2024-09-16,Potato,Indore,2775
2024-09-17,Potato,Indore,2789
2024-09-18,Potato,Indore,2790
2024-09-19,Potato,Indore,2773
2024-09-20,Potato,Indore,2787
2024-09-21,Potato,Indore,2810
2024-09-22,Potato,Indore,2824
2024-09-23,Potato,Indore,2821
2024-09-24,Potato,Indore,2809
2024-09-25,Potato,Indore,2833
2024-09-26,Potato,Indore,2846
2024-09-27,Potato,Indore,2862
2024-09-28,Potato,Indore,2871
2024-09-29,Potato,Indore,2876
2024-09-30,Potato,Indore,2867
2024-10-01,Potato,Indore,2892
2024-10-02,Potato,Indore,2906
2024-10-03,Potato,Indore,2914
2024-10-04,Potato,Indore,2932
2024-10-05,Potato,Indore,2928
2024-10-06,Potato,Indore,2946
2024-10-07,Potato,Indore,2939
2024-10-08,Potato,Indore,2926
2024-10-09,Potato,Indore,2935
2024-10-10,Potato,Indore,2935
2024-10-11,Potato,Indore,2919
2024-10-12,Potato,Indore,2920
2024-10-13,Potato,Indore,2919
2024-10-14,Potato,Indore,2941
2024-10-15,Potato,Indore,2958
2024-10-16,Potato,Indore,2956
2024-10-17,Potato,Indore,2966
2024-10-18,Potato,Indore,2982
2024-10-19,Potato,Indore,2977
2024-10-20,Potato,Indore,2979
2024-10-21,Potato,Indore,2993
2024-10-22,Potato,Indore,2973
2024-10-23,Potato,Indore,2989
2024-10-24,Potato,Indore,3005
2024-10-25,Potato,Indore,3023
2024-10-26,Potato,Indore,3042
2024-10-27,Potato,Indore,3040
2024-10-28,Potato,Indore,3040
2024-10-29,Potato,Indore,3025
2024-10-30,Potato,Indore,3023
2024-10-31,Potato,Indore,3033
2024-11-01,Potato,Indore,3034
2024-11-02,Potato,Indore,3022
2024-11-03,Potato,Indore,3043
2024-11-04,Potato,Indore,3065
2024-11-05,Potato,Indore,3089
2024-11-06,Potato,Indore,3078
2024-11-07,Potato,Indore,3063
2024-11-08,Potato,Indore,3043
2024-11-09,Potato,Indore,3038
2024-11-10,Potato,Indore,3029
2024-11-11,Potato,Indore,3036
2024-11-12,Potato,Indore,3037
2024-11-13,Potato,Indore,3030
2024-11-14,Potato,Indore,3049
2024-11-15,Potato,Indore,3049
2024-11-16,Potato,Indore,3047
2024-11-17,Potato,Indore,3028
2024-11-18,Potato,Indore,3018
2024-11-19,Potato,Indore,3015
2024-11-20,Potato,Indore,3029
2024-11-21,Potato,Indore,3028
2024-11-22,Potato,Indore,3050
2024-11-23,Potato,Indore,3033
2024-11-24,Potato,Indore,3032
2024-11-25,Potato,Indore,3057
2024-11-26,Potato,Indore,3074
2024-11-27,Potato,Indore,3079
2024-11-28,Potato,Indore,3070
2024-11-29,Potato,Indore,3079
2024-11-30,Potato,Indore,3090
2024-12-01,Potato,Indore,3076
2024-12-02,Potato,Indore,3067
2024-12-03,Potato,Indore,3060
2024-12-04,Potato,Indore,3042
2024-12-05,Potato,Indore,3053
2024-12-06,Potato,Indore,3067
2024-12-07,Potato,Indore,3055
2024-12-08,Potato,Indore,3070
2024-12-09,Potato,Indore,3071
2024-12-10,Potato,Indore,3060
2024-12-11,Potato,Indore,3050
2024-12-12,Potato,Indore,3075
2024-12-13,Potato,Indore,3069
2024-12-14,Potato,Indore,3077
2024-12-15,Potato,Indore,3077
2024-12-16,Potato,Indore,3083
2024-12-17,Potato,Indore,3093
2024-12-18,Potato,Indore,3096
2024-12-19,Potato,Indore,3087
2024-12-20,Potato,Indore,3110
2024-12-21,Potato,Indore,3113
2024-12-22,Potato,Indore,3096
2024-12-23,Potato,Indore,3087
2024-12-24,Potato,Indore,3083
2024-12-25,Potato,Indore,3066
2024-12-26,Potato,Indore,3091
2024-12-27,Potato,Indore,3084
2024-12-28,Potato,Indore,3105
2024-12-29,Potato,Indore,3115
2024-12-30,Potato,Indore,3133
2024-12-31,Potato,Indore,3121
2025-01-01,Potato,Indore,3122
2025-01-02,Potato,Indore,3110
2025-01-03,Potato,Indore,3107
2025-01-04,Potato,Indore,3132
2025-01-05,Potato,Indore,3125
2025-01-06,Potato,Indore,3111
2025-01-07,Potato,Indore,3136
2025-01-08,Potato,Indore,3130
2025-01-09,Potato,Indore,3115
2025-01-10,Potato,Indore,3136
2025-01-11,Potato,Indore,3149
2025-01-12,Potato,Indore,3166
2025-01-13,Potato,Indore,3174
2025-01-14,Potato,Indore,3188
2025-01-15,Potato,Indore,3174
2025-01-16,Potato,Indore,3185
2025-01-17,Potato,Indore,3205
2025-01-18,Potato,Indore,3205
2025-01-19,Potato,Indore,3190
2025-01-20,Potato,Indore,3186
2025-01-21,Potato,Indore,3170
2025-01-22,Potato,Indore,3166
2025-01-23,Potato,Indore,3183
2025-01-24,Potato,Indore,3190
2025-01-25,Potato,Indore,3188
2025-01-26,Potato,Indore,3213
2025-01-27,Potato,Indore,3220
2025-01-28,Potato,Indore,3223
2025-01-29,Potato,Indore,3207
2025-01-30,Potato,Indore,3201
2025-01-31,Potato,Indore,3208
2025-02-01,Potato,Indore,3231
2025-02-02,Potato,Indore,3220
2025-02-03,Potato,Indore,3234
2025-02-04,Potato,Indore,3241
2025-02-05,Potato,Indore,3241
2025-02-06,Potato,Indore,3228
2025-02-07,Potato,Indore,3226
2025-02-08,Potato,Indore,3219
2025-02-09,Potato,Indore,3228
2025-02-10,Potato,Indore,3253
2025-02-11,Potato,Indore,3236
2025-02-12,Potato,Indore,3218
2025-02-13,Potato,Indore,3217
2025-02-14,Potato,Indore,3222
2025-02-15,Potato,Indore,3223
2025-02-16,Potato,Indore,3245
2025-02-17,Potato,Indore,3260
2025-02-18,Potato,Indore,3278
2025-02-19,Potato,Indore,3278
2025-02-20,Potato,Indore,3263
2025-02-21,Potato,Indore,3270
2025-02-22,Potato,Indore,3282
2025-02-23,Potato,Indore,3271
2025-02-24,Potato,Indore,3280
2025-02-25,Potato,Indore,3273
2025-02-26,Potato,Indore,3262
2025-02-27,Potato,Indore,3278
2025-02-28,Potato,Indore,3293
2025-03-01,Potato,Indore,3275
2025-03-02,Potato,Indore,3294
2025-03-03,Potato,Indore,3319
2025-03-04,Potato,Indore,3315
2025-03-05,Potato,Indore,3315
2025-03-06,Potato,Indore,3312
2025-03-07,Potato,Indore,3301
2025-03-08,Potato,Indore,3287
2025-03-09,Potato,Indore,3297
2025-03-10,Potato,Indore,3292
2025-03-11,Potato,Indore,3297
2025-03-12,Potato,Indore,3278
2025-03-13,Potato,Indore,3268
2025-03-14,Potato,Indore,3293
2025-03-15,Potato,Indore,3294
2025-03-16,Potato,Indore,3286
2025-03-17,Potato,Indore,3310
2025-03-18,Potato,Indore,3295
2025-03-19,Potato,Indore,3310
2025-03-20,Potato,Indore,3293
2025-03-21,Potato,Indore,3286
2025-03-22,Potato,Indore,3292
2025-03-23,Potato,Indore,3288
2025-03-24,Potato,Indore,3289
2025-03-25,Potato,Indore,3276
2025-03-26,Potato,Indore,3298
2025-03-27,Potato,Indore,3286
2025-03-28,Potato,Indore,3296
2025-03-29,Potato,Indore,3315
2025-03-30,Potato,Indore,3328
2025-03-31,Potato,Indore,3318
2025-04-01,Potato,Indore,3308
2025-04-02,Potato,Indore,3308
2025-04-03,Potato,Indore,3309
2025-04-04,Potato,Indore,3299
2025-04-05,Potato,Indore,3324
2025-04-06,Potato,Indore,3329
2025-04-07,Potato,Indore,3328
2025-04-08,Potato,Indore,3340
2025-04-09,Potato,Indore,3355
2025-04-10,Potato,Indore,3362
2025-04-11,Potato,Indore,3347
2025-04-12,Potato,Indore,3355
2025-04-13,Potato,Indore,3361
2025-04-14,Potato,Indore,3377
2025-04-15,Potato,Indore,3394
2025-04-16,Potato,Indore,3385
2025-04-17,Potato,Indore,3384
2025-04-18,Potato,Indore,3377
2025-04-19,Potato,Indore,3390
2025-04-20,Potato,Indore,3389
2025-04-21,Potato,Indore,3409
2025-04-22,Potato,Indore,3392
2025-04-23,Potato,Indore,3404
2025-04-24,Potato,Indore,3417
2025-04-25,Potato,Indore,3434
2025-04-26,Potato,Indore,3452
2025-04-27,Potato,Indore,3471
2025-04-28,Potato,Indore,3473
2025-04-29,Potato,Indore,3481
2025-04-30,Potato,Indore,3494
2025-05-01,Potato,Indore,3512
2025-05-02,Potato,Indore,3510
2025-05-03,Potato,Indore,3520
2025-05-04,Potato,Indore,3503
2025-05-05,Potato,Indore,3490
2025-05-06,Potato,Indore,3474
2025-05-07,Potato,Indore,3493
2025-05-08,Potato,Indore,3511
2025-05-09,Potato,Indore,3493
2025-05-10,Potato,Indore,3497
2025-05-11,Potato,Indore,3487
2025-05-12,Potato,Indore,3487
2025-05-13,Potato,Indore,3486
2025-05-14,Potato,Indore,3493
2025-05-15,Potato,Indore,3494
2025-05-16,Potato,Indore,3499
2025-05-17,Potato,Indore,3498
2025-05-18,Potato,Indore,3509
2025-05-19,Potato,Indore,3534
2025-05-20,Potato,Indore,3549
2025-05-21,Potato,Indore,3571
2025-05-22,Potato,Indore,3581
2025-05-23,Potato,Indore,3570
2025-05-24,Potato,Indore,3562
2025-05-25,Potato,Indore,3581
2025-05-26,Potato,Indore,3576
2025-05-27,Potato,Indore,3558
2025-05-28,Potato,Indore,3551
2025-05-29,Potato,Indore,3555
2025-05-30,Potato,Indore,3577
2025-05-31,Potato,Indore,3565
2025-06-01,Potato,Indore,3586
2025-06-02,Potato,Indore,3568
2025-06-03,Potato,Indore,3569
2025-06-04,Potato,Indore,3591
2025-06-05,Potato,Indore,3612
2025-06-06,Potato,Indore,3631
2025-06-07,Potato,Indore,3624
2025-06-08,Potato,Indore,3621
2025-06-09,Potato,Indore,3629
2025-06-10,Potato,Indore,3639
2025-06-11,Potato,Indore,3653
2025-06-12,Potato,Indore,3651
2025-06-13,Potato,Indore,3632
2025-06-14,Potato,Indore,3612
2025-06-15,Potato,Indore,3614
2025-06-16,Potato,Indore,3609
2025-06-17,Potato,Indore,3623
2025-06-18,Potato,Indore,3622
2025-06-19,Potato,Indore,3623
2025-06-20,Potato,Indore,3648
2025-06-21,Potato,Indore,3629
2025-06-22,Potato,Indore,3626
2025-06-23,Potato,Indore,3615
2025-06-24,Potato,Indore,3605
2025-06-25,Potato,Indore,3590
2025-06-26,Potato,Indore,3602
2025-06-27,Potato,Indore,3593
2025-06-28,Potato,Indore,3593
2025-06-29,Potato,Indore,3577
2025-06-30,Potato,Indore,3579
2025-07-01,Potato,Indore,3581
2025-07-02,Potato,Indore,3596
2025-07-03,Potato,Indore,3613
2025-07-04,Potato,Indore,3622
2025-07-05,Potato,Indore,3628
2025-07-06,Potato,Indore,3619
2025-07-07,Potato,Indore,3631
2025-07-08,Potato,Indore,3652
2025-07-09,Potato,Indore,3638
2025-07-10,Potato,Indore,3640
2025-07-11,Potato,Indore,3654
2025-07-12,Potato,Indore,3659
2025-07-13,Potato,Indore,3671
2025-07-14,Potato,Indore,3666
2025-07-15,Potato,Indore,3659
2025-07-16,Potato,Indore,3645
2025-07-17,Potato,Indore,3635
2025-07-18,Potato,Indore,3646
2025-07-19,Potato,Indore,3630
2025-07-20,Potato,Indore,3611
2025-07-21,Potato,Indore,3598
2025-07-22,Potato,Indore,3606
2025-07-23,Potato,Indore,3594
2025-07-24,Potato,Indore,3601
2025-07-25,Potato,Indore,3603
2025-07-26,Potato,Indore,3590
2025-07-27,Potato,Indore,3595
2025-07-28,Potato,Indore,3609
2025-07-29,Potato,Indore,3608
2025-07-30,Potato,Indore,3595
2025-07-31,Potato,Indore,3584
2025-08-01,Potato,Indore,3568
2025-08-02,Potato,Indore,3569
2025-08-03,Potato,Indore,3582
2025-08-04,Potato,Indore,3607
2025-08-05,Potato,Indore,3620
2025-08-06,Potato,Indore,3629
2025-08-07,Potato,Indore,3621
2025-08-08,Potato,Indore,3607
2025-08-09,Potato,Indore,3625
2025-08-10,Potato,Indore,3628
2025-08-11,Potato,Indore,3622
2025-08-12,Potato,Indore,3608
2025-08-13,Potato,Indore,3611
2025-08-14,Potato,Indore,3622
2025-08-15,Potato,Indore,3611
2025-08-16,Potato,Indore,3620
2025-08-17,Potato,Indore,3624
2025-08-18,Potato,Indore,3609
2025-08-19,Potato,Indore,3633
2025-08-20,Potato,Indore,3653
2025-08-21,Potato,Indore,3653
2025-08-22,Potato,Indore,3645
2025-08-23,Potato,Indore,3633
2025-08-24,Potato,Indore,3647
2025-08-25,Potato,Indore,3640
2025-08-26,Potato,Indore,3664
2025-08-27,Potato,Indore,3685
2025-08-28,Potato,Indore,3694
2025-08-29,Potato,Indore,3685
2025-08-30,Potato,Indore,3671
2025-08-31,Potato,Indore,3675
2025-09-01,Potato,Indore,3677
2025-09-02,Potato,Indore,3692
2025-09-03,Potato,Indore,3708
2025-09-04,Potato,Indore,3713
2025-09-05,Potato,Indore,3726
2025-09-06,Potato,Indore,3727
2025-09-07,Potato,Indore,3733
2025-09-08,Potato,Indore,3722
2025-09-09,Potato,Indore,3723
2025-09-10,Potato,Indore,3711
2025-09-11,Potato,Indore,3707
2025-09-12,Potato,Indore,3691
2025-09-13,Potato,Indore,3692
2025-09-14,Potato,Indore,3689
2025-09-15,Potato,Indore,3671
2025-09-16,Potato,Indore,3695
2025-09-17,Potato,Indore,3702
2025-09-18,Potato,Indore,3713
2025-09-19,Potato,Indore,3723
2025-09-20,Potato,Indore,3733
2025-09-21,Potato,Indore,3726
2025-09-22,Potato,Indore,3748
2025-09-23,Potato,Indore,3752
2025-09-24,Potato,Indore,3741
2025-09-25,Potato,Indore,3761
2025-09-26,Potato,Indore,3751
2025-09-27,Potato,Indore,3776
2025-09-28,Potato,Indore,3781
2025-09-29,Potato,Indore,3791
2025-09-30,Potato,Indore,3804
2025-10-01,Potato,Indore,3815
2025-10-02,Potato,Indore,3837
2025-10-03,Potato,Indore,3824
2025-10-04,Potato,Indore,3816
2025-10-05,Potato,Indore,3801
2025-10-06,Potato,Indore,3824
2025-10-07,Potato,Indore,3844
2025-10-08,Potato,Indore,3846
2025-10-09,Potato,Indore,3870
2025-10-10,Potato,Indore,3857
2025-10-11,Potato,Indore,3839
2025-10-12,Potato,Indore,3824
2025-10-13,Potato,Indore,3805
2025-10-14,Potato,Indore,3830
2025-10-15,Potato,Indore,3846
2025-10-16,Potato,Indore,3854
2025-10-17,Potato,Indore,3841
2025-10-18,Potato,Indore,3841
2025-10-19,Potato,Indore,3849
2025-10-20,Potato,Indore,3860
2025-10-21,Potato,Indore,3848
2025-10-22,Potato,Indore,3840
2025-10-23,Potato,Indore,3824
2025-10-24,Potato,Indore,3838
2025-10-25,Potato,Indore,3825
2025-10-26,Potato,Indore,3847
2025-10-27,Potato,Indore,3843
2025-10-28,Potato,Indore,3836
2025-10-29,Potato,Indore,3858
2025-10-30,Potato,Indore,3878
2025-10-31,Potato,Indore,3860
2025-11-01,Potato,Indore,3855
2025-11-02,Potato,Indore,3857
2025-11-03,Potato,Indore,3858
2025-11-04,Potato,Indore,3872
2025-11-05,Potato,Indore,3890
2025-11-06,Potato,Indore,3890
2025-11-07,Potato,Indore,3901
2025-11-08,Potato,Indore,3902
2025-11-09,Potato,Indore,3892
2025-11-10,Potato,Indore,3887
2025-11-11,Potato,Indore,3870
2025-11-12,Potato,Indore,3890
2025-11-13,Potato,Indore,3897
2025-11-14,Potato,Indore,3918
2025-11-15,Potato,Indore,3935
2025-11-16,Potato,Indore,3960
2025-11-17,Potato,Indore,3961
2025-11-18,Potato,Indore,3967
2025-11-19,Potato,Indore,3968
2025-11-20,Potato,Indore,3951
2025-11-21,Potato,Indore,3940
2025-11-22,Potato,Indore,3954
2025-11-23,Potato,Indore,3971
2025-11-24,Potato,Indore,3960
2025-11-25,Potato,Indore,3940
2025-11-26,Potato,Indore,3946
2025-11-27,Potato,Indore,3964
2025-11-28,Potato,Indore,3979
2025-11-29,Potato,Indore,3974
2025-11-30,Potato,Indore,3982
2025-12-01,Potato,Indore,3972
2025-12-02,Potato,Indore,3959
2025-12-03,Potato,Indore,3957
2025-12-04,Potato,Indore,3961
2025-12-05,Potato,Indore,3970
2025-12-06,Potato,Indore,3980
2025-12-07,Potato,Indore,4001
2025-12-08,Potato,Indore,4024
2025-12-09,Potato,Indore,4044
2025-12-10,Potato,Indore,4069
2025-12-11,Potato,Indore,4055
2025-12-12,Potato,Indore,4066
2025-12-13,Potato,Indore,4049
2025-12-14,Potato,Indore,4066
2025-12-15,Potato,Indore,4085
2025-12-16,Potato,Indore,4105
2025-12-17,Potato,Indore,4089
2025-12-18,Potato,Indore,4106
2025-12-19,Potato,Indore,4113
2025-12-20,Potato,Indore,4116
2025-12-21,Potato,Indore,4118
2025-12-22,Potato,Indore,4127
2025-12-23,Potato,Indore,4136
2025-12-24,Potato,Indore,4116
2025-12-25,Potato,Indore,4098
2025-12-26,Potato,Indore,4092
2025-12-27,Potato,Indore,4117
2025-12-28,Potato,Indore,4114
2025-12-29,Potato,Indore,4115
2025-12-30,Potato,Indore,4106
2025-12-31,Potato,Indore,4124
2024-01-01,Potato,Jaipur,2382
2024-01-02,Potato,Jaipur,2367
2024-01-03,Potato,Jaipur,2385
2024-01-04,Potato,Jaipur,2410
2024-01-05,Potato,Jaipur,2410
2024-01-06,Potato,Jaipur,2421
2024-01-07,Potato,Jaipur,2402
2024-01-08,Potato,Jaipur,2416
2024-01-09,Potato,Jaipur,2438
2024-01-10,Potato,Jaipur,2435
2024-01-11,Potato,Jaipur,2455
2024-01-12,Potato,Jaipur,2444
2024-01-13,Potato,Jaipur,2461
2024-01-14,Potato,Jaipur,2450
2024-01-15,Potato,Jaipur,2434
2024-01-16,Potato,Jaipur,2423
2024-01-17,Potato,Jaipur,2427
2024-01-18,Potato,Jaipur,2418
2024-01-19,Potato,Jaipur,2441
2024-01-20,Potato,Jaipur,2459
2024-01-21,Potato,Jaipur,2455
2024-01-22,Potato,Jaipur,2456
2024-01-23,Potato,Jaipur,2437
2024-01-24,Potato,Jaipur,2437
2024-01-25,Potato,Jaipur,2435
2024-01-26,Potato,Jaipur,2456
2024-01-27,Potato,Jaipur,2470
2024-01-28,Potato,Jaipur,2456
2024-01-29,Potato,Jaipur,2453
2024-01-30,Potato,Jaipur,2468
2024-01-31,Potato,Jaipur,2467
2024-02-01,Potato,Jaipur,2487
2024-02-02,Potato,Jaipur,2496
2024-02-03,Potato,Jaipur,2520
2024-02-04,Potato,Jaipur,2500
2024-02-05,Potato,Jaipur,2514
2024-02-06,Potato,Jaipur,2513
2024-02-07,Potato,Jaipur,2522
2024-02-08,Potato,Jaipur,2526
2024-02-09,Potato,Jaipur,2520
2024-02-10,Potato,Jaipur,2504
2024-02-11,Potato,Jaipur,2515
2024-02-12,Potato,Jaipur,2537
2024-02-13,Potato,Jaipur,2544
2024-02-14,Potato,Jaipur,2526
2024-02-15,Potato,Jaipur,2531
2024-02-16,Potato,Jaipur,2543
2024-02-17,Potato,Jaipur,2551
2024-02-18,Potato,Jaipur,2561
2024-02-19,Potato,Jaipur,2549
2024-02-20,Potato,Jaipur,2535
2024-02-21,Potato,Jaipur,2551
2024-02-22,Potato,Jaipur,2573
2024-02-23,Potato,Jaipur,2591
2024-02-24,Potato,Jaipur,2607
2024-02-25,Potato,Jaipur,2597
2024-02-26,Potato,Jaipur,2618
2024-02-27,Potato,Jaipur,2629
2024-02-28,Potato,Jaipur,2620
2024-02-29,Potato,Jaipur,2623
2024-03-01,Potato,Jaipur,2642
2024-03-02,Potato,Jaipur,2664
2024-03-03,Potato,Jaipur,2663
2024-03-04,Potato,Jaipur,2679
2024-03-05,Potato,Jaipur,2697
2024-03-06,Potato,Jaipur,2691
2024-03-07,Potato,Jaipur,2685
2024-03-08,Potato,Jaipur,2677
2024-03-09,Potato,Jaipur,2696
2024-03-10,Potato,Jaipur,2682
2024-03-11,Potato,Jaipur,2674
2024-03-12,Potato,Jaipur,2699
2024-03-13,Potato,Jaipur,2722
2024-03-14,Potato,Jaipur,2739
2024-03-15,Potato,Jaipur,2738
2024-03-16,Potato,Jaipur,2755
2024-03-17,Potato,Jaipur,2740
2024-03-18,Potato,Jaipur,2759
2024-03-19,Potato,Jaipur,2745
2024-03-20,Potato,Jaipur,2731
2024-03-21,Potato,Jaipur,2754
2024-03-22,Potato,Jaipur,2751
2024-03-23,Potato,Jaipur,2759
2024-03-24,Potato,Jaipur,2757
2024-03-25,Potato,Jaipur,2751
2024-03-26,Potato,Jaipur,2741
2024-03-27,Potato,Jaipur,2725
2024-03-28,Potato,Jaipur,2736
2024-03-29,Potato,Jaipur,2747
2024-03-30,Potato,Jaipur,2740
2024-03-31,Potato,Jaipur,2725
2024-04-01,Potato,Jaipur,2727
2024-04-02,Potato,Jaipur,2714
2024-04-03,Potato,Jaipur,2704
2024-04-04,Potato,Jaipur,2702
2024-04-05,Potato,Jaipur,2726
2024-04-06,Potato,Jaipur,2723
2024-04-07,Potato,Jaipur,2708
2024-04-08,Potato,Jaipur,2703
2024-04-09,Potato,Jaipur,2704
2024-04-10,Potato,Jaipur,2725
2024-04-11,Potato,Jaipur,2731
2024-04-12,Potato,Jaipur,2735
2024-04-13,Potato,Jaipur,2754
2024-04-14,Potato,Jaipur,2778
2024-04-15,Potato,Jaipur,2761
2024-04-16,Potato,Jaipur,2744
2024-04-17,Potato,Jaipur,2732
2024-04-18,Potato,Jaipur,2754
2024-04-19,Potato,Jaipur,2777
2024-04-20,Potato,Jaipur,2792
2024-04-21,Potato,Jaipur,2809
2024-04-22,Potato,Jaipur,2831
2024-04-23,Potato,Jaipur,2826
2024-04-24,Potato,Jaipur,2834
2024-04-25,Potato,Jaipur,2815
2024-04-26,Potato,Jaipur,2829
2024-04-27,Potato,Jaipur,2816
2024-04-28,Potato,Jaipur,2803
2024-04-29,Potato,Jaipur,2795
2024-04-30,Potato,Jaipur,2801
2024-05-01,Potato,Jaipur,2796
2024-05-02,Potato,Jaipur,2800
2024-05-03,Potato,Jaipur,2816
2024-05-04,Potato,Jaipur,2818
2024-05-05,Potato,Jaipur,2822
2024-05-06,Potato,Jaipur,2830
2024-05-07,Potato,Jaipur,2848
2024-05-08,Potato,Jaipur,2838
2024-05-09,Potato,Jaipur,2830
2024-05-10,Potato,Jaipur,2842
2024-05-11,Potato,Jaipur,2846
2024-05-12,Potato,Jaipur,2832
2024-05-13,Potato,Jaipur,2821
2024-05-14,Potato,Jaipur,2837
2024-05-15,Potato,Jaipur,2828
2024-05-16,Potato,Jaipur,2848
2024-05-17,Potato,Jaipur,2859
2024-05-18,Potato,Jaipur,2866
2024-05-19,Potato,Jaipur,2878
2024-05-20,Potato,Jaipur,2902
2024-05-21,Potato,Jaipur,2893
2024-05-22,Potato,Jaipur,2889
2024-05-23,Potato,Jaipur,2893
2024-05-24,Potato,Jaipur,2884
2024-05-25,Potato,Jaipur,2908
2024-05-26,Potato,Jaipur,2908
2024-05-27,Potato,Jaipur,2894
2024-05-28,Potato,Jaipur,2875
2024-05-29,Potato,Jaipur,2856
2024-05-30,Potato,Jaipur,2873
2024-05-31,Potato,Jaipur,2896
2024-06-01,Potato,Jaipur,2909
2024-06-02,Potato,Jaipur,2916
2024-06-03,Potato,Jaipur,2929
2024-06-04,Potato,Jaipur,2933
2024-06-05,Potato,Jaipur,2945
2024-06-06,Potato,Jaipur,2950
2024-06-07,Potato,Jaipur,2940
2024-06-08,Potato,Jaipur,2945
2024-06-09,Potato,Jaipur,2943
2024-06-10,Potato,Jaipur,2956
2024-06-11,Potato,Jaipur,2951
2024-06-12,Potato,Jaipur,2955
2024-06-13,Potato,Jaipur,2972
2024-06-14,Potato,Jaipur,2954
2024-06-15,Potato,Jaipur,2954
2024-06-16,Potato,Jaipur,2939
2024-06-17,Potato,Jaipur,2928
2024-06-18,Potato,Jaipur,2948
2024-06-19,Potato,Jaipur,2961
2024-06-20,Potato,Jaipur,2978
2024-06-21,Potato,Jaipur,2973
2024-06-22,Potato,Jaipur,2954
2024-06-23,Potato,Jaipur,2944
2024-06-24,Potato,Jaipur,2933
2024-06-25,Potato,Jaipur,2931
2024-06-26,Potato,Jaipur,2917
2024-06-27,Potato,Jaipur,2918
2024-06-28,Potato,Jaipur,2938
2024-06-29,Potato,Jaipur,2930
2024-06-30,Potato,Jaipur,2938
2024-07-01,Potato,Jaipur,2947
2024-07-02,Potato,Jaipur,2940
2024-07-03,Potato,Jaipur,2921
2024-07-04,Potato,Jaipur,2942
2024-07-05,Potato,Jaipur,2940
2024-07-06,Potato,Jaipur,2922
2024-07-07,Potato,Jaipur,2922
2024-07-08,Potato,Jaipur,2922
2024-07-09,Potato,Jaipur,2946
2024-07-10,Potato,Jaipur,2944
2024-07-11,Potato,Jaipur,2929
2024-07-12,Potato,Jaipur,2940
2024-07-13,Potato,Jaipur,2961
2024-07-14,Potato,Jaipur,2951
2024-07-15,Potato,Jaipur,2964
2024-07-16,Potato,Jaipur,2967
2024-07-17,Potato,Jaipur,2992
2024-07-18,Potato,Jaipur,2978
2024-07-19,Potato,Jaipur,2996
2024-07-20,Potato,Jaipur,3005
2024-07-21,Potato,Jaipur,3016
2024-07-22,Potato,Jaipur,3007
2024-07-23,Potato,Jaipur,2995
2024-07-24,Potato,Jaipur,3009
2024-07-25,Potato,Jaipur,2992
2024-07-26,Potato,Jaipur,3002
2024-07-27,Potato,Jaipur,3027
2024-07-28,Potato,Jaipur,3017
2024-07-29,Potato,Jaipur,3005
2024-07-30,Potato,Jaipur,3021
2024-07-31,Potato,Jaipur,3013
2024-08-01,Potato,Jaipur,3032
2024-08-02,Potato,Jaipur,3040
2024-08-03,Potato,Jaipur,3029
2024-08-04,Potato,Jaipur,3025
2024-08-05,Potato,Jaipur,3005
2024-08-06,Potato,Jaipur,2986
2024-08-07,Potato,Jaipur,2989
2024-08-08,Potato,Jaipur,2987
2024-08-09,Potato,Jaipur,2967
2024-08-10,Potato,Jaipur,2966
2024-08-11,Potato,Jaipur,2957
2024-08-12,Potato,Jaipur,2974
2024-08-13,Potato,Jaipur,2965
2024-08-14,Potato,Jaipur,2981
2024-08-15,Potato,Jaipur,2998
2024-08-16,Potato,Jaipur,3009
2024-08-17,Potato,Jaipur,3032
2024-08-18,Potato,Jaipur,3043
2024-08-19,Potato,Jaipur,3067
2024-08-20,Potato,Jaipur,3050
2024-08-21,Potato,Jaipur,3043
2024-08-22,Potato,Jaipur,3050
2024-08-23,Potato,Jaipur,3069
2024-08-24,Potato,Jaipur,3068
2024-08-25,Potato,Jaipur,3072
2024-08-26,Potato,Jaipur,3079
2024-08-27,Potato,Jaipur,3101
2024-08-28,Potato,Jaipur,3121
2024-08-29,Potato,Jaipur,3106
2024-08-30,Potato,Jaipur,3124
2024-08-31,Potato,Jaipur,3145
2024-09-01,Potato,Jaipur,3149
2024-09-02,Potato,Jaipur,3139
2024-09-03,Potato,Jaipur,3125
2024-09-04,Potato,Jaipur,3125
2024-09-05,Potato,Jaipur,3122
2024-09-06,Potato,Jaipur,3128
2024-09-07,Potato,Jaipur,3151
2024-09-08,Potato,Jaipur,3172
2024-09-09,Potato,Jaipur,3174
2024-09-10,Potato,Jaipur,3187
2024-09-11,Potato,Jaipur,3189
2024-09-12,Potato,Jaipur,3190
2024-09-13,Potato,Jaipur,3203
2024-09-14,Potato,Jaipur,3187
2024-09-15,Potato,Jaipur,3196
2024-09-16,Potato,Jaipur,3187
2024-09-17,Potato,Jaipur,3177
2024-09-18,Potato,Jaipur,3188
2024-09-19,Potato,Jaipur,3193
2024-09-20,Potato,Jaipur,3184
2024-09-21,Potato,Jaipur,3166
2024-09-22,Potato,Jaipur,3165
2024-09-23,Potato,Jaipur,3173
2024-09-24,Potato,Jaipur,3160
2024-09-25,Potato,Jaipur,3152
2024-09-26,Potato,Jaipur,3132
2024-09-27,Potato,Jaipur,3135
2024-09-28,Potato,Jaipur,3136
2024-09-29,Potato,Jaipur,3119
2024-09-30,Potato,Jaipur,3122
2024-10-01,Potato,Jaipur,3126
2024-10-02,Potato,Jaipur,3150
2024-10-03,Potato,Jaipur,3166
2024-10-04,Potato,Jaipur,3177
2024-10-05,Potato,Jaipur,3167
2024-10-06,Potato,Jaipur,3160
2024-10-07,Potato,Jaipur,3173
2024-10-08,Potato,Jaipur,3160
2024-10-09,Potato,Jaipur,3158
2024-10-10,Potato,Jaipur,3156
2024-10-11,Potato,Jaipur,3161
2024-10-12,Potato,Jaipur,3169
2024-10-13,Potato,Jaipur,3188
2024-10-14,Potato,Jaipur,3190
2024-10-15,Potato,Jaipur,3178
2024-10-16,Potato,Jaipur,3192
2024-10-17,Potato,Jaipur,3194
2024-10-18,Potato,Jaipur,3190
2024-10-19,Potato,Jaipur,3190
2024-10-20,Potato,Jaipur,3191
2024-10-21,Potato,Jaipur,3187
2024-10-22,Potato,Jaipur,3167
2024-10-23,Potato,Jaipur,3149
2024-10-24,Potato,Jaipur,3143
2024-10-25,Potato,Jaipur,3131
2024-10-26,Potato,Jaipur,3135
2024-10-27,Potato,Jaipur,3142
2024-10-28,Potato,Jaipur,3157
2024-10-29,Potato,Jaipur,3154
2024-10-30,Potato,Jaipur,3156
2024-10-31,Potato,Jaipur,3180
2024-11-01,Potato,Jaipur,3182
2024-11-02,Potato,Jaipur,3193
2024-11-03,Potato,Jaipur,3211
2024-11-04,Potato,Jaipur,3210
2024-11-05,Potato,Jaipur,3210
2024-11-06,Potato,Jaipur,3194
2024-11-07,Potato,Jaipur,3194
2024-11-08,Potato,Jaipur,3181
2024-11-09,Potato,Jaipur,3190
2024-11-10,Potato,Jaipur,3214
2024-11-11,Potato,Jaipur,3239
2024-11-12,Potato,Jaipur,3228
2024-11-13,Potato,Jaipur,3252
2024-11-14,Potato,Jaipur,3265
2024-11-15,Potato,Jaipur,3286
2024-11-16,Potato,Jaipur,3287
2024-11-17,Potato,Jaipur,3306
2024-11-18,Potato,Jaipur,3313
2024-11-19,Potato,Jaipur,3336
2024-11-20,Potato,Jaipur,3351
2024-11-21,Potato,Jaipur,3340
2024-11-22,Potato,Jaipur,3323
2024-11-23,Potato,Jaipur,3309
2024-11-24,Potato,Jaipur,3304
2024-11-25,Potato,Jaipur,3300
2024-11-26,Potato,Jaipur,3300
2024-11-27,Potato,Jaipur,3306
2024-11-28,Potato,Jaipur,3288
2024-11-29,Potato,Jaipur,3311
2024-11-30,Potato,Jaipur,3301
2024-12-01,Potato,Jaipur,3320
2024-12-02,Potato,Jaipur,3301
2024-12-03,Potato,Jaipur,3309
2024-12-04,Potato,Jaipur,3301
2024-12-05,Potato,Jaipur,3314
2024-12-06,Potato,Jaipur,3297
2024-12-07,Potato,Jaipur,3277
2024-12-08,Potato,Jaipur,3270
2024-12-09,Potato,Jaipur,3295
2024-12-10,Potato,Jaipur,3284
2024-12-11,Potato,Jaipur,3282
2024-12-12,Potato,Jaipur,3289
2024-12-13,Potato,Jaipur,3302
2024-12-14,Potato,Jaipur,3320
2024-12-15,Potato,Jaipur,3307
2024-12-16,Potato,Jaipur,3290
2024-12-17,Potato,Jaipur,3292
2024-12-18,Potato,Jaipur,3305
2024-12-19,Potato,Jaipur,3301
2024-12-20,Potato,Jaipur,3325
2024-12-21,Potato,Jaipur,3327
2024-12-22,Potato,Jaipur,3350
2024-12-23,Potato,Jaipur,3361
2024-12-24,Potato,Jaipur,3342
2024-12-25,Potato,Jaipur,3342
2024-12-26,Potato,Jaipur,3341
2024-12-27,Potato,Jaipur,3358
2024-12-28,Potato,Jaipur,3364
2024-12-29,Potato,Jaipur,3358
2024-12-30,Potato,Jaipur,3347
2024-12-31,Potato,Jaipur,3362
2025-01-01,Potato,Jaipur,3356
2025-01-02,Potato,Jaipur,3351
2025-01-03,Potato,Jaipur,3366
2025-01-04,Potato,Jaipur,3378
2025-01-05,Potato,Jaipur,3380
2025-01-06,Potato,Jaipur,3364
2025-01-07,Potato,Jaipur,3351
2025-01-08,Potato,Jaipur,3355
2025-01-09,Potato,Jaipur,3363
2025-01-10,Potato,Jaipur,3380
2025-01-11,Potato,Jaipur,3373
2025-01-12,Potato,Jaipur,3390
2025-01-13,Potato,Jaipur,3389
2025-01-14,Potato,Jaipur,3380
2025-01-15,Potato,Jaipur,3376
2025-01-16,Potato,Jaipur,3387
2025-01-17,Potato,Jaipur,3382
2025-01-18,Potato,Jaipur,3364
2025-01-19,Potato,Jaipur,3366
2025-01-20,Potato,Jaipur,3372
2025-01-21,Potato,Jaipur,3366
2025-01-22,Potato,Jaipur,3352
2025-01-23,Potato,Jaipur,3374
2025-01-24,Potato,Jaipur,3375
2025-01-25,Potato,Jaipur,3383
2025-01-26,Potato,Jaipur,3386
2025-01-27,Potato,Jaipur,3391
2025-01-28,Potato,Jaipur,3377
2025-01-29,Potato,Jaipur,3397
2025-01-30,Potato,Jaipur,3422
2025-01-31,Potato,Jaipur,3415
2025-02-01,Potato,Jaipur,3410
2025-02-02,Potato,Jaipur,3416
2025-02-03,Potato,Jaipur,3426
2025-02-04,Potato,Jaipur,3445
2025-02-05,Potato,Jaipur,3435
2025-02-06,Potato,Jaipur,3444
2025-02-07,Potato,Jaipur,3424
2025-02-08,Potato,Jaipur,3409
2025-02-09,Potato,Jaipur,3412
2025-02-10,Potato,Jaipur,3421
2025-02-11,Potato,Jaipur,3431
2025-02-12,Potato,Jaipur,3421
2025-02-13,Potato,Jaipur,3418
2025-02-14,Potato,Jaipur,3432
2025-02-15,Potato,Jaipur,3421
2025-02-16,Potato,Jaipur,3436
2025-02-17,Potato,Jaipur,3456
2025-02-18,Potato,Jaipur,3450
2025-02-19,Potato,Jaipur,3430
2025-02-20,Potato,Jaipur,3451
2025-02-21,Potato,Jaipur,3458
2025-02-22,Potato,Jaipur,3449
2025-02-23,Potato,Jaipur,3471
2025-02-24,Potato,Jaipur,3478
2025-02-25,Potato,Jaipur,3471
2025-02-26,Potato,Jaipur,3485
2025-02-27,Potato,Jaipur,3489
2025-02-28,Potato,Jaipur,3489
2025-03-01,Potato,Jaipur,3513
2025-03-02,Potato,Jaipur,3515
2025-03-03,Potato,Jaipur,3509
2025-03-04,Potato,Jaipur,3521
2025-03-05,Potato,Jaipur,3546
2025-03-06,Potato,Jaipur,3534
2025-03-07,Potato,Jaipur,3551
2025-03-08,Potato,Jaipur,3555
2025-03-09,Potato,Jaipur,3546
2025-03-10,Potato,Jaipur,3563
2025-03-11,Potato,Jaipur,3585
2025-03-12,Potato,Jaipur,3587
2025-03-13,Potato,Jaipur,3612
2025-03-14,Potato,Jaipur,3623
2025-03-15,Potato,Jaipur,3632
2025-03-16,Potato,Jaipur,3643
2025-03-17,Potato,Jaipur,3635
2025-03-18,Potato,Jaipur,3641
2025-03-19,Potato,Jaipur,3654
2025-03-20,Potato,Jaipur,3651
2025-03-21,Potato,Jaipur,3660
2025-03-22,Potato,Jaipur,3660
2025-03-23,Potato,Jaipur,3651
2025-03-24,Potato,Jaipur,3672
2025-03-25,Potato,Jaipur,3685
2025-03-26,Potato,Jaipur,3691
2025-03-27,Potato,Jaipur,3680
2025-03-28,Potato,Jaipur,3689
2025-03-29,Potato,Jaipur,3685
2025-03-30,Potato,Jaipur,3706
2025-03-31,Potato,Jaipur,3727
2025-04-01,Potato,Jaipur,3724
2025-04-02,Potato,Jaipur,3749
2025-04-03,Potato,Jaipur,3771
2025-04-04,Potato,Jaipur,3767
2025-04-05,Potato,Jaipur,3758
2025-04-06,Potato,Jaipur,3783
2025-04-07,Potato,Jaipur,3782
2025-04-08,Potato,Jaipur,3796
2025-04-09,Potato,Jaipur,3818
2025-04-10,Potato,Jaipur,3804
2025-04-11,Potato,Jaipur,3803
2025-04-12,Potato,Jaipur,3819
2025-04-13,Potato,Jaipur,3816
2025-04-14,Potato,Jaipur,3800
2025-04-15,Potato,Jaipur,3818
2025-04-16,Potato,Jaipur,3823
2025-04-17,Potato,Jaipur,3845
2025-04-18,Potato,Jaipur,3863
2025-04-19,Potato,Jaipur,3881
2025-04-20,Potato,Jaipur,3873
2025-04-21,Potato,Jaipur,3885
2025-04-22,Potato,Jaipur,3903
2025-04-23,Potato,Jaipur,3885
2025-04-24,Potato,Jaipur,3888
2025-04-25,Potato,Jaipur,3886
2025-04-26,Potato,Jaipur,3907
2025-04-27,Potato,Jaipur,3931
2025-04-28,Potato,Jaipur,3923
2025-04-29,Potato,Jaipur,3947
2025-04-30,Potato,Jaipur,3961
2025-05-01,Potato,Jaipur,3950
2025-05-02,Potato,Jaipur,3960
2025-05-03,Potato,Jaipur,3944
2025-05-04,Potato,Jaipur,3946
2025-05-05,Potato,Jaipur,3934
2025-05-06,Potato,Jaipur,3946
2025-05-07,Potato,Jaipur,3968
2025-05-08,Potato,Jaipur,3960
2025-05-09,Potato,Jaipur,3957
2025-05-10,Potato,Jaipur,3957
2025-05-11,Potato,Jaipur,3969
2025-05-12,Potato,Jaipur,3994
2025-05-13,Potato,Jaipur,4012
2025-05-14,Potato,Jaipur,4023
2025-05-15,Potato,Jaipur,4009
2025-05-16,Potato,Jaipur,4000
2025-05-17,Potato,Jaipur,3985
2025-05-18,Potato,Jaipur,4009
2025-05-19,Potato,Jaipur,4000
2025-05-20,Potato,Jaipur,3980
2025-05-21,Potato,Jaipur,4004
2025-05-22,Potato,Jaipur,4008
2025-05-23,Potato,Jaipur,4015
2025-05-24,Potato,Jaipur,4021
2025-05-25,Potato,Jaipur,4045
2025-05-26,Potato,Jaipur,4041
2025-05-27,Potato,Jaipur,4039
2025-05-28,Potato,Jaipur,4034
2025-05-29,Potato,Jaipur,4025
2025-05-30,Potato,Jaipur,4027
2025-05-31,Potato,Jaipur,4038
2025-06-01,Potato,Jaipur,4033
2025-06-02,Potato,Jaipur,4028
2025-06-03,Potato,Jaipur,4013
2025-06-04,Potato,Jaipur,4025
2025-06-05,Potato,Jaipur,4030
2025-06-06,Potato,Jaipur,4044
2025-06-07,Potato,Jaipur,4068
2025-06-08,Potato,Jaipur,4064
2025-06-09,Potato,Jaipur,4046
2025-06-10,Potato,Jaipur,4067
2025-06-11,Potato,Jaipur,4072
2025-06-12,Potato,Jaipur,4097
2025-06-13,Potato,Jaipur,4120
2025-06-14,Potato,Jaipur,4111
2025-06-15,Potato,Jaipur,4112
2025-06-16,Potato,Jaipur,4122
2025-06-17,Potato,Jaipur,4118
2025-06-18,Potato,Jaipur,4115
2025-06-19,Potato,Jaipur,4124
2025-06-20,Potato,Jaipur,4126
2025-06-21,Potato,Jaipur,4142
2025-06-22,Potato,Jaipur,4124
2025-06-23,Potato,Jaipur,4130
2025-06-24,Potato,Jaipur,4141
2025-06-25,Potato,Jaipur,4159
2025-06-26,Potato,Jaipur,4146
2025-06-27,Potato,Jaipur,4126
2025-06-28,Potato,Jaipur,4126
2025-06-29,Potato,Jaipur,4117
2025-06-30,Potato,Jaipur,4097
2025-07-01,Potato,Jaipur,4089
2025-07-02,Potato,Jaipur,4094
2025-07-03,Potato,Jaipur,4082
2025-07-04,Potato,Jaipur,4087
2025-07-05,Potato,Jaipur,4092
2025-07-06,Potato,Jaipur,4113
2025-07-07,Potato,Jaipur,4137
2025-07-08,Potato,Jaipur,4126
2025-07-09,Potato,Jaipur,4148
2025-07-10,Potato,Jaipur,4161
2025-07-11,Potato,Jaipur,4152
2025-07-12,Potato,Jaipur,4140
2025-07-13,Potato,Jaipur,4133
2025-07-14,Potato,Jaipur,4136
2025-07-15,Potato,Jaipur,4118
2025-07-16,Potato,Jaipur,4137
2025-07-17,Potato,Jaipur,4154
2025-07-18,Potato,Jaipur,4137
2025-07-19,Potato,Jaipur,4137
2025-07-20,Potato,Jaipur,4146
2025-07-21,Potato,Jaipur,4164
2025-07-22,Potato,Jaipur,4157
2025-07-23,Potato,Jaipur,4159
2025-07-24,Potato,Jaipur,4161
2025-07-25,Potato,Jaipur,4186
2025-07-26,Potato,Jaipur,4207
2025-07-27,Potato,Jaipur,4229
2025-07-28,Potato,Jaipur,4234
2025-07-29,Potato,Jaipur,4258
2025-07-30,Potato,Jaipur,4258
2025-07-31,Potato,Jaipur,4240
2025-08-01,Potato,Jaipur,4258
2025-08-02,Potato,Jaipur,4245
2025-08-03,Potato,Jaipur,4232
2025-08-04,Potato,Jaipur,4235
2025-08-05,Potato,Jaipur,4249
2025-08-06,Potato,Jaipur,4231
2025-08-07,Potato,Jaipur,4242
2025-08-08,Potato,Jaipur,4249
2025-08-09,Potato,Jaipur,4267
2025-08-10,Potato,Jaipur,4257
2025-08-11,Potato,Jaipur,4276
2025-08-12,Potato,Jaipur,4266
2025-08-13,Potato,Jaipur,4286
2025-08-14,Potato,Jaipur,4275
2025-08-15,Potato,Jaipur,4290
2025-08-16,Potato,Jaipur,4285
2025-08-17,Potato,Jaipur,4301
2025-08-18,Potato,Jaipur,4294
2025-08-19,Potato,Jaipur,4281
2025-08-20,Potato,Jaipur,4300
2025-08-21,Potato,Jaipur,4301
2025-08-22,Potato,Jaipur,4322
2025-08-23,Potato,Jaipur,4344
2025-08-24,Potato,Jaipur,4364
2025-08-25,Potato,Jaipur,4387
2025-08-26,Potato,Jaipur,4395
2025-08-27,Potato,Jaipur,4404
2025-08-28,Potato,Jaipur,4427
2025-08-29,Potato,Jaipur,4441
2025-08-30,Potato,Jaipur,4447
2025-08-31,Potato,Jaipur,4451
2025-09-01,Potato,Jaipur,4473
2025-09-02,Potato,Jaipur,4466
2025-09-03,Potato,Jaipur,4491
2025-09-04,Potato,Jaipur,4492
2025-09-05,Potato,Jaipur,4502
2025-09-06,Potato,Jaipur,4522
2025-09-07,Potato,Jaipur,4507
2025-09-08,Potato,Jaipur,4499
2025-09-09,Potato,Jaipur,4487
2025-09-10,Potato,Jaipur,4502
2025-09-11,Potato,Jaipur,4512
2025-09-12,Potato,Jaipur,4515
2025-09-13,Potato,Jaipur,4527
2025-09-14,Potato,Jaipur,4517
2025-09-15,Potato,Jaipur,4532
2025-09-16,Potato,Jaipur,4542
2025-09-17,Potato,Jaipur,4533
2025-09-18,Potato,Jaipur,4544
2025-09-19,Potato,Jaipur,4562
2025-09-20,Potato,Jaipur,4558
2025-09-21,Potato,Jaipur,4560
2025-09-22,Potato,Jaipur,4566
2025-09-23,Potato,Jaipur,4587
2025-09-24,Potato,Jaipur,4591
2025-09-25,Potato,Jaipur,4591
2025-09-26,Potato,Jaipur,4614
2025-09-27,Potato,Jaipur,4636
2025-09-28,Potato,Jaipur,4650
2025-09-29,Potato,Jaipur,4634
2025-09-30,Potato,Jaipur,4658
2025-10-01,Potato,Jaipur,4671
2025-10-02,Potato,Jaipur,4657
2025-10-03,Potato,Jaipur,4657
2025-10-04,Potato,Jaipur,4655
2025-10-05,Potato,Jaipur,4680
2025-10-06,Potato,Jaipur,4695
2025-10-07,Potato,Jaipur,4701
2025-10-08,Potato,Jaipur,4687
2025-10-09,Potato,Jaipur,4701
2025-10-10,Potato,Jaipur,4681
2025-10-11,Potato,Jaipur,4672
2025-10-12,Potato,Jaipur,4687
2025-10-13,Potato,Jaipur,4695
2025-10-14,Potato,Jaipur,4687
2025-10-15,Potato,Jaipur,4700
2025-10-16,Potato,Jaipur,4694
2025-10-17,Potato,Jaipur,4702
2025-10-18,Potato,Jaipur,4689
2025-10-19,Potato,Jaipur,4679
2025-10-20,Potato,Jaipur,4665
2025-10-21,Potato,Jaipur,4650
2025-10-22,Potato,Jaipur,4649
2025-10-23,Potato,Jaipur,4651
2025-10-24,Potato,Jaipur,4647
2025-10-25,Potato,Jaipur,4636
2025-10-26,Potato,Jaipur,4637
2025-10-27,Potato,Jaipur,4630
2025-10-28,Potato,Jaipur,4640
2025-10-29,Potato,Jaipur,4623
2025-10-30,Potato,Jaipur,4603
2025-10-31,Potato,Jaipur,4606
2025-11-01,Potato,Jaipur,4587
2025-11-02,Potato,Jaipur,4586
2025-11-03,Potato,Jaipur,4605
2025-11-04,Potato,Jaipur,4620
2025-11-05,Potato,Jaipur,4614
2025-11-06,Potato,Jaipur,4624
2025-11-07,Potato,Jaipur,4644
2025-11-08,Potato,Jaipur,4636
2025-11-09,Potato,Jaipur,4628
2025-11-10,Potato,Jaipur,4627
2025-11-11,Potato,Jaipur,4607
2025-11-12,Potato,Jaipur,4623
2025-11-13,Potato,Jaipur,4622
2025-11-14,Potato,Jaipur,4604
2025-11-15,Potato,Jaipur,4602
2025-11-16,Potato,Jaipur,4613
2025-11-17,Potato,Jaipur,4631
2025-11-18,Potato,Jaipur,4649
2025-11-19,Potato,Jaipur,4636
2025-11-20,Potato,Jaipur,4618
2025-11-21,Potato,Jaipur,4634
2025-11-22,Potato,Jaipur,4614
2025-11-23,Potato,Jaipur,4602
2025-11-24,Potato,Jaipur,4594
2025-11-25,Potato,Jaipur,4579
2025-11-26,Potato,Jaipur,4589
2025-11-27,Potato,Jaipur,4593
2025-11-28,Potato,Jaipur,4583
2025-11-29,Potato,Jaipur,4590
2025-11-30,Potato,Jaipur,4592
2025-12-01,Potato,Jaipur,4591
2025-12-02,Potato,Jaipur,4585
2025-12-03,Potato,Jaipur,4597
2025-12-04,Potato,Jaipur,4614
2025-12-05,Potato,Jaipur,4610
2025-12-06,Potato,Jaipur,4596
2025-12-07,Potato,Jaipur,4603
2025-12-08,Potato,Jaipur,4614
2025-12-09,Potato,Jaipur,4602
2025-12-10,Potato,Jaipur,4597
2025-12-11,Potato,Jaipur,4582
2025-12-12,Potato,Jaipur,4569
2025-12-13,Potato,Jaipur,4578
2025-12-14,Potato,Jaipur,4578
2025-12-15,Potato,Jaipur,4560
2025-12-16,Potato,Jaipur,4563
2025-12-17,Potato,Jaipur,4560
2025-12-18,Potato,Jaipur,4555
2025-12-19,Potato,Jaipur,4547
2025-12-20,Potato,Jaipur,4549
2025-12-21,Potato,Jaipur,4544
2025-12-22,Potato,Jaipur,4555
2025-12-23,Potato,Jaipur,4540
2025-12-24,Potato,Jaipur,4550
2025-12-25,Potato,Jaipur,4561
2025-12-26,Potato,Jaipur,4586
2025-12-27,Potato,Jaipur,4599
2025-12-28,Potato,Jaipur,4616
2025-12-29,Potato,Jaipur,4622
2025-12-30,Potato,Jaipur,4618
2025-12-31,Potato,Jaipur,4639
2024-01-01,Wheat,Pune,1656
2024-01-02,Wheat,Pune,1643
2024-01-03,Wheat,Pune,1656
2024-01-04,Wheat,Pune,1647
2024-01-05,Wheat,Pune,1637
2024-01-06,Wheat,Pune,1642
2024-01-07,Wheat,Pune,1624
2024-01-08,Wheat,Pune,1611
2024-01-09,Wheat,Pune,1608
2024-01-10,Wheat,Pune,1623
2024-01-11,Wheat,Pune,1632
2024-01-12,Wheat,Pune,1656
2024-01-13,Wheat,Pune,1681
2024-01-14,Wheat,Pune,1698
2024-01-15,Wheat,Pune,1700
2024-01-16,Wheat,Pune,1723
2024-01-17,Wheat,Pune,1718
2024-01-18,Wheat,Pune,1708
2024-01-19,Wheat,Pune,1712
2024-01-20,Wheat,Pune,1712
2024-01-21,Wheat,Pune,1710
2024-01-22,Wheat,Pune,1710
2024-01-23,Wheat,Pune,1702
2024-01-24,Wheat,Pune,1711
2024-01-25,Wheat,Pune,1708
2024-01-26,Wheat,Pune,1711
2024-01-27,Wheat,Pune,1716
2024-01-28,Wheat,Pune,1725
2024-01-29,Wheat,Pune,1712
2024-01-30,Wheat,Pune,1709
2024-01-31,Wheat,Pune,1702
2024-02-01,Wheat,Pune,1710
2024-02-02,Wheat,Pune,1726
2024-02-03,Wheat,Pune,1739
2024-02-04,Wheat,Pune,1720
2024-02-05,Wheat,Pune,1700
2024-02-06,Wheat,Pune,1707
2024-02-07,Wheat,Pune,1690
2024-02-08,Wheat,Pune,1709
2024-02-09,Wheat,Pune,1717
2024-02-10,Wheat,Pune,1702
2024-02-11,Wheat,Pune,1718
2024-02-12,Wheat,Pune,1705
2024-02-13,Wheat,Pune,1727
2024-02-14,Wheat,Pune,1709
2024-02-15,Wheat,Pune,1690
2024-02-16,Wheat,Pune,1673
2024-02-17,Wheat,Pune,1658
2024-02-18,Wheat,Pune,1676
2024-02-19,Wheat,Pune,1698
2024-02-20,Wheat,Pune,1702
2024-02-21,Wheat,Pune,1710
2024-02-22,Wheat,Pune,1702
2024-02-23,Wheat,Pune,1723
2024-02-24,Wheat,Pune,1715
2024-02-25,Wheat,Pune,1699
2024-02-26,Wheat,Pune,1715
2024-02-27,Wheat,Pune,1695
2024-02-28,Wheat,Pune,1690
2024-02-29,Wheat,Pune,1697
2024-03-01,Wheat,Pune,1681
2024-03-02,Wheat,Pune,1666
2024-03-03,Wheat,Pune,1679
2024-03-04,Wheat,Pune,1672
2024-03-05,Wheat,Pune,1684
2024-03-06,Wheat,Pune,1683
2024-03-07,Wheat,Pune,1686
2024-03-08,Wheat,Pune,1704
2024-03-09,Wheat,Pune,1709
2024-03-10,Wheat,Pune,1719
2024-03-11,Wheat,Pune,1701
2024-03-12,Wheat,Pune,1705
2024-03-13,Wheat,Pune,1689
2024-03-14,Wheat,Pune,1692
2024-03-15,Wheat,Pune,1691
2024-03-16,Wheat,Pune,1705
2024-03-17,Wheat,Pune,1711
2024-03-18,Wheat,Pune,1697
2024-03-19,Wheat,Pune,1677
2024-03-20,Wheat,Pune,1697
2024-03-21,Wheat,Pune,1720
2024-03-22,Wheat,Pune,1727
2024-03-23,Wheat,Pune,1723
2024-03-24,Wheat,Pune,1733
2024-03-25,Wheat,Pune,1753
2024-03-26,Wheat,Pune,1739
2024-03-27,Wheat,Pune,1751
2024-03-28,Wheat,Pune,1738
2024-03-29,Wheat,Pune,1737
2024-03-30,Wheat,Pune,1723
2024-03-31,Wheat,Pune,1707
2024-04-01,Wheat,Pune,1698
2024-04-02,Wheat,Pune,1719
2024-04-03,Wheat,Pune,1737
2024-04-04,Wheat,Pune,1723
2024-04-05,Wheat,Pune,1743
2024-04-06,Wheat,Pune,1752
2024-04-07,Wheat,Pune,1760
2024-04-08,Wheat,Pune,1763
2024-04-09,Wheat,Pune,1786
2024-04-10,Wheat,Pune,1774
2024-04-11,Wheat,Pune,1758
2024-04-12,Wheat,Pune,1739
2024-04-13,Wheat,Pune,1733
2024-04-14,Wheat,Pune,1752
2024-04-15,Wheat,Pune,1769
2024-04-16,Wheat,Pune,1775
2024-04-17,Wheat,Pune,1791
2024-04-18,Wheat,Pune,1780
2024-04-19,Wheat,Pune,1761
2024-04-20,Wheat,Pune,1760
2024-04-21,Wheat,Pune,1784
2024-04-22,Wheat,Pune,1783
2024-04-23,Wheat,Pune,1776
2024-04-24,Wheat,Pune,1799
2024-04-25,Wheat,Pune,1783
2024-04-26,Wheat,Pune,1770
2024-04-27,Wheat,Pune,1759
2024-04-28,Wheat,Pune,1760
2024-04-29,Wheat,Pune,1761
2024-04-30,Wheat,Pune,1786
2024-05-01,Wheat,Pune,1788
2024-05-02,Wheat,Pune,1792
2024-05-03,Wheat,Pune,1803
2024-05-04,Wheat,Pune,1822
2024-05-05,Wheat,Pune,1812
2024-05-06,Wheat,Pune,1807
2024-05-07,Wheat,Pune,1804
2024-05-08,Wheat,Pune,1799
2024-05-09,Wheat,Pune,1805
2024-05-10,Wheat,Pune,1801
2024-05-11,Wheat,Pune,1792
2024-05-12,Wheat,Pune,1811
2024-05-13,Wheat,Pune,1831
2024-05-14,Wheat,Pune,1822
2024-05-15,Wheat,Pune,1832
2024-05-16,Wheat,Pune,1849
2024-05-17,Wheat,Pune,1865
2024-05-18,Wheat,Pune,1858
2024-05-19,Wheat,Pune,1861
2024-05-20,Wheat,Pune,1880
2024-05-21,Wheat,Pune,1880
2024-05-22,Wheat,Pune,1884
2024-05-23,Wheat,Pune,1907
2024-05-24,Wheat,Pune,1913
2024-05-25,Wheat,Pune,1904
2024-05-26,Wheat,Pune,1905
2024-05-27,Wheat,Pune,1885
2024-05-28,Wheat,Pune,1869
2024-05-29,Wheat,Pune,1883
2024-05-30,Wheat,Pune,1886
2024-05-31,Wheat,Pune,1902
2024-06-01,Wheat,Pune,1909
2024-06-02,Wheat,Pune,1927
2024-06-03,Wheat,Pune,1948
2024-06-04,Wheat,Pune,1966
2024-06-05,Wheat,Pune,1952
2024-06-06,Wheat,Pune,1951
2024-06-07,Wheat,Pune,1969
2024-06-08,Wheat,Pune,1979
2024-06-09,Wheat,Pune,1995
2024-06-10,Wheat,Pune,1990
2024-06-11,Wheat,Pune,2010
2024-06-12,Wheat,Pune,2034
2024-06-13,Wheat,Pune,2037
2024-06-14,Wheat,Pune,2045
2024-06-15,Wheat,Pune,2060
2024-06-16,Wheat,Pune,2045
2024-06-17,Wheat,Pune,2051
2024-06-18,Wheat,Pune,2060
2024-06-19,Wheat,Pune,2065
2024-06-20,Wheat,Pune,2090
2024-06-21,Wheat,Pune,2083
2024-06-22,Wheat,Pune,2102
2024-06-23,Wheat,Pune,2102
2024-06-24,Wheat,Pune,2087
2024-06-25,Wheat,Pune,2085
2024-06-26,Wheat,Pune,2097
2024-06-27,Wheat,Pune,2119
2024-06-28,Wheat,Pune,2106
2024-06-29,Wheat,Pune,2100
2024-06-30,Wheat,Pune,2106
2024-07-01,Wheat,Pune,2107
2024-07-02,Wheat,Pune,2123
2024-07-03,Wheat,Pune,2118
2024-07-04,Wheat,Pune,2116
2024-07-05,Wheat,Pune,2110
2024-07-06,Wheat,Pune,2098
2024-07-07,Wheat,Pune,2099
2024-07-08,Wheat,Pune,2112
2024-07-09,Wheat,Pune,2120
2024-07-10,Wheat,Pune,2102
2024-07-11,Wheat,Pune,2087
2024-07-12,Wheat,Pune,2073
2024-07-13,Wheat,Pune,2096
2024-07-14,Wheat,Pune,2114
2024-07-15,Wheat,Pune,2114
2024-07-16,Wheat,Pune,2102
2024-07-17,Wheat,Pune,2097
2024-07-18,Wheat,Pune,2093
2024-07-19,Wheat,Pune,2115
2024-07-20,Wheat,Pune,2105
2024-07-21,Wheat,Pune,2105
2024-07-22,Wheat,Pune,2110
2024-07-23,Wheat,Pune,2091
2024-07-24,Wheat,Pune,2072
2024-07-25,Wheat,Pune,2057
2024-07-26,Wheat,Pune,2055
2024-07-27,Wheat,Pune,2073
2024-07-28,Wheat,Pune,2069
2024-07-29,Wheat,Pune,2072
2024-07-30,Wheat,Pune,2058
2024-07-31,Wheat,Pune,2039
2024-08-01,Wheat,Pune,2050
2024-08-02,Wheat,Pune,2047
2024-08-03,Wheat,Pune,2052
2024-08-04,Wheat,Pune,2059
2024-08-05,Wheat,Pune,2059
2024-08-06,Wheat,Pune,2053
2024-08-07,Wheat,Pune,2035
2024-08-08,Wheat,Pune,2027
2024-08-09,Wheat,Pune,2031
2024-08-10,Wheat,Pune,2020
2024-08-11,Wheat,Pune,2014
2024-08-12,Wheat,Pune,2021
2024-08-13,Wheat,Pune,2022
2024-08-14,Wheat,Pune,2013
2024-08-15,Wheat,Pune,2022
2024-08-16,Wheat,Pune,2021
2024-08-17,Wheat,Pune,2045
2024-08-18,Wheat,Pune,2065
2024-08-19,Wheat,Pune,2049
2024-08-20,Wheat,Pune,2064
2024-08-21,Wheat,Pune,2055
2024-08-22,Wheat,Pune,2035
2024-08-23,Wheat,Pune,2039
2024-08-24,Wheat,Pune,2031
2024-08-25,Wheat,Pune,2017
2024-08-26,Wheat,Pune,2014
2024-08-27,Wheat,Pune,1994
2024-08-28,Wheat,Pune,2016
2024-08-29,Wheat,Pune,2009
2024-08-30,Wheat,Pune,2032
2024-08-31,Wheat,Pune,2012
2024-09-01,Wheat,Pune,2025
2024-09-02,Wheat,Pune,2026
2024-09-03,Wheat,Pune,2019
2024-09-04,Wheat,Pune,2032
2024-09-05,Wheat,Pune,2041
2024-09-06,Wheat,Pune,2028
2024-09-07,Wheat,Pune,2042
2024-09-08,Wheat,Pune,2042
2024-09-09,Wheat,Pune,2067
2024-09-10,Wheat,Pune,2058
2024-09-11,Wheat,Pune,2074
2024-09-12,Wheat,Pune,2081
2024-09-13,Wheat,Pune,2087
2024-09-14,Wheat,Pune,2079
2024-09-15,Wheat,Pune,2095
2024-09-16,Wheat,Pune,2095
2024-09-17,Wheat,Pune,2084
2024-09-18,Wheat,Pune,2078
2024-09-19,Wheat,Pune,2088
2024-09-20,Wheat,Pune,2086
2024-09-21,Wheat,Pune,2082
2024-09-22,Wheat,Pune,2086
2024-09-23,Wheat,Pune,2093
2024-09-24,Wheat,Pune,2092
2024-09-25,Wheat,Pune,2089
2024-09-26,Wheat,Pune,2096
2024-09-27,Wheat,Pune,2109
2024-09-28,Wheat,Pune,2110
2024-09-29,Wheat,Pune,2131
2024-09-30,Wheat,Pune,2145
2024-10-01,Wheat,Pune,2125
2024-10-02,Wheat,Pune,2121
2024-10-03,Wheat,Pune,2134
2024-10-04,Wheat,Pune,2118
2024-10-05,Wheat,Pune,2105
2024-10-06,Wheat,Pune,2116
2024-10-07,Wheat,Pune,2118
2024-10-08,Wheat,Pune,2113
2024-10-09,Wheat,Pune,2126
2024-10-10,Wheat,Pune,2120
2024-10-11,Wheat,Pune,2140
2024-10-12,Wheat,Pune,2129
2024-10-13,Wheat,Pune,2154
2024-10-14,Wheat,Pune,2156
2024-10-15,Wheat,Pune,2171
2024-10-16,Wheat,Pune,2157
2024-10-17,Wheat,Pune,2148
2024-10-18,Wheat,Pune,2132
2024-10-19,Wheat,Pune,2153
2024-10-20,Wheat,Pune,2162
2024-10-21,Wheat,Pune,2173
2024-10-22,Wheat,Pune,2188
2024-10-23,Wheat,Pune,2170
2024-10-24,Wheat,Pune,2160
2024-10-25,Wheat,Pune,2147
2024-10-26,Wheat,Pune,2166
2024-10-27,Wheat,Pune,2176
2024-10-28,Wheat,Pune,2196
2024-10-29,Wheat,Pune,2210
2024-10-30,Wheat,Pune,2228
2024-10-31,Wheat,Pune,2217
2024-11-01,Wheat,Pune,2232
2024-11-02,Wheat,Pune,2225
2024-11-03,Wheat,Pune,2222
2024-11-04,Wheat,Pune,2233
2024-11-05,Wheat,Pune,2223
2024-11-06,Wheat,Pune,2235
2024-11-07,Wheat,Pune,2228
2024-11-08,Wheat,Pune,2210
2024-11-09,Wheat,Pune,2227
2024-11-10,Wheat,Pune,2228
2024-11-11,Wheat,Pune,2226
2024-11-12,Wheat,Pune,2233
2024-11-13,Wheat,Pune,2230
2024-11-14,Wheat,Pune,2240
2024-11-15,Wheat,Pune,2248
2024-11-16,Wheat,Pune,2248
2024-11-17,Wheat,Pune,2234
2024-11-18,Wheat,Pune,2243
2024-11-19,Wheat,Pune,2253
2024-11-20,Wheat,Pune,2271
2024-11-21,Wheat,Pune,2279
2024-11-22,Wheat,Pune,2300
2024-11-23,Wheat,Pune,2282
2024-11-24,Wheat,Pune,2276
2024-11-25,Wheat,Pune,2297
2024-11-26,Wheat,Pune,2322
2024-11-27,Wheat,Pune,2346
2024-11-28,Wheat,Pune,2328
2024-11-29,Wheat,Pune,2327
2024-11-30,Wheat,Pune,2352
2024-12-01,Wheat,Pune,2339
2024-12-02,Wheat,Pune,2354
2024-12-03,Wheat,Pune,2347
2024-12-04,Wheat,Pune,2330
2024-12-05,Wheat,Pune,2312
2024-12-06,Wheat,Pune,2320
2024-12-07,Wheat,Pune,2331
2024-12-08,Wheat,Pune,2316
2024-12-09,Wheat,Pune,2337
2024-12-10,Wheat,Pune,2351
2024-12-11,Wheat,Pune,2367
2024-12-12,Wheat,Pune,2349
2024-12-13,Wheat,Pune,2372
2024-12-14,Wheat,Pune,2388
2024-12-15,Wheat,Pune,2386
2024-12-16,Wheat,Pune,2366
2024-12-17,Wheat,Pune,2389
2024-12-18,Wheat,Pune,2371
2024-12-19,Wheat,Pune,2378
2024-12-20,Wheat,Pune,2385
2024-12-21,Wheat,Pune,2387
2024-12-22,Wheat,Pune,2389
2024-12-23,Wheat,Pune,2395
2024-12-24,Wheat,Pune,2384
2024-12-25,Wheat,Pune,2372
2024-12-26,Wheat,Pune,2366
2024-12-27,Wheat,Pune,2369
2024-12-28,Wheat,Pune,2372
2024-12-29,Wheat,Pune,2388
2024-12-30,Wheat,Pune,2376
2024-12-31,Wheat,Pune,2382
2025-01-01,Wheat,Pune,2370
2025-01-02,Wheat,Pune,2350
2025-01-03,Wheat,Pune,2373
2025-01-04,Wheat,Pune,2389
2025-01-05,Wheat,Pune,2397
2025-01-06,Wheat,Pune,2415
2025-01-07,Wheat,Pune,2421
2025-01-08,Wheat,Pune,2439
2025-01-09,Wheat,Pune,2445
2025-01-10,Wheat,Pune,2425
2025-01-11,Wheat,Pune,2414
2025-01-12,Wheat,Pune,2429
2025-01-13,Wheat,Pune,2451
2025-01-14,Wheat,Pune,2472
2025-01-15,Wheat,Pune,2483
2025-01-16,Wheat,Pune,2485
2025-01-17,Wheat,Pune,2469
2025-01-18,Wheat,Pune,2461
2025-01-19,Wheat,Pune,2481
2025-01-20,Wheat,Pune,2474
2025-01-21,Wheat,Pune,2484
2025-01-22,Wheat,Pune,2504
2025-01-23,Wheat,Pune,2486
2025-01-24,Wheat,Pune,2467
2025-01-25,Wheat,Pune,2454
2025-01-26,Wheat,Pune,2445
2025-01-27,Wheat,Pune,2428
2025-01-28,Wheat,Pune,2422
2025-01-29,Wheat,Pune,2430
2025-01-30,Wheat,Pune,2411
2025-01-31,Wheat,Pune,2407
2025-02-01,Wheat,Pune,2423
2025-02-02,Wheat,Pune,2437
2025-02-03,Wheat,Pune,2436
2025-02-04,Wheat,Pune,2426
2025-02-05,Wheat,Pune,2436
2025-02-06,Wheat,Pune,2443
2025-02-07,Wheat,Pune,2435
2025-02-08,Wheat,Pune,2422
2025-02-09,Wheat,Pune,2416
2025-02-10,Wheat,Pune,2400
2025-02-11,Wheat,Pune,2391
2025-02-12,Wheat,Pune,2404
2025-02-13,Wheat,Pune,2408
2025-02-14,Wheat,Pune,2397
2025-02-15,Wheat,Pune,2411
2025-02-16,Wheat,Pune,2404
2025-02-17,Wheat,Pune,2425
2025-02-18,Wheat,Pune,2437
2025-02-19,Wheat,Pune,2438
2025-02-20,Wheat,Pune,2438
2025-02-21,Wheat,Pune,2431
2025-02-22,Wheat,Pune,2454
2025-02-23,Wheat,Pune,2466
2025-02-24,Wheat,Pune,2446
2025-02-25,Wheat,Pune,2447
2025-02-26,Wheat,Pune,2462
2025-02-27,Wheat,Pune,2448
2025-02-28,Wheat,Pune,2467
2025-03-01,Wheat,Pune,2491
2025-03-02,Wheat,Pune,2502
2025-03-03,Wheat,Pune,2523
2025-03-04,Wheat,Pune,2544
2025-03-05,Wheat,Pune,2537
2025-03-06,Wheat,Pune,2535
2025-03-07,Wheat,Pune,2518
2025-03-08,Wheat,Pune,2517
2025-03-09,Wheat,Pune,2528
2025-03-10,Wheat,Pune,2547
2025-03-11,Wheat,Pune,2572
2025-03-12,Wheat,Pune,2569
2025-03-13,Wheat,Pune,2592
2025-03-14,Wheat,Pune,2608
2025-03-15,Wheat,Pune,2630
2025-03-16,Wheat,Pune,2627
2025-03-17,Wheat,Pune,2625
2025-03-18,Wheat,Pune,2627
2025-03-19,Wheat,Pune,2635
2025-03-20,Wheat,Pune,2626
2025-03-21,Wheat,Pune,2630
2025-03-22,Wheat,Pune,2624
2025-03-23,Wheat,Pune,2614
2025-03-24,Wheat,Pune,2632
2025-03-25,Wheat,Pune,2618
2025-03-26,Wheat,Pune,2618
2025-03-27,Wheat,Pune,2617
2025-03-28,Wheat,Pune,2607
2025-03-29,Wheat,Pune,2597
2025-03-30,Wheat,Pune,2615
2025-03-31,Wheat,Pune,2623
2025-04-01,Wheat,Pune,2612
2025-04-02,Wheat,Pune,2595
2025-04-03,Wheat,Pune,2594
2025-04-04,Wheat,Pune,2614
2025-04-05,Wheat,Pune,2611
2025-04-06,Wheat,Pune,2599
2025-04-07,Wheat,Pune,2598
2025-04-08,Wheat,Pune,2606
2025-04-09,Wheat,Pune,2611
2025-04-10,Wheat,Pune,2623
2025-04-11,Wheat,Pune,2611
2025-04-12,Wheat,Pune,2629
2025-04-13,Wheat,Pune,2612
2025-04-14,Wheat,Pune,2629
2025-04-15,Wheat,Pune,2643
2025-04-16,Wheat,Pune,2635
2025-04-17,Wheat,Pune,2645
2025-04-18,Wheat,Pune,2667
2025-04-19,Wheat,Pune,2692
2025-04-20,Wheat,Pune,2708
2025-04-21,Wheat,Pune,2715
2025-04-22,Wheat,Pune,2719
2025-04-23,Wheat,Pune,2723
2025-04-24,Wheat,Pune,2742
2025-04-25,Wheat,Pune,2759
2025-04-26,Wheat,Pune,2758
2025-04-27,Wheat,Pune,2768
2025-04-28,Wheat,Pune,2781
2025-04-29,Wheat,Pune,2802
2025-04-30,Wheat,Pune,2825
2025-05-01,Wheat,Pune,2805
2025-05-02,Wheat,Pune,2790
2025-05-03,Wheat,Pune,2773
2025-05-04,Wheat,Pune,2756
2025-05-05,Wheat,Pune,2781
2025-05-06,Wheat,Pune,2764
2025-05-07,Wheat,Pune,2745
2025-05-08,Wheat,Pune,2734
2025-05-09,Wheat,Pune,2724
2025-05-10,Wheat,Pune,2704
2025-05-11,Wheat,Pune,2716
2025-05-12,Wheat,Pune,2720
2025-05-13,Wheat,Pune,2744
2025-05-14,Wheat,Pune,2743
2025-05-15,Wheat,Pune,2732
2025-05-16,Wheat,Pune,2754
2025-05-17,Wheat,Pune,2743
2025-05-18,Wheat,Pune,2745
2025-05-19,Wheat,Pune,2728
2025-05-20,Wheat,Pune,2716
2025-05-21,Wheat,Pune,2735
2025-05-22,Wheat,Pune,2747
2025-05-23,Wheat,Pune,2731
2025-05-24,Wheat,Pune,2733
2025-05-25,Wheat,Pune,2740
2025-05-26,Wheat,Pune,2751
2025-05-27,Wheat,Pune,2743
2025-05-28,Wheat,Pune,2745
2025-05-29,Wheat,Pune,2726
2025-05-30,Wheat,Pune,2730
2025-05-31,Wheat,Pune,2743
2025-06-01,Wheat,Pune,2750
2025-06-02,Wheat,Pune,2771
2025-06-03,Wheat,Pune,2755
2025-06-04,Wheat,Pune,2748
2025-06-05,Wheat,Pune,2764
2025-06-06,Wheat,Pune,2756
2025-06-07,Wheat,Pune,2751
2025-06-08,Wheat,Pune,2770
2025-06-09,Wheat,Pune,2786
2025-06-10,Wheat,Pune,2786
2025-06-11,Wheat,Pune,2785
2025-06-12,Wheat,Pune,2788
2025-06-13,Wheat,Pune,2807
2025-06-14,Wheat,Pune,2817
2025-06-15,Wheat,Pune,2831
2025-06-16,Wheat,Pune,2856
2025-06-17,Wheat,Pune,2879
2025-06-18,Wheat,Pune,2903
2025-06-19,Wheat,Pune,2916
2025-06-20,Wheat,Pune,2900
2025-06-21,Wheat,Pune,2913
2025-06-22,Wheat,Pune,2921
2025-06-23,Wheat,Pune,2917
2025-06-24,Wheat,Pune,2899
2025-06-25,Wheat,Pune,2924
2025-06-26,Wheat,Pune,2934
2025-06-27,Wheat,Pune,2929
2025-06-28,Wheat,Pune,2948
2025-06-29,Wheat,Pune,2931
2025-06-30,Wheat,Pune,2921
2025-07-01,Wheat,Pune,2929
2025-07-02,Wheat,Pune,2937
2025-07-03,Wheat,Pune,2921
2025-07-04,Wheat,Pune,2939
2025-07-05,Wheat,Pune,2919
2025-07-06,Wheat,Pune,2944
2025-07-07,Wheat,Pune,2957
2025-07-08,Wheat,Pune,2966
2025-07-09,Wheat,Pune,2985
2025-07-10,Wheat,Pune,2991
2025-07-11,Wheat,Pune,2974
2025-07-12,Wheat,Pune,2982
2025-07-13,Wheat,Pune,2995
2025-07-14,Wheat,Pune,3014
2025-07-15,Wheat,Pune,3026
2025-07-16,Wheat,Pune,3025
2025-07-17,Wheat,Pune,3024
2025-07-18,Wheat,Pune,3030
2025-07-19,Wheat,Pune,3051
2025-07-20,Wheat,Pune,3070
2025-07-21,Wheat,Pune,3067
2025-07-22,Wheat,Pune,3048
2025-07-23,Wheat,Pune,3056
2025-07-24,Wheat,Pune,3044
2025-07-25,Wheat,Pune,3030
2025-07-26,Wheat,Pune,3026
2025-07-27,Wheat,Pune,3013
2025-07-28,Wheat,Pune,3008
2025-07-29,Wheat,Pune,3028
2025-07-30,Wheat,Pune,3037
2025-07-31,Wheat,Pune,3027
2025-08-01,Wheat,Pune,3018
2025-08-02,Wheat,Pune,2998
2025-08-03,Wheat,Pune,3023
2025-08-04,Wheat,Pune,3027
2025-08-05,Wheat,Pune,3020
2025-08-06,Wheat,Pune,3032
2025-08-07,Wheat,Pune,3049
2025-08-08,Wheat,Pune,3051
2025-08-09,Wheat,Pune,3064
2025-08-10,Wheat,Pune,3061
2025-08-11,Wheat,Pune,3048
2025-08-12,Wheat,Pune,3048
2025-08-13,Wheat,Pune,3031
2025-08-14,Wheat,Pune,3013
2025-08-15,Wheat,Pune,2997
2025-08-16,Wheat,Pune,2993
2025-08-17,Wheat,Pune,2981
2025-08-18,Wheat,Pune,3001
2025-08-19,Wheat,Pune,3025
2025-08-20,Wheat,Pune,3038
2025-08-21,Wheat,Pune,3053
2025-08-22,Wheat,Pune,3070
2025-08-23,Wheat,Pune,3092
2025-08-24,Wheat,Pune,3087
2025-08-25,Wheat,Pune,3090
2025-08-26,Wheat,Pune,3082
2025-08-27,Wheat,Pune,3091
2025-08-28,Wheat,Pune,3087
2025-08-29,Wheat,Pune,3102
2025-08-30,Wheat,Pune,3126
2025-08-31,Wheat,Pune,3138
2025-09-01,Wheat,Pune,3159
2025-09-02,Wheat,Pune,3168
2025-09-03,Wheat,Pune,3165
2025-09-04,Wheat,Pune,3181
2025-09-05,Wheat,Pune,3193
2025-09-06,Wheat,Pune,3197
2025-09-07,Wheat,Pune,3195
2025-09-08,Wheat,Pune,3195
2025-09-09,Wheat,Pune,3176
2025-09-10,Wheat,Pune,3198
2025-09-11,Wheat,Pune,3183
2025-09-12,Wheat,Pune,3189
2025-09-13,Wheat,Pune,3176
2025-09-14,Wheat,Pune,3165
2025-09-15,Wheat,Pune,3169
2025-09-16,Wheat,Pune,3172
2025-09-17,Wheat,Pune,3159
2025-09-18,Wheat,Pune,3181
2025-09-19,Wheat,Pune,3177
2025-09-20,Wheat,Pune,3179
2025-09-21,Wheat,Pune,3168
2025-09-22,Wheat,Pune,3189
2025-09-23,Wheat,Pune,3203
2025-09-24,Wheat,Pune,3208
2025-09-25,Wheat,Pune,3197
2025-09-26,Wheat,Pune,3186
2025-09-27,Wheat,Pune,3185
2025-09-28,Wheat,Pune,3174
2025-09-29,Wheat,Pune,3192
2025-09-30,Wheat,Pune,3206
2025-10-01,Wheat,Pune,3205
2025-10-02,Wheat,Pune,3185
2025-10-03,Wheat,Pune,3197
2025-10-04,Wheat,Pune,3209
2025-10-05,Wheat,Pune,3216
2025-10-06,Wheat,Pune,3234
2025-10-07,Wheat,Pune,3248
2025-10-08,Wheat,Pune,3229
2025-10-09,Wheat,Pune,3213
2025-10-10,Wheat,Pune,3228
2025-10-11,Wheat,Pune,3233
2025-10-12,Wheat,Pune,3243
2025-10-13,Wheat,Pune,3253
2025-10-14,Wheat,Pune,3237
2025-10-15,Wheat,Pune,3228
2025-10-16,Wheat,Pune,3224
2025-10-17,Wheat,Pune,3246
2025-10-18,Wheat,Pune,3261
2025-10-19,Wheat,Pune,3257
2025-10-20,Wheat,Pune,3281
2025-10-21,Wheat,Pune,3301
2025-10-22,Wheat,Pune,3307
2025-10-23,Wheat,Pune,3287
2025-10-24,Wheat,Pune,3287
2025-10-25,Wheat,Pune,3281
2025-10-26,Wheat,Pune,3287
2025-10-27,Wheat,Pune,3296
2025-10-28,Wheat,Pune,3310
2025-10-29,Wheat,Pune,3320
2025-10-30,Wheat,Pune,3323
2025-10-31,Wheat,Pune,3308
2025-11-01,Wheat,Pune,3296
2025-11-02,Wheat,Pune,3307
2025-11-03,Wheat,Pune,3332
2025-11-04,Wheat,Pune,3324
2025-11-05,Wheat,Pune,3317
2025-11-06,Wheat,Pune,3317
2025-11-07,Wheat,Pune,3319
2025-11-08,Wheat,Pune,3315
2025-11-09,Wheat,Pune,3303
2025-11-10,Wheat,Pune,3315
2025-11-11,Wheat,Pune,3340
2025-11-12,Wheat,Pune,3355
2025-11-13,Wheat,Pune,3379
2025-11-14,Wheat,Pune,3374
2025-11-15,Wheat,Pune,3379
2025-11-16,Wheat,Pune,3363
2025-11-17,Wheat,Pune,3375
2025-11-18,Wheat,Pune,3373
2025-11-19,Wheat,Pune,3383
2025-11-20,Wheat,Pune,3363
2025-11-21,Wheat,Pune,3373
2025-11-22,Wheat,Pune,3366
2025-11-23,Wheat,Pune,3390
2025-11-24,Wheat,Pune,3383
2025-11-25,Wheat,Pune,3381
2025-11-26,Wheat,Pune,3398
2025-11-27,Wheat,Pune,3407
2025-11-28,Wheat,Pune,3406
2025-11-29,Wheat,Pune,3398
2025-11-30,Wheat,Pune,3385
2025-12-01,Wheat,Pune,3400
2025-12-02,Wheat,Pune,3424
2025-12-03,Wheat,Pune,3406
2025-12-04,Wheat,Pune,3406
2025-12-05,Wheat,Pune,3425
2025-12-06,Wheat,Pune,3421
2025-12-07,Wheat,Pune,3410
2025-12-08,Wheat,Pune,3409
2025-12-09,Wheat,Pune,3426
2025-12-10,Wheat,Pune,3438
2025-12-11,Wheat,Pune,3454
2025-12-12,Wheat,Pune,3454
2025-12-13,Wheat,Pune,3448
2025-12-14,Wheat,Pune,3437
2025-12-15,Wheat,Pune,3455
2025-12-16,Wheat,Pune,3441
2025-12-17,Wheat,Pune,3442
2025-12-18,Wheat,Pune,3447
2025-12-19,Wheat,Pune,3451
2025-12-20,Wheat,Pune,3464
2025-12-21,Wheat,Pune,3466
2025-12-22,Wheat,Pune,3466
2025-12-23,Wheat,Pune,3471
2025-12-24,Wheat,Pune,3481
2025-12-25,Wheat,Pune,3488
2025-12-26,Wheat,Pune,3489
2025-12-27,Wheat,Pune,3481
2025-12-28,Wheat,Pune,3463
2025-12-29,Wheat,Pune,3479
2025-12-30,Wheat,Pune,3463
2025-12-31,Wheat,Pune,3482
2024-01-01,Wheat,Mumbai,1663
2024-01-02,Wheat,Mumbai,1686
2024-01-03,Wheat,Mumbai,1672
2024-01-04,Wheat,Mumbai,1692
2024-01-05,Wheat,Mumbai,1716
2024-01-06,Wheat,Mumbai,1701
2024-01-07,Wheat,Mumbai,1707
2024-01-08,Wheat,Mumbai,1703
2024-01-09,Wheat,Mumbai,1714
2024-01-10,Wheat,Mumbai,1701
2024-01-11,Wheat,Mumbai,1723
2024-01-12,Wheat,Mumbai,1725
2024-01-13,Wheat,Mumbai,1719
2024-01-14,Wheat,Mumbai,1741
2024-01-15,Wheat,Mumbai,1739
2024-01-16,Wheat,Mumbai,1763
2024-01-17,Wheat,Mumbai,1765
2024-01-18,Wheat,Mumbai,1753
2024-01-19,Wheat,Mumbai,1754
2024-01-20,Wheat,Mumbai,1752
2024-01-21,Wheat,Mumbai,1759
2024-01-22,Wheat,Mumbai,1773
2024-01-23,Wheat,Mumbai,1760
2024-01-24,Wheat,Mumbai,1780
2024-01-25,Wheat,Mumbai,1774
2024-01-26,Wheat,Mumbai,1796
2024-01-27,Wheat,Mumbai,1793
2024-01-28,Wheat,Mumbai,1773
2024-01-29,Wheat,Mumbai,1761
2024-01-30,Wheat,Mumbai,1756
2024-01-31,Wheat,Mumbai,1758
2024-02-01,Wheat,Mumbai,1763
2024-02-02,Wheat,Mumbai,1786
2024-02-03,Wheat,Mumbai,1776
2024-02-04,Wheat,Mumbai,1794
2024-02-05,Wheat,Mumbai,1812
2024-02-06,Wheat,Mumbai,1827
2024-02-07,Wheat,Mumbai,1837
2024-02-08,Wheat,Mumbai,1829
2024-02-09,Wheat,Mumbai,1816
2024-02-10,Wheat,Mumbai,1819
2024-02-11,Wheat,Mumbai,1838
2024-02-12,Wheat,Mumbai,1849
2024-02-13,Wheat,Mumbai,1834
2024-02-14,Wheat,Mumbai,1840
2024-02-15,Wheat,Mumbai,1821
2024-02-16,Wheat,Mumbai,1814
2024-02-17,Wheat,Mumbai,1824
2024-02-18,Wheat,Mumbai,1847
2024-02-19,Wheat,Mumbai,1862
2024-02-20,Wheat,Mumbai,1879
2024-02-21,Wheat,Mumbai,1896
2024-02-22,Wheat,Mumbai,1901
2024-02-23,Wheat,Mumbai,1883
2024-02-24,Wheat,Mumbai,1883
2024-02-25,Wheat,Mumbai,1880
2024-02-26,Wheat,Mumbai,1885
2024-02-27,Wheat,Mumbai,1891
2024-02-28,Wheat,Mumbai,1908
2024-02-29,Wheat,Mumbai,1918
2024-03-01,Wheat,Mumbai,1935
2024-03-02,Wheat,Mumbai,1923
2024-03-03,Wheat,Mumbai,1922
2024-03-04,Wheat,Mumbai,1919
2024-03-05,Wheat,Mumbai,1908
2024-03-06,Wheat,Mumbai,1909
2024-03-07,Wheat,Mumbai,1906
2024-03-08,Wheat,Mumbai,1910
2024-03-09,Wheat,Mumbai,1926
2024-03-10,Wheat,Mumbai,1938
2024-03-11,Wheat,Mumbai,1931
2024-03-12,Wheat,Mumbai,1934
2024-03-13,Wheat,Mumbai,1946
2024-03-14,Wheat,Mumbai,1968
2024-03-15,Wheat,Mumbai,1952
2024-03-16,Wheat,Mumbai,1947
2024-03-17,Wheat,Mumbai,1951
2024-03-18,Wheat,Mumbai,1939
2024-03-19,Wheat,Mumbai,1919
2024-03-20,Wheat,Mumbai,1943
2024-03-21,Wheat,Mumbai,1968
2024-03-22,Wheat,Mumbai,1975
2024-03-23,Wheat,Mumbai,1955
2024-03-24,Wheat,Mumbai,1943
2024-03-25,Wheat,Mumbai,1926
2024-03-26,Wheat,Mumbai,1908
2024-03-27,Wheat,Mumbai,1932
2024-03-28,Wheat,Mumbai,1920
2024-03-29,Wheat,Mumbai,1945
2024-03-30,Wheat,Mumbai,1958
2024-03-31,Wheat,Mumbai,1963
2024-04-01,Wheat,Mumbai,1973
2024-04-02,Wheat,Mumbai,1979
2024-04-03,Wheat,Mumbai,1960
2024-04-04,Wheat,Mumbai,1945
2024-04-05,Wheat,Mumbai,1950
2024-04-06,Wheat,Mumbai,1944
2024-04-07,Wheat,Mumbai,1937
2024-04-08,Wheat,Mumbai,1922
2024-04-09,Wheat,Mumbai,1913
2024-04-10,Wheat,Mumbai,1893
2024-04-11,Wheat,Mumbai,1885
2024-04-12,Wheat,Mumbai,1880
2024-04-13,Wheat,Mumbai,1885
2024-04-14,Wheat,Mumbai,1895
2024-04-15,Wheat,Mumbai,1897
2024-04-16,Wheat,Mumbai,1905
2024-04-17,Wheat,Mumbai,1896
2024-04-18,Wheat,Mumbai,1885
2024-04-19,Wheat,Mumbai,1903
2024-04-20,Wheat,Mumbai,1894
2024-04-21,Wheat,Mumbai,1885
2024-04-22,Wheat,Mumbai,1893
2024-04-23,Wheat,Mumbai,1891
2024-04-24,Wheat,Mumbai,1871
2024-04-25,Wheat,Mumbai,1864
2024-04-26,Wheat,Mumbai,1858
2024-04-27,Wheat,Mumbai,1856
2024-04-28,Wheat,Mumbai,1854
2024-04-29,Wheat,Mumbai,1878
2024-04-30,Wheat,Mumbai,1862
2024-05-01,Wheat,Mumbai,1847
2024-05-02,Wheat,Mumbai,1857
2024-05-03,Wheat,Mumbai,1856
2024-05-04,Wheat,Mumbai,1841
2024-05-05,Wheat,Mumbai,1855
2024-05-06,Wheat,Mumbai,1853
2024-05-07,Wheat,Mumbai,1838
2024-05-08,Wheat,Mumbai,1858
2024-05-09,Wheat,Mumbai,1848
2024-05-10,Wheat,Mumbai,1856
2024-05-11,Wheat,Mumbai,1859
2024-05-12,Wheat,Mumbai,1856
2024-05-13,Wheat,Mumbai,1872
2024-05-14,Wheat,Mumbai,1895
2024-05-15,Wheat,Mumbai,1879
2024-05-16,Wheat,Mumbai,1886
2024-05-17,Wheat,Mumbai,1871
2024-05-18,Wheat,Mumbai,1877
2024-05-19,Wheat,Mumbai,1886
2024-05-20,Wheat,Mumbai,1907
2024-05-21,Wheat,Mumbai,1894
2024-05-22,Wheat,Mumbai,1878
2024-05-23,Wheat,Mumbai,1883
2024-05-24,Wheat,Mumbai,1894
2024-05-25,Wheat,Mumbai,1914
2024-05-26,Wheat,Mumbai,1931
2024-05-27,Wheat,Mumbai,1954
2024-05-28,Wheat,Mumbai,1936
2024-05-29,Wheat,Mumbai,1941
2024-05-30,Wheat,Mumbai,1930
2024-05-31,Wheat,Mumbai,1953
2024-06-01,Wheat,Mumbai,1950
2024-06-02,Wheat,Mumbai,1954
2024-06-03,Wheat,Mumbai,1967
2024-06-04,Wheat,Mumbai,1969
2024-06-05,Wheat,Mumbai,1987
2024-06-06,Wheat,Mumbai,2009
2024-06-07,Wheat,Mumbai,1997
2024-06-08,Wheat,Mumbai,2017
2024-06-09,Wheat,Mumbai,2037
2024-06-10,Wheat,Mumbai,2029
2024-06-11,Wheat,Mumbai,2025
2024-06-12,Wheat,Mumbai,2011
2024-06-13,Wheat,Mumbai,2008
2024-06-14,Wheat,Mumbai,1999
2024-06-15,Wheat,Mumbai,2003
2024-06-16,Wheat,Mumbai,1994
2024-06-17,Wheat,Mumbai,1977
2024-06-18,Wheat,Mumbai,1990
2024-06-19,Wheat,Mumbai,1981
2024-06-20,Wheat,Mumbai,1980
2024-06-21,Wheat,Mumbai,1960
2024-06-22,Wheat,Mumbai,1944
2024-06-23,Wheat,Mumbai,1958
2024-06-24,Wheat,Mumbai,1966
2024-06-25,Wheat,Mumbai,1988
2024-06-26,Wheat,Mumbai,1971
2024-06-27,Wheat,Mumbai,1974
2024-06-28,Wheat,Mumbai,1996
2024-06-29,Wheat,Mumbai,1988
2024-06-30,Wheat,Mumbai,2002
2024-07-01,Wheat,Mumbai,2019
2024-07-02,Wheat,Mumbai,2016
2024-07-03,Wheat,Mumbai,2018
2024-07-04,Wheat,Mumbai,2015
2024-07-05,Wheat,Mumbai,2029
2024-07-06,Wheat,Mumbai,2050
2024-07-07,Wheat,Mumbai,2044
2024-07-08,Wheat,Mumbai,2047
2024-07-09,Wheat,Mumbai,2058
2024-07-10,Wheat,Mumbai,2071
2024-07-11,Wheat,Mumbai,2072
2024-07-12,Wheat,Mumbai,2060
2024-07-13,Wheat,Mumbai,2054
2024-07-14,Wheat,Mumbai,2056
2024-07-15,Wheat,Mumbai,2062
2024-07-16,Wheat,Mumbai,2063
2024-07-17,Wheat,Mumbai,2071
2024-07-18,Wheat,Mumbai,2077
2024-07-19,Wheat,Mumbai,2082
2024-07-20,Wheat,Mumbai,2102
2024-07-21,Wheat,Mumbai,2119
2024-07-22,Wheat,Mumbai,2125
2024-07-23,Wheat,Mumbai,2148
2024-07-24,Wheat,Mumbai,2166
2024-07-25,Wheat,Mumbai,2183
2024-07-26,Wheat,Mumbai,2202
2024-07-27,Wheat,Mumbai,2226
2024-07-28,Wheat,Mumbai,2233
2024-07-29,Wheat,Mumbai,2249
2024-07-30,Wheat,Mumbai,2245
2024-07-31,Wheat,Mumbai,2240
2024-08-01,Wheat,Mumbai,2264
2024-08-02,Wheat,Mumbai,2257
2024-08-03,Wheat,Mumbai,2272
2024-08-04,Wheat,Mumbai,2290
2024-08-05,Wheat,Mumbai,2300
2024-08-06,Wheat,Mumbai,2308
2024-08-07,Wheat,Mumbai,2328
2024-08-08,Wheat,Mumbai,2322
2024-08-09,Wheat,Mumbai,2344
2024-08-10,Wheat,Mumbai,2345
2024-08-11,Wheat,Mumbai,2333
2024-08-12,Wheat,Mumbai,2334
2024-08-13,Wheat,Mumbai,2333
2024-08-14,Wheat,Mumbai,2316
2024-08-15,Wheat,Mumbai,2310
2024-08-16,Wheat,Mumbai,2301
2024-08-17,Wheat,Mumbai,2286
2024-08-18,Wheat,Mumbai,2271
2024-08-19,Wheat,Mumbai,2292
2024-08-20,Wheat,Mumbai,2283
2024-08-21,Wheat,Mumbai,2281
2024-08-22,Wheat,Mumbai,2295
2024-08-23,Wheat,Mumbai,2293
2024-08-24,Wheat,Mumbai,2282
2024-08-25,Wheat,Mumbai,2307
2024-08-26,Wheat,Mumbai,2321
2024-08-27,Wheat,Mumbai,2330
2024-08-28,Wheat,Mumbai,2331
2024-08-29,Wheat,Mumbai,2332
2024-08-30,Wheat,Mumbai,2349
2024-08-31,Wheat,Mumbai,2348
2024-09-01,Wheat,Mumbai,2336
2024-09-02,Wheat,Mumbai,2332
2024-09-03,Wheat,Mumbai,2317
2024-09-04,Wheat,Mumbai,2302
2024-09-05,Wheat,Mumbai,2325
2024-09-06,Wheat,Mumbai,2321
2024-09-07,Wheat,Mumbai,2345
2024-09-08,Wheat,Mumbai,2361
2024-09-09,Wheat,Mumbai,2370
2024-09-10,Wheat,Mumbai,2361
2024-09-11,Wheat,Mumbai,2361
2024-09-12,Wheat,Mumbai,2352
2024-09-13,Wheat,Mumbai,2376
2024-09-14,Wheat,Mumbai,2373
2024-09-15,Wheat,Mumbai,2385
2024-09-16,Wheat,Mumbai,2383
2024-09-17,Wheat,Mumbai,2378
2024-09-18,Wheat,Mumbai,2385
2024-09-19,Wheat,Mumbai,2399
2024-09-20,Wheat,Mumbai,2416
2024-09-21,Wheat,Mumbai,2428
2024-09-22,Wheat,Mumbai,2431
2024-09-23,Wheat,Mumbai,2450
2024-09-24,Wheat,Mumbai,2439
2024-09-25,Wheat,Mumbai,2462
2024-09-26,Wheat,Mumbai,2486
2024-09-27,Wheat,Mumbai,2494
2024-09-28,Wheat,Mumbai,2486
2024-09-29,Wheat,Mumbai,2484
2024-09-30,Wheat,Mumbai,2480
2024-10-01,Wheat,Mumbai,2504
2024-10-02,Wheat,Mumbai,2501
2024-10-03,Wheat,Mumbai,2494
2024-10-04,Wheat,Mumbai,2518
2024-10-05,Wheat,Mumbai,2525
2024-10-06,Wheat,Mumbai,2520
2024-10-07,Wheat,Mumbai,2537
2024-10-08,Wheat,Mumbai,2555
2024-10-09,Wheat,Mumbai,2562
2024-10-10,Wheat,Mumbai,2566
2024-10-11,Wheat,Mumbai,2576
2024-10-12,Wheat,Mumbai,2561
2024-10-13,Wheat,Mumbai,2574
2024-10-14,Wheat,Mumbai,2575
2024-10-15,Wheat,Mumbai,2555
2024-10-16,Wheat,Mumbai,2563
2024-10-17,Wheat,Mumbai,2562
2024-10-18,Wheat,Mumbai,2543
2024-10-19,Wheat,Mumbai,2528
2024-10-20,Wheat,Mumbai,2546
2024-10-21,Wheat,Mumbai,2527
2024-10-22,Wheat,Mumbai,2523
2024-10-23,Wheat,Mumbai,2517
2024-10-24,Wheat,Mumbai,2527
2024-10-25,Wheat,Mumbai,2538
2024-10-26,Wheat,Mumbai,2532
2024-10-27,Wheat,Mumbai,2555
2024-10-28,Wheat,Mumbai,2556
2024-10-29,Wheat,Mumbai,2578
2024-10-30,Wheat,Mumbai,2587
2024-10-31,Wheat,Mumbai,2600
2024-11-01,Wheat,Mumbai,2625
2024-11-02,Wheat,Mumbai,2646
2024-11-03,Wheat,Mumbai,2671
2024-11-04,Wheat,Mumbai,2687
2024-11-05,Wheat,Mumbai,2707
2024-11-06,Wheat,Mumbai,2705
2024-11-07,Wheat,Mumbai,2696
2024-11-08,Wheat,Mumbai,2717
2024-11-09,Wheat,Mumbai,2733
2024-11-10,Wheat,Mumbai,2728
2024-11-11,Wheat,Mumbai,2723
2024-11-12,Wheat,Mumbai,2705
2024-11-13,Wheat,Mumbai,2691
2024-11-14,Wheat,Mumbai,2684
2024-11-15,Wheat,Mumbai,2705
2024-11-16,Wheat,Mumbai,2725
2024-11-17,Wheat,Mumbai,2721
2024-11-18,Wheat,Mumbai,2712
2024-11-19,Wheat,Mumbai,2693
2024-11-20,Wheat,Mumbai,2710
2024-11-21,Wheat,Mumbai,2703
2024-11-22,Wheat,Mumbai,2694
2024-11-23,Wheat,Mumbai,2679
2024-11-24,Wheat,Mumbai,2660
2024-11-25,Wheat,Mumbai,2672
2024-11-26,Wheat,Mumbai,2676
2024-11-27,Wheat,Mumbai,2672
2024-11-28,Wheat,Mumbai,2674
2024-11-29,Wheat,Mumbai,2686
2024-11-30,Wheat,Mumbai,2689
2024-12-01,Wheat,Mumbai,2702
2024-12-02,Wheat,Mumbai,2715
2024-12-03,Wheat,Mumbai,2706
2024-12-04,Wheat,Mumbai,2696
2024-12-05,Wheat,Mumbai,2703
2024-12-06,Wheat,Mumbai,2725
2024-12-07,Wheat,Mumbai,2719
2024-12-08,Wheat,Mumbai,2708
2024-12-09,Wheat,Mumbai,2694
2024-12-10,Wheat,Mumbai,2709
2024-12-11,Wheat,Mumbai,2711
2024-12-12,Wheat,Mumbai,2724
2024-12-13,Wheat,Mumbai,2718
2024-12-14,Wheat,Mumbai,2707
2024-12-15,Wheat,Mumbai,2724
2024-12-16,Wheat,Mumbai,2730
2024-12-17,Wheat,Mumbai,2730
2024-12-18,Wheat,Mumbai,2714
2024-12-19,Wheat,Mumbai,2726
2024-12-20,Wheat,Mumbai,2746
2024-12-21,Wheat,Mumbai,2754
2024-12-22,Wheat,Mumbai,2767
2024-12-23,Wheat,Mumbai,2766
2024-12-24,Wheat,Mumbai,2784
2024-12-25,Wheat,Mumbai,2784
2024-12-26,Wheat,Mumbai,2776
2024-12-27,Wheat,Mumbai,2760
2024-12-28,Wheat,Mumbai,2781
2024-12-29,Wheat,Mumbai,2779
2024-12-30,Wheat,Mumbai,2770
2024-12-31,Wheat,Mumbai,2780
2025-01-01,Wheat,Mumbai,2788
2025-01-02,Wheat,Mumbai,2791
2025-01-03,Wheat,Mumbai,2809
2025-01-04,Wheat,Mumbai,2819
2025-01-05,Wheat,Mumbai,2804
2025-01-06,Wheat,Mumbai,2807
2025-01-07,Wheat,Mumbai,2820
2025-01-08,Wheat,Mumbai,2829
2025-01-09,Wheat,Mumbai,2843
2025-01-10,Wheat,Mumbai,2834
2025-01-11,Wheat,Mumbai,2819
2025-01-12,Wheat,Mumbai,2800
2025-01-13,Wheat,Mumbai,2810
2025-01-14,Wheat,Mumbai,2790
2025-01-15,Wheat,Mumbai,2807
2025-01-16,Wheat,Mumbai,2830
2025-01-17,Wheat,Mumbai,2813
2025-01-18,Wheat,Mumbai,2836
2025-01-19,Wheat,Mumbai,2861
2025-01-20,Wheat,Mumbai,2850
2025-01-21,Wheat,Mumbai,2869
2025-01-22,Wheat,Mumbai,2873
2025-01-23,Wheat,Mumbai,2898
2025-01-24,Wheat,Mumbai,2878
2025-01-25,Wheat,Mumbai,2895
2025-01-26,Wheat,Mumbai,2892
2025-01-27,Wheat,Mumbai,2907
2025-01-28,Wheat,Mumbai,2914
2025-01-29,Wheat,Mumbai,2920
2025-01-30,Wheat,Mumbai,2938
2025-01-31,Wheat,Mumbai,2919
2025-02-01,Wheat,Mumbai,2902
2025-02-02,Wheat,Mumbai,2898
2025-02-03,Wheat,Mumbai,2890
2025-02-04,Wheat,Mumbai,2914
2025-02-05,Wheat,Mumbai,2926
2025-02-06,Wheat,Mumbai,2912
2025-02-07,Wheat,Mumbai,2934
2025-02-08,Wheat,Mumbai,2957
2025-02-09,Wheat,Mumbai,2957
2025-02-10,Wheat,Mumbai,2979
2025-02-11,Wheat,Mumbai,2993
2025-02-12,Wheat,Mumbai,2984
2025-02-13,Wheat,Mumbai,2985
2025-02-14,Wheat,Mumbai,2974
2025-02-15,Wheat,Mumbai,2960
2025-02-16,Wheat,Mumbai,2945
2025-02-17,Wheat,Mumbai,2963
2025-02-18,Wheat,Mumbai,2973
2025-02-19,Wheat,Mumbai,2962
2025-02-20,Wheat,Mumbai,2942
2025-02-21,Wheat,Mumbai,2959
2025-02-22,Wheat,Mumbai,2960
2025-02-23,Wheat,Mumbai,2943
2025-02-24,Wheat,Mumbai,2941
2025-02-25,Wheat,Mumbai,2928
2025-02-26,Wheat,Mumbai,2949
2025-02-27,Wheat,Mumbai,2944
2025-02-28,Wheat,Mumbai,2969
2025-03-01,Wheat,Mumbai,2966
2025-03-02,Wheat,Mumbai,2987
2025-03-03,Wheat,Mumbai,3006
2025-03-04,Wheat,Mumbai,2987
2025-03-05,Wheat,Mumbai,2984
2025-03-06,Wheat,Mumbai,2972
2025-03-07,Wheat,Mumbai,2958
2025-03-08,Wheat,Mumbai,2970
2025-03-09,Wheat,Mumbai,2963
2025-03-10,Wheat,Mumbai,2983
2025-03-11,Wheat,Mumbai,2980
2025-03-12,Wheat,Mumbai,2987
2025-03-13,Wheat,Mumbai,2975
2025-03-14,Wheat,Mumbai,2981
2025-03-15,Wheat,Mumbai,2972
2025-03-16,Wheat,Mumbai,2977
2025-03-17,Wheat,Mumbai,2991
2025-03-18,Wheat,Mumbai,3014
2025-03-19,Wheat,Mumbai,2994
2025-03-20,Wheat,Mumbai,3008
2025-03-21,Wheat,Mumbai,2994
2025-03-22,Wheat,Mumbai,2984
2025-03-23,Wheat,Mumbai,3004
2025-03-24,Wheat,Mumbai,3010
2025-03-25,Wheat,Mumbai,3026
2025-03-26,Wheat,Mumbai,3022
2025-03-27,Wheat,Mumbai,3012
2025-03-28,Wheat,Mumbai,3005
2025-03-29,Wheat,Mumbai,3007
2025-03-30,Wheat,Mumbai,3000
2025-03-31,Wheat,Mumbai,3012
2025-04-01,Wheat,Mumbai,3011
2025-04-02,Wheat,Mumbai,3014
2025-04-03,Wheat,Mumbai,3000
2025-04-04,Wheat,Mumbai,2985
2025-04-05,Wheat,Mumbai,2997
2025-04-06,Wheat,Mumbai,2992
2025-04-07,Wheat,Mumbai,3009
2025-04-08,Wheat,Mumbai,2993
2025-04-09,Wheat,Mumbai,2989
2025-04-10,Wheat,Mumbai,3000
2025-04-11,Wheat,Mumbai,3008
2025-04-12,Wheat,Mumbai,3010
2025-04-13,Wheat,Mumbai,3004
2025-04-14,Wheat,Mumbai,3018
2025-04-15,Wheat,Mumbai,3004
2025-04-16,Wheat,Mumbai,3001
2025-04-17,Wheat,Mumbai,2987
2025-04-18,Wheat,Mumbai,2984
2025-04-19,Wheat,Mumbai,3002
2025-04-20,Wheat,Mumbai,2986
2025-04-21,Wheat,Mumbai,2977
2025-04-22,Wheat,Mumbai,2997
2025-04-23,Wheat,Mumbai,3005
2025-04-24,Wheat,Mumbai,3012
2025-04-25,Wheat,Mumbai,3014
2025-04-26,Wheat,Mumbai,3020
2025-04-27,Wheat,Mumbai,3000
2025-04-28,Wheat,Mumbai,3006
2025-04-29,Wheat,Mumbai,2997
2025-04-30,Wheat,Mumbai,3008
2025-05-01,Wheat,Mumbai,3003
2025-05-02,Wheat,Mumbai,3007
2025-05-03,Wheat,Mumbai,3017
2025-05-04,Wheat,Mumbai,3029
2025-05-05,Wheat,Mumbai,3053
2025-05-06,Wheat,Mumbai,3035
2025-05-07,Wheat,Mumbai,3054
2025-05-08,Wheat,Mumbai,3057
2025-05-09,Wheat,Mumbai,3073
2025-05-10,Wheat,Mumbai,3086
2025-05-11,Wheat,Mumbai,3077
2025-05-12,Wheat,Mumbai,3095
2025-05-13,Wheat,Mumbai,3107
2025-05-14,Wheat,Mumbai,3104
2025-05-15,Wheat,Mumbai,3107
2025-05-16,Wheat,Mumbai,3116
2025-05-17,Wheat,Mumbai,3125
2025-05-18,Wheat,Mumbai,3119
2025-05-19,Wheat,Mumbai,3100
2025-05-20,Wheat,Mumbai,3122
2025-05-21,Wheat,Mumbai,3107
2025-05-22,Wheat,Mumbai,3100
2025-05-23,Wheat,Mumbai,3082
2025-05-24,Wheat,Mumbai,3075
2025-05-25,Wheat,Mumbai,3082
2025-05-26,Wheat,Mumbai,3076
2025-05-27,Wheat,Mumbai,3073
2025-05-28,Wheat,Mumbai,3077
2025-05-29,Wheat,Mumbai,3058
2025-05-30,Wheat,Mumbai,3081
2025-05-31,Wheat,Mumbai,3080
2025-06-01,Wheat,Mumbai,3097
2025-06-02,Wheat,Mumbai,3107
2025-06-03,Wheat,Mumbai,3123
2025-06-04,Wheat,Mumbai,3125
2025-06-05,Wheat,Mumbai,3148
2025-06-06,Wheat,Mumbai,3141
2025-06-07,Wheat,Mumbai,3159
2025-06-08,Wheat,Mumbai,3180
2025-06-09,Wheat,Mumbai,3198
2025-06-10,Wheat,Mumbai,3205
2025-06-11,Wheat,Mumbai,3226
2025-06-12,Wheat,Mumbai,3230
2025-06-13,Wheat,Mumbai,3218
2025-06-14,Wheat,Mumbai,3222
2025-06-15,Wheat,Mumbai,3210
2025-06-16,Wheat,Mumbai,3208
2025-06-17,Wheat,Mumbai,3194
2025-06-18,Wheat,Mumbai,3188
2025-06-19,Wheat,Mumbai,3192
2025-06-20,Wheat,Mumbai,3210
2025-06-21,Wheat,Mumbai,3190
2025-06-22,Wheat,Mumbai,3215
2025-06-23,Wheat,Mumbai,3209
2025-06-24,Wheat,Mumbai,3218
2025-06-25,Wheat,Mumbai,3199
2025-06-26,Wheat,Mumbai,3179
2025-06-27,Wheat,Mumbai,3175
2025-06-28,Wheat,Mumbai,3174
2025-06-29,Wheat,Mumbai,3169
2025-06-30,Wheat,Mumbai,3157
2025-07-01,Wheat,Mumbai,3180
2025-07-02,Wheat,Mumbai,3160
2025-07-03,Wheat,Mumbai,3156
2025-07-04,Wheat,Mumbai,3172
2025-07-05,Wheat,Mumbai,3195
2025-07-06,Wheat,Mumbai,3202
2025-07-07,Wheat,Mumbai,3213
2025-07-08,Wheat,Mumbai,3211
2025-07-09,Wheat,Mumbai,3213
2025-07-10,Wheat,Mumbai,3214
2025-07-11,Wheat,Mumbai,3194
2025-07-12,Wheat,Mumbai,3181
2025-07-13,Wheat,Mumbai,3175
2025-07-14,Wheat,Mumbai,3176
2025-07-15,Wheat,Mumbai,3200
2025-07-16,Wheat,Mumbai,3205
2025-07-17,Wheat,Mumbai,3213
2025-07-18,Wheat,Mumbai,3237
2025-07-19,Wheat,Mumbai,3234
2025-07-20,Wheat,Mumbai,3217
2025-07-21,Wheat,Mumbai,3210
2025-07-22,Wheat,Mumbai,3205
2025-07-23,Wheat,Mumbai,3221
2025-07-24,Wheat,Mumbai,3237
2025-07-25,Wheat,Mumbai,3259
2025-07-26,Wheat,Mumbai,3249
2025-07-27,Wheat,Mumbai,3236
2025-07-28,Wheat,Mumbai,3260
2025-07-29,Wheat,Mumbai,3261
2025-07-30,Wheat,Mumbai,3251
2025-07-31,Wheat,Mumbai,3270
2025-08-01,Wheat,Mumbai,3251
2025-08-02,Wheat,Mumbai,3246
2025-08-03,Wheat,Mumbai,3254
2025-08-04,Wheat,Mumbai,3269
2025-08-05,Wheat,Mumbai,3285
2025-08-06,Wheat,Mumbai,3303
2025-08-07,Wheat,Mumbai,3327
2025-08-08,Wheat,Mumbai,3338
2025-08-09,Wheat,Mumbai,3358
2025-08-10,Wheat,Mumbai,3363
2025-08-11,Wheat,Mumbai,3377
2025-08-12,Wheat,Mumbai,3389
2025-08-13,Wheat,Mumbai,3392
2025-08-14,Wheat,Mumbai,3390
2025-08-15,Wheat,Mumbai,3391
2025-08-16,Wheat,Mumbai,3392
2025-08-17,Wheat,Mumbai,3404
2025-08-18,Wheat,Mumbai,3420
2025-08-19,Wheat,Mumbai,3404
2025-08-20,Wheat,Mumbai,3389
2025-08-21,Wheat,Mumbai,3370
2025-08-22,Wheat,Mumbai,3367
2025-08-23,Wheat,Mumbai,3381
2025-08-24,Wheat,Mumbai,3366
2025-08-25,Wheat,Mumbai,3382
2025-08-26,Wheat,Mumbai,3363
2025-08-27,Wheat,Mumbai,3387
2025-08-28,Wheat,Mumbai,3369
2025-08-29,Wheat,Mumbai,3363
2025-08-30,Wheat,Mumbai,3348
2025-08-31,Wheat,Mumbai,3329
2025-09-01,Wheat,Mumbai,3313
2025-09-02,Wheat,Mumbai,3309
2025-09-03,Wheat,Mumbai,3307
2025-09-04,Wheat,Mumbai,3324
2025-09-05,Wheat,Mumbai,3328
2025-09-06,Wheat,Mumbai,3337
2025-09-07,Wheat,Mumbai,3336
2025-09-08,Wheat,Mumbai,3361
2025-09-09,Wheat,Mumbai,3362
2025-09-10,Wheat,Mumbai,3361
2025-09-11,Wheat,Mumbai,3383
2025-09-12,Wheat,Mumbai,3389
2025-09-13,Wheat,Mumbai,3373
2025-09-14,Wheat,Mumbai,3366
2025-09-15,Wheat,Mumbai,3388
2025-09-16,Wheat,Mumbai,3412
2025-09-17,Wheat,Mumbai,3393
2025-09-18,Wheat,Mumbai,3400
2025-09-19,Wheat,Mumbai,3422
2025-09-20,Wheat,Mumbai,3420
2025-09-21,Wheat,Mumbai,3402
2025-09-22,Wheat,Mumbai,3397
2025-09-23,Wheat,Mumbai,3411
2025-09-24,Wheat,Mumbai,3427
2025-09-25,Wheat,Mumbai,3407
2025-09-26,Wheat,Mumbai,3398
2025-09-27,Wheat,Mumbai,3410
2025-09-28,Wheat,Mumbai,3390
2025-09-29,Wheat,Mumbai,3387
2025-09-30,Wheat,Mumbai,3397
2025-10-01,Wheat,Mumbai,3388
2025-10-02,Wheat,Mumbai,3376
2025-10-03,Wheat,Mumbai,3386
2025-10-04,Wheat,Mumbai,3377
2025-10-05,Wheat,Mumbai,3392
2025-10-06,Wheat,Mumbai,3406
2025-10-07,Wheat,Mumbai,3425
2025-10-08,Wheat,Mumbai,3446
2025-10-09,Wheat,Mumbai,3443
2025-10-10,Wheat,Mumbai,3465
2025-10-11,Wheat,Mumbai,3473
2025-10-12,Wheat,Mumbai,3464
2025-10-13,Wheat,Mumbai,3479
2025-10-14,Wheat,Mumbai,3467
2025-10-15,Wheat,Mumbai,3487
2025-10-16,Wheat,Mumbai,3506
2025-10-17,Wheat,Mumbai,3531
2025-10-18,Wheat,Mumbai,3538
2025-10-19,Wheat,Mumbai,3560
2025-10-20,Wheat,Mumbai,3557
2025-10-21,Wheat,Mumbai,3559
2025-10-22,Wheat,Mumbai,3540
2025-10-23,Wheat,Mumbai,3552
2025-10-24,Wheat,Mumbai,3567
2025-10-25,Wheat,Mumbai,3569
2025-10-26,Wheat,Mumbai,3590
2025-10-27,Wheat,Mumbai,3603
2025-10-28,Wheat,Mumbai,3612
2025-10-29,Wheat,Mumbai,3593
2025-10-30,Wheat,Mumbai,3618
2025-10-31,Wheat,Mumbai,3624
2025-11-01,Wheat,Mumbai,3641
2025-11-02,Wheat,Mumbai,3650
2025-11-03,Wheat,Mumbai,3658
2025-11-04,Wheat,Mumbai,3640
2025-11-05,Wheat,Mumbai,3649
2025-11-06,Wheat,Mumbai,3646
2025-11-07,Wheat,Mumbai,3636
2025-11-08,Wheat,Mumbai,3645
2025-11-09,Wheat,Mumbai,3639
2025-11-10,Wheat,Mumbai,3639
2025-11-11,Wheat,Mumbai,3637
2025-11-12,Wheat,Mumbai,3661
2025-11-13,Wheat,Mumbai,3661
2025-11-14,Wheat,Mumbai,3680
2025-11-15,Wheat,Mumbai,3671
2025-11-16,Wheat,Mumbai,3690
2025-11-17,Wheat,Mumbai,3699
2025-11-18,Wheat,Mumbai,3699
2025-11-19,Wheat,Mumbai,3699
2025-11-20,Wheat,Mumbai,3705
2025-11-21,Wheat,Mumbai,3710
2025-11-22,Wheat,Mumbai,3713
2025-11-23,Wheat,Mumbai,3720
2025-11-24,Wheat,Mumbai,3730
2025-11-25,Wheat,Mumbai,3744
2025-11-26,Wheat,Mumbai,3756
2025-11-27,Wheat,Mumbai,3773
2025-11-28,Wheat,Mumbai,3789
2025-11-29,Wheat,Mumbai,3799
2025-11-30,Wheat,Mumbai,3799
2025-12-01,Wheat,Mumbai,3796
2025-12-02,Wheat,Mumbai,3792
2025-12-03,Wheat,Mumbai,3788
2025-12-04,Wheat,Mumbai,3795
2025-12-05,Wheat,Mumbai,3816
2025-12-06,Wheat,Mumbai,3800
2025-12-07,Wheat,Mumbai,3795
2025-12-08,Wheat,Mumbai,3788
2025-12-09,Wheat,Mumbai,3778
2025-12-10,Wheat,Mumbai,3767
2025-12-11,Wheat,Mumbai,3791
2025-12-12,Wheat,Mumbai,3805
2025-12-13,Wheat,Mumbai,3791
2025-12-14,Wheat,Mumbai,3789
2025-12-15,Wheat,Mumbai,3813
2025-12-16,Wheat,Mumbai,3835
2025-12-17,Wheat,Mumbai,3832
2025-12-18,Wheat,Mumbai,3852
2025-12-19,Wheat,Mumbai,3833
2025-12-20,Wheat,Mumbai,3851
2025-12-21,Wheat,Mumbai,3853
2025-12-22,Wheat,Mumbai,3848
2025-12-23,Wheat,Mumbai,3833
2025-12-24,Wheat,Mumbai,3815
2025-12-25,Wheat,Mumbai,3814
2025-12-26,Wheat,Mumbai,3836
2025-12-27,Wheat,Mumbai,3854
2025-12-28,Wheat,Mumbai,3841
2025-12-29,Wheat,Mumbai,3840
2025-12-30,Wheat,Mumbai,3861
2025-12-31,Wheat,Mumbai,3867
2024-01-01,Wheat,Nagpur,1654
2024-01-02,Wheat,Nagpur,1665
2024-01-03,Wheat,Nagpur,1646
2024-01-04,Wheat,Nagpur,1649
2024-01-05,Wheat,Nagpur,1668
2024-01-06,Wheat,Nagpur,1653
2024-01-07,Wheat,Nagpur,1669
2024-01-08,Wheat,Nagpur,1672
2024-01-09,Wheat,Nagpur,1667
2024-01-10,Wheat,Nagpur,1647
2024-01-11,Wheat,Nagpur,1640
2024-01-12,Wheat,Nagpur,1628
2024-01-13,Wheat,Nagpur,1642
2024-01-14,Wheat,Nagpur,1656
2024-01-15,Wheat,Nagpur,1661
2024-01-16,Wheat,Nagpur,1664
2024-01-17,Wheat,Nagpur,1668
2024-01-18,Wheat,Nagpur,1670
2024-01-19,Wheat,Nagpur,1677
2024-01-20,Wheat,Nagpur,1682
2024-01-21,Wheat,Nagpur,1669
2024-01-22,Wheat,Nagpur,1674
2024-01-23,Wheat,Nagpur,1698
2024-01-24,Wheat,Nagpur,1686
2024-01-25,Wheat,Nagpur,1703
2024-01-26,Wheat,Nagpur,1706
2024-01-27,Wheat,Nagpur,1687
2024-01-28,Wheat,Nagpur,1699
2024-01-29,Wheat,Nagpur,1696
2024-01-30,Wheat,Nagpur,1676
2024-01-31,Wheat,Nagpur,1686
2024-02-01,Wheat,Nagpur,1666
2024-02-02,Wheat,Nagpur,1666
2024-02-03,Wheat,Nagpur,1688
2024-02-04,Wheat,Nagpur,1672
2024-02-05,Wheat,Nagpur,1694
2024-02-06,Wheat,Nagpur,1693
2024-02-07,Wheat,Nagpur,1697
2024-02-08,Wheat,Nagpur,1709
2024-02-09,Wheat,Nagpur,1725
2024-02-10,Wheat,Nagpur,1743
2024-02-11,Wheat,Nagpur,1761
2024-02-12,Wheat,Nagpur,1743
2024-02-13,Wheat,Nagpur,1735
2024-02-14,Wheat,Nagpur,1729
2024-02-15,Wheat,Nagpur,1741
2024-02-16,Wheat,Nagpur,1723
2024-02-17,Wheat,Nagpur,1725
2024-02-18,Wheat,Nagpur,1738
2024-02-19,Wheat,Nagpur,1743
2024-02-20,Wheat,Nagpur,1732
2024-02-21,Wheat,Nagpur,1714
2024-02-22,Wheat,Nagpur,1721
2024-02-23,Wheat,Nagpur,1714
2024-02-24,Wheat,Nagpur,1704
2024-02-25,Wheat,Nagpur,1723
2024-02-26,Wheat,Nagpur,1707
2024-02-27,Wheat,Nagpur,1711
2024-02-28,Wheat,Nagpur,1710
2024-02-29,Wheat,Nagpur,1734
2024-03-01,Wheat,Nagpur,1719
2024-03-02,Wheat,Nagpur,1703
2024-03-03,Wheat,Nagpur,1701
2024-03-04,Wheat,Nagpur,1685
2024-03-05,Wheat,Nagpur,1680
2024-03-06,Wheat,Nagpur,1695
2024-03-07,Wheat,Nagpur,1707
2024-03-08,Wheat,Nagpur,1710
2024-03-09,Wheat,Nagpur,1690
2024-03-10,Wheat,Nagpur,1693
2024-03-11,Wheat,Nagpur,1708
2024-03-12,Wheat,Nagpur,1701
2024-03-13,Wheat,Nagpur,1681
2024-03-14,Wheat,Nagpur,1684
2024-03-15,Wheat,Nagpur,1689
2024-03-16,Wheat,Nagpur,1691
2024-03-17,Wheat,Nagpur,1702
2024-03-18,Wheat,Nagpur,1722
2024-03-19,Wheat,Nagpur,1703
2024-03-20,Wheat,Nagpur,1705
2024-03-21,Wheat,Nagpur,1686
2024-03-22,Wheat,Nagpur,1706
2024-03-23,Wheat,Nagpur,1712
2024-03-24,Wheat,Nagpur,1722
2024-03-25,Wheat,Nagpur,1709
2024-03-26,Wheat,Nagpur,1702
2024-03-27,Wheat,Nagpur,1705
2024-03-28,Wheat,Nagpur,1690
2024-03-29,Wheat,Nagpur,1701
2024-03-30,Wheat,Nagpur,1694
2024-03-31,Wheat,Nagpur,1687
2024-04-01,Wheat,Nagpur,1683
2024-04-02,Wheat,Nagpur,1664
2024-04-03,Wheat,Nagpur,1684
2024-04-04,Wheat,Nagpur,1701
2024-04-05,Wheat,Nagpur,1713
2024-04-06,Wheat,Nagpur,1726
2024-04-07,Wheat,Nagpur,1706
2024-04-08,Wheat,Nagpur,1692
2024-04-09,Wheat,Nagpur,1711
2024-04-10,Wheat,Nagpur,1701
2024-04-11,Wheat,Nagpur,1723
2024-04-12,Wheat,Nagpur,1722
2024-04-13,Wheat,Nagpur,1703
2024-04-14,Wheat,Nagpur,1723
2024-04-15,Wheat,Nagpur,1730
2024-04-16,Wheat,Nagpur,1742
2024-04-17,Wheat,Nagpur,1743
2024-04-18,Wheat,Nagpur,1727
2024-04-19,Wheat,Nagpur,1718
2024-04-20,Wheat,Nagpur,1714
2024-04-21,Wheat,Nagpur,1715
2024-04-22,Wheat,Nagpur,1717
2024-04-23,Wheat,Nagpur,1723
2024-04-24,Wheat,Nagpur,1714
2024-04-25,Wheat,Nagpur,1732
2024-04-26,Wheat,Nagpur,1734
2024-04-27,Wheat,Nagpur,1723
2024-04-28,Wheat,Nagpur,1723
2024-04-29,Wheat,Nagpur,1735
2024-04-30,Wheat,Nagpur,1733
2024-05-01,Wheat,Nagpur,1719
2024-05-02,Wheat,Nagpur,1702
2024-05-03,Wheat,Nagpur,1691
2024-05-04,Wheat,Nagpur,1698
2024-05-05,Wheat,Nagpur,1703
2024-05-06,Wheat,Nagpur,1701
2024-05-07,Wheat,Nagpur,1685
2024-05-08,Wheat,Nagpur,1706
2024-05-09,Wheat,Nagpur,1710
2024-05-10,Wheat,Nagpur,1697
2024-05-11,Wheat,Nagpur,1709
2024-05-12,Wheat,Nagpur,1720
2024-05-13,Wheat,Nagpur,1706
2024-05-14,Wheat,Nagpur,1706
2024-05-15,Wheat,Nagpur,1715
2024-05-16,Wheat,Nagpur,1736
2024-05-17,Wheat,Nagpur,1728
2024-05-18,Wheat,Nagpur,1710
2024-05-19,Wheat,Nagpur,1729
2024-05-20,Wheat,Nagpur,1724
2024-05-21,Wheat,Nagpur,1745
2024-05-22,Wheat,Nagpur,1764
2024-05-23,Wheat,Nagpur,1763
2024-05-24,Wheat,Nagpur,1776
2024-05-25,Wheat,Nagpur,1784
2024-05-26,Wheat,Nagpur,1767
2024-05-27,Wheat,Nagpur,1778
2024-05-28,Wheat,Nagpur,1799
2024-05-29,Wheat,Nagpur,1818
2024-05-30,Wheat,Nagpur,1819
2024-05-31,Wheat,Nagpur,1809
2024-06-01,Wheat,Nagpur,1805
2024-06-02,Wheat,Nagpur,1829
2024-06-03,Wheat,Nagpur,1814
2024-06-04,Wheat,Nagpur,1814
2024-06-05,Wheat,Nagpur,1834
2024-06-06,Wheat,Nagpur,1850
2024-06-07,Wheat,Nagpur,1863
2024-06-08,Wheat,Nagpur,1850
2024-06-09,Wheat,Nagpur,1874
2024-06-10,Wheat,Nagpur,1881
2024-06-11,Wheat,Nagpur,1863
2024-06-12,Wheat,Nagpur,1844
2024-06-13,Wheat,Nagpur,1833
2024-06-14,Wheat,Nagpur,1832
2024-06-15,Wheat,Nagpur,1814
2024-06-16,Wheat,Nagpur,1829
2024-06-17,Wheat,Nagpur,1816
2024-06-18,Wheat,Nagpur,1834
2024-06-19,Wheat,Nagpur,1817
2024-06-20,Wheat,Nagpur,1826
2024-06-21,Wheat,Nagpur,1823
2024-06-22,Wheat,Nagpur,1803
2024-06-23,Wheat,Nagpur,1793
2024-06-24,Wheat,Nagpur,1794
2024-06-25,Wheat,Nagpur,1784
2024-06-26,Wheat,Nagpur,1784
2024-06-27,Wheat,Nagpur,1795
2024-06-28,Wheat,Nagpur,1814
2024-06-29,Wheat,Nagpur,1836
2024-06-30,Wheat,Nagpur,1824
2024-07-01,Wheat,Nagpur,1838
2024-07-02,Wheat,Nagpur,1818
2024-07-03,Wheat,Nagpur,1832
2024-07-04,Wheat,Nagpur,1841
2024-07-05,Wheat,Nagpur,1829
2024-07-06,Wheat,Nagpur,1837
2024-07-07,Wheat,Nagpur,1838
2024-07-08,Wheat,Nagpur,1846
2024-07-09,Wheat,Nagpur,1837
2024-07-10,Wheat,Nagpur,1861
2024-07-11,Wheat,Nagpur,1848
2024-07-12,Wheat,Nagpur,1855
2024-07-13,Wheat,Nagpur,1858
2024-07-14,Wheat,Nagpur,1861
2024-07-15,Wheat,Nagpur,1871
2024-07-16,Wheat,Nagpur,1883
2024-07-17,Wheat,Nagpur,1880
2024-07-18,Wheat,Nagpur,1868
2024-07-19,Wheat,Nagpur,1888
2024-07-20,Wheat,Nagpur,1889
2024-07-21,Wheat,Nagpur,1907
2024-07-22,Wheat,Nagpur,1915
2024-07-23,Wheat,Nagpur,1901
2024-07-24,Wheat,Nagpur,1903
2024-07-25,Wheat,Nagpur,1922
2024-07-26,Wheat,Nagpur,1941
2024-07-27,Wheat,Nagpur,1951
2024-07-28,Wheat,Nagpur,1946
2024-07-29,Wheat,Nagpur,1961
2024-07-30,Wheat,Nagpur,1966
2024-07-31,Wheat,Nagpur,1969
2024-08-01,Wheat,Nagpur,1973
2024-08-02,Wheat,Nagpur,1964
2024-08-03,Wheat,Nagpur,1969
2024-08-04,Wheat,Nagpur,1980
2024-08-05,Wheat,Nagpur,1974
2024-08-06,Wheat,Nagpur,1956
2024-08-07,Wheat,Nagpur,1949
2024-08-08,Wheat,Nagpur,1968
2024-08-09,Wheat,Nagpur,1966
2024-08-10,Wheat,Nagpur,1988
2024-08-11,Wheat,Nagpur,1985
2024-08-12,Wheat,Nagpur,2010
2024-08-13,Wheat,Nagpur,1994
2024-08-14,Wheat,Nagpur,1976
2024-08-15,Wheat,Nagpur,1977
2024-08-16,Wheat,Nagpur,2002
2024-08-17,Wheat,Nagpur,2020
2024-08-18,Wheat,Nagpur,2027
2024-08-19,Wheat,Nagpur,2018
2024-08-20,Wheat,Nagpur,2007
2024-08-21,Wheat,Nagpur,2032
2024-08-22,Wheat,Nagpur,2039
2024-08-23,Wheat,Nagpur,2031
2024-08-24,Wheat,Nagpur,2018
2024-08-25,Wheat,Nagpur,2041
2024-08-26,Wheat,Nagpur,2030
2024-08-27,Wheat,Nagpur,2014
2024-08-28,Wheat,Nagpur,1995
2024-08-29,Wheat,Nagpur,1996
2024-08-30,Wheat,Nagpur,1992
2024-08-31,Wheat,Nagpur,1991
2024-09-01,Wheat,Nagpur,2009
2024-09-02,Wheat,Nagpur,2007
2024-09-03,Wheat,Nagpur,2018
2024-09-04,Wheat,Nagpur,2010
2024-09-05,Wheat,Nagpur,1991
2024-09-06,Wheat,Nagpur,1990
2024-09-07,Wheat,Nagpur,1983
2024-09-08,Wheat,Nagpur,1974
2024-09-09,Wheat,Nagpur,1960
2024-09-10,Wheat,Nagpur,1952
2024-09-11,Wheat,Nagpur,1940
2024-09-12,Wheat,Nagpur,1965
2024-09-13,Wheat,Nagpur,1990
2024-09-14,Wheat,Nagpur,2006
2024-09-15,Wheat,Nagpur,2016
2024-09-16,Wheat,Nagpur,2006
2024-09-17,Wheat,Nagpur,2007
2024-09-18,Wheat,Nagpur,2027
2024-09-19,Wheat,Nagpur,2014
2024-09-20,Wheat,Nagpur,2011
2024-09-21,Wheat,Nagpur,1995
2024-09-22,Wheat,Nagpur,2016
2024-09-23,Wheat,Nagpur,1997
2024-09-24,Wheat,Nagpur,2000
2024-09-25,Wheat,Nagpur,1988
2024-09-26,Wheat,Nagpur,1976
2024-09-27,Wheat,Nagpur,1995
2024-09-28,Wheat,Nagpur,1983
2024-09-29,Wheat,Nagpur,1980
2024-09-30,Wheat,Nagpur,1984
2024-10-01,Wheat,Nagpur,1976
2024-10-02,Wheat,Nagpur,1987
2024-10-03,Wheat,Nagpur,2005
2024-10-04,Wheat,Nagpur,1989
2024-10-05,Wheat,Nagpur,1984
2024-10-06,Wheat,Nagpur,1997
2024-10-07,Wheat,Nagpur,2010
2024-10-08,Wheat,Nagpur,2003
2024-10-09,Wheat,Nagpur,2023
2024-10-10,Wheat,Nagpur,2045
2024-10-11,Wheat,Nagpur,2065
2024-10-12,Wheat,Nagpur,2085
2024-10-13,Wheat,Nagpur,2106
2024-10-14,Wheat,Nagpur,2090
2024-10-15,Wheat,Nagpur,2107
2024-10-16,Wheat,Nagpur,2096
2024-10-17,Wheat,Nagpur,2093
2024-10-18,Wheat,Nagpur,2103
2024-10-19,Wheat,Nagpur,2117
2024-10-20,Wheat,Nagpur,2133
2024-10-21,Wheat,Nagpur,2128
2024-10-22,Wheat,Nagpur,2141
2024-10-23,Wheat,Nagpur,2157
2024-10-24,Wheat,Nagpur,2152
2024-10-25,Wheat,Nagpur,2155
2024-10-26,Wheat,Nagpur,2176
2024-10-27,Wheat,Nagpur,2161
2024-10-28,Wheat,Nagpur,2180
2024-10-29,Wheat,Nagpur,2193
2024-10-30,Wheat,Nagpur,2194
2024-10-31,Wheat,Nagpur,2204
2024-11-01,Wheat,Nagpur,2204
2024-11-02,Wheat,Nagpur,2191
2024-11-03,Wheat,Nagpur,2197
2024-11-04,Wheat,Nagpur,2191
2024-11-05,Wheat,Nagpur,2189
2024-11-06,Wheat,Nagpur,2197
2024-11-07,Wheat,Nagpur,2209
2024-11-08,Wheat,Nagpur,2233
2024-11-09,Wheat,Nagpur,2223
2024-11-10,Wheat,Nagpur,2232
2024-11-11,Wheat,Nagpur,2242
2024-11-12,Wheat,Nagpur,2262
2024-11-13,Wheat,Nagpur,2249
2024-11-14,Wheat,Nagpur,2235
2024-11-15,Wheat,Nagpur,2229
2024-11-16,Wheat,Nagpur,2233
2024-11-17,Wheat,Nagpur,2239
2024-11-18,Wheat,Nagpur,2257
2024-11-19,Wheat,Nagpur,2274
2024-11-20,Wheat,Nagpur,2271
2024-11-21,Wheat,Nagpur,2279
2024-11-22,Wheat,Nagpur,2278
2024-11-23,Wheat,Nagpur,2271
2024-11-24,Wheat,Nagpur,2282
2024-11-25,Wheat,Nagpur,2284
2024-11-26,Wheat,Nagpur,2286
2024-11-27,Wheat,Nagpur,2306
2024-11-28,Wheat,Nagpur,2323
2024-11-29,Wheat,Nagpur,2347
2024-11-30,Wheat,Nagpur,2364
2024-12-01,Wheat,Nagpur,2386
2024-12-02,Wheat,Nagpur,2390
2024-12-03,Wheat,Nagpur,2399
2024-12-04,Wheat,Nagpur,2419
2024-12-05,Wheat,Nagpur,2438
2024-12-06,Wheat,Nagpur,2456
2024-12-07,Wheat,Nagpur,2469
2024-12-08,Wheat,Nagpur,2469
2024-12-09,Wheat,Nagpur,2472
2024-12-10,Wheat,Nagpur,2468
2024-12-11,Wheat,Nagpur,2467
2024-12-12,Wheat,Nagpur,2455
2024-12-13,Wheat,Nagpur,2461
2024-12-14,Wheat,Nagpur,2465
2024-12-15,Wheat,Nagpur,2459
2024-12-16,Wheat,Nagpur,2456
2024-12-17,Wheat,Nagpur,2457
2024-12-18,Wheat,Nagpur,2444
2024-12-19,Wheat,Nagpur,2433
2024-12-20,Wheat,Nagpur,2446
2024-12-21,Wheat,Nagpur,2437
2024-12-22,Wheat,Nagpur,2437
2024-12-23,Wheat,Nagpur,2460
2024-12-24,Wheat,Nagpur,2485
2024-12-25,Wheat,Nagpur,2497
2024-12-26,Wheat,Nagpur,2480
2024-12-27,Wheat,Nagpur,2487
2024-12-28,Wheat,Nagpur,2501
2024-12-29,Wheat,Nagpur,2485
2024-12-30,Wheat,Nagpur,2485
2024-12-31,Wheat,Nagpur,2497
2025-01-01,Wheat,Nagpur,2486
2025-01-02,Wheat,Nagpur,2500
2025-01-03,Wheat,Nagpur,2485
2025-01-04,Wheat,Nagpur,2501
2025-01-05,Wheat,Nagpur,2506
2025-01-06,Wheat,Nagpur,2515
2025-01-07,Wheat,Nagpur,2515
2025-01-08,Wheat,Nagpur,2526
2025-01-09,Wheat,Nagpur,2507
2025-01-10,Wheat,Nagpur,2518
2025-01-11,Wheat,Nagpur,2501
2025-01-12,Wheat,Nagpur,2496
2025-01-13,Wheat,Nagpur,2502
2025-01-14,Wheat,Nagpur,2510
2025-01-15,Wheat,Nagpur,2507
2025-01-16,Wheat,Nagpur,2517
2025-01-17,Wheat,Nagpur,2537
2025-01-18,Wheat,Nagpur,2555
2025-01-19,Wheat,Nagpur,2575
2025-01-20,Wheat,Nagpur,2594
2025-01-21,Wheat,Nagpur,2608
2025-01-22,Wheat,Nagpur,2633
2025-01-23,Wheat,Nagpur,2642
2025-01-24,Wheat,Nagpur,2624
2025-01-25,Wheat,Nagpur,2605
2025-01-26,Wheat,Nagpur,2625
2025-01-27,Wheat,Nagpur,2624
2025-01-28,Wheat,Nagpur,2644
2025-01-29,Wheat,Nagpur,2669
2025-01-30,Wheat,Nagpur,2659
2025-01-31,Wheat,Nagpur,2669
2025-02-01,Wheat,Nagpur,2652
2025-02-02,Wheat,Nagpur,2643
2025-02-03,Wheat,Nagpur,2646
2025-02-04,Wheat,Nagpur,2665
2025-02-05,Wheat,Nagpur,2658
2025-02-06,Wheat,Nagpur,2673
2025-02-07,Wheat,Nagpur,2669
2025-02-08,Wheat,Nagpur,2673
2025-02-09,Wheat,Nagpur,2667
2025-02-10,Wheat,Nagpur,2682
2025-02-11,Wheat,Nagpur,2690
2025-02-12,Wheat,Nagpur,2706
2025-02-13,Wheat,Nagpur,2708
2025-02-14,Wheat,Nagpur,2706
2025-02-15,Wheat,Nagpur,2688
2025-02-16,Wheat,Nagpur,2674
2025-02-17,Wheat,Nagpur,2684
2025-02-18,Wheat,Nagpur,2695
2025-02-19,Wheat,Nagpur,2683
2025-02-20,Wheat,Nagpur,2688
2025-02-21,Wheat,Nagpur,2690
2025-02-22,Wheat,Nagpur,2710
2025-02-23,Wheat,Nagpur,2721
2025-02-24,Wheat,Nagpur,2746
2025-02-25,Wheat,Nagpur,2768
2025-02-26,Wheat,Nagpur,2786
2025-02-27,Wheat,Nagpur,2769
2025-02-28,Wheat,Nagpur,2770
2025-03-01,Wheat,Nagpur,2750
2025-03-02,Wheat,Nagpur,2738
2025-03-03,Wheat,Nagpur,2721
2025-03-04,Wheat,Nagpur,2715
2025-03-05,Wheat,Nagpur,2735
2025-03-06,Wheat,Nagpur,2748
2025-03-07,Wheat,Nagpur,2758
2025-03-08,Wheat,Nagpur,2760
2025-03-09,Wheat,Nagpur,2754
2025-03-10,Wheat,Nagpur,2738
2025-03-11,Wheat,Nagpur,2741
2025-03-12,Wheat,Nagpur,2728
2025-03-13,Wheat,Nagpur,2727
2025-03-14,Wheat,Nagpur,2738
2025-03-15,Wheat,Nagpur,2745
2025-03-16,Wheat,Nagpur,2762
2025-03-17,Wheat,Nagpur,2774
2025-03-18,Wheat,Nagpur,2767
2025-03-19,Wheat,Nagpur,2753
2025-03-20,Wheat,Nagpur,2744
2025-03-21,Wheat,Nagpur,2746
2025-03-22,Wheat,Nagpur,2769
2025-03-23,Wheat,Nagpur,2787
2025-03-24,Wheat,Nagpur,2778
2025-03-25,Wheat,Nagpur,2778
2025-03-26,Wheat,Nagpur,2794
2025-03-27,Wheat,Nagpur,2809
2025-03-28,Wheat,Nagpur,2820
2025-03-29,Wheat,Nagpur,2823
2025-03-30,Wheat,Nagpur,2842
2025-03-31,Wheat,Nagpur,2854
2025-04-01,Wheat,Nagpur,2835
2025-04-02,Wheat,Nagpur,2837
2025-04-03,Wheat,Nagpur,2846
2025-04-04,Wheat,Nagpur,2863
2025-04-05,Wheat,Nagpur,2877
2025-04-06,Wheat,Nagpur,2887
2025-04-07,Wheat,Nagpur,2869
2025-04-08,Wheat,Nagpur,2885
2025-04-09,Wheat,Nagpur,2876
2025-04-10,Wheat,Nagpur,2895
2025-04-11,Wheat,Nagpur,2912
2025-04-12,Wheat,Nagpur,2931
2025-04-13,Wheat,Nagpur,2917
2025-04-14,Wheat,Nagpur,2924
2025-04-15,Wheat,Nagpur,2909
2025-04-16,Wheat,Nagpur,2891
2025-04-17,Wheat,Nagpur,2888
2025-04-18,Wheat,Nagpur,2884
2025-04-19,Wheat,Nagpur,2878
2025-04-20,Wheat,Nagpur,2903
2025-04-21,Wheat,Nagpur,2919
2025-04-22,Wheat,Nagpur,2929
2025-04-23,Wheat,Nagpur,2950
2025-04-24,Wheat,Nagpur,2950
2025-04-25,Wheat,Nagpur,2960
2025-04-26,Wheat,Nagpur,2962
2025-04-27,Wheat,Nagpur,2986
2025-04-28,Wheat,Nagpur,2979
2025-04-29,Wheat,Nagpur,2985
2025-04-30,Wheat,Nagpur,2983
2025-05-01,Wheat,Nagpur,2998
2025-05-02,Wheat,Nagpur,3014
2025-05-03,Wheat,Nagpur,2999
2025-05-04,Wheat,Nagpur,3015
2025-05-05,Wheat,Nagpur,3038
2025-05-06,Wheat,Nagpur,3061
2025-05-07,Wheat,Nagpur,3069
2025-05-08,Wheat,Nagpur,3052
2025-05-09,Wheat,Nagpur,3041
2025-05-10,Wheat,Nagpur,3026
2025-05-11,Wheat,Nagpur,3032
2025-05-12,Wheat,Nagpur,3031
2025-05-13,Wheat,Nagpur,3035
2025-05-14,Wheat,Nagpur,3036
2025-05-15,Wheat,Nagpur,3061
2025-05-16,Wheat,Nagpur,3084
2025-05-17,Wheat,Nagpur,3093
2025-05-18,Wheat,Nagpur,3101
2025-05-19,Wheat,Nagpur,3083
2025-05-20,Wheat,Nagpur,3107
2025-05-21,Wheat,Nagpur,3095
2025-05-22,Wheat,Nagpur,3099
2025-05-23,Wheat,Nagpur,3117
2025-05-24,Wheat,Nagpur,3128
2025-05-25,Wheat,Nagpur,3114
2025-05-26,Wheat,Nagpur,3108
2025-05-27,Wheat,Nagpur,3109
2025-05-28,Wheat,Nagpur,3108
2025-05-29,Wheat,Nagpur,3102
2025-05-30,Wheat,Nagpur,3117
2025-05-31,Wheat,Nagpur,3140
2025-06-01,Wheat,Nagpur,3142
2025-06-02,Wheat,Nagpur,3161
2025-06-03,Wheat,Nagpur,3178
2025-06-04,Wheat,Nagpur,3165
2025-06-05,Wheat,Nagpur,3166
2025-06-06,Wheat,Nagpur,3171
2025-06-07,Wheat,Nagpur,3181
2025-06-08,Wheat,Nagpur,3195
2025-06-09,Wheat,Nagpur,3215
2025-06-10,Wheat,Nagpur,3196
2025-06-11,Wheat,Nagpur,3187
2025-06-12,Wheat,Nagpur,3207
2025-06-13,Wheat,Nagpur,3225
2025-06-14,Wheat,Nagpur,3207
2025-06-15,Wheat,Nagpur,3229
2025-06-16,Wheat,Nagpur,3252
2025-06-17,Wheat,Nagpur,3254
2025-06-18,Wheat,Nagpur,3236
2025-06-19,Wheat,Nagpur,3261
2025-06-20,Wheat,Nagpur,3248
2025-06-21,Wheat,Nagpur,3241
2025-06-22,Wheat,Nagpur,3238
2025-06-23,Wheat,Nagpur,3231
2025-06-24,Wheat,Nagpur,3216
2025-06-25,Wheat,Nagpur,3200
2025-06-26,Wheat,Nagpur,3222
2025-06-27,Wheat,Nagpur,3240
2025-06-28,Wheat,Nagpur,3264
2025-06-29,Wheat,Nagpur,3281
2025-06-30,Wheat,Nagpur,3296
2025-07-01,Wheat,Nagpur,3299
2025-07-02,Wheat,Nagpur,3290
2025-07-03,Wheat,Nagpur,3310
2025-07-04,Wheat,Nagpur,3321
2025-07-05,Wheat,Nagpur,3314
2025-07-06,Wheat,Nagpur,3300
2025-07-07,Wheat,Nagpur,3287
2025-07-08,Wheat,Nagpur,3312
2025-07-09,Wheat,Nagpur,3337
2025-07-10,Wheat,Nagpur,3331
2025-07-11,Wheat,Nagpur,3330
2025-07-12,Wheat,Nagpur,3345
2025-07-13,Wheat,Nagpur,3356
2025-07-14,Wheat,Nagpur,3380
2025-07-15,Wheat,Nagpur,3400
2025-07-16,Wheat,Nagpur,3380
2025-07-17,Wheat,Nagpur,3363
2025-07-18,Wheat,Nagpur,3358
2025-07-19,Wheat,Nagpur,3379
2025-07-20,Wheat,Nagpur,3380
2025-07-21,Wheat,Nagpur,3399
2025-07-22,Wheat,Nagpur,3414
2025-07-23,Wheat,Nagpur,3425
2025-07-24,Wheat,Nagpur,3446
2025-07-25,Wheat,Nagpur,3457
2025-07-26,Wheat,Nagpur,3464
2025-07-27,Wheat,Nagpur,3461
2025-07-28,Wheat,Nagpur,3450
2025-07-29,Wheat,Nagpur,3466
2025-07-30,Wheat,Nagpur,3473
2025-07-31,Wheat,Nagpur,3461
2025-08-01,Wheat,Nagpur,3444
2025-08-02,Wheat,Nagpur,3460
2025-08-03,Wheat,Nagpur,3473
2025-08-04,Wheat,Nagpur,3481
2025-08-05,Wheat,Nagpur,3501
2025-08-06,Wheat,Nagpur,3489
2025-08-07,Wheat,Nagpur,3512
2025-08-08,Wheat,Nagpur,3519
2025-08-09,Wheat,Nagpur,3516
2025-08-10,Wheat,Nagpur,3530
2025-08-11,Wheat,Nagpur,3554
2025-08-12,Wheat,Nagpur,3577
2025-08-13,Wheat,Nagpur,3563
2025-08-14,Wheat,Nagpur,3568
2025-08-15,Wheat,Nagpur,3572
2025-08-16,Wheat,Nagpur,3566
2025-08-17,Wheat,Nagpur,3583
2025-08-18,Wheat,Nagpur,3586
2025-08-19,Wheat,Nagpur,3610
2025-08-20,Wheat,Nagpur,3595
2025-08-21,Wheat,Nagpur,3606
2025-08-22,Wheat,Nagpur,3619
2025-08-23,Wheat,Nagpur,3605
2025-08-24,Wheat,Nagpur,3601
2025-08-25,Wheat,Nagpur,3591
2025-08-26,Wheat,Nagpur,3593
2025-08-27,Wheat,Nagpur,3611
2025-08-28,Wheat,Nagpur,3622
2025-08-29,Wheat,Nagpur,3640
2025-08-30,Wheat,Nagpur,3665
2025-08-31,Wheat,Nagpur,3652
2025-09-01,Wheat,Nagpur,3654
2025-09-02,Wheat,Nagpur,3676
2025-09-03,Wheat,Nagpur,3692
2025-09-04,Wheat,Nagpur,3692
2025-09-05,Wheat,Nagpur,3683
2025-09-06,Wheat,Nagpur,3679
2025-09-07,Wheat,Nagpur,3677
2025-09-08,Wheat,Nagpur,3677
2025-09-09,Wheat,Nagpur,3687
2025-09-10,Wheat,Nagpur,3673
2025-09-11,Wheat,Nagpur,3674
2025-09-12,Wheat,Nagpur,3659
2025-09-13,Wheat,Nagpur,3643
2025-09-14,Wheat,Nagpur,3644
2025-09-15,Wheat,Nagpur,3666
2025-09-16,Wheat,Nagpur,3655
2025-09-17,Wheat,Nagpur,3640
2025-09-18,Wheat,Nagpur,3620
2025-09-19,Wheat,Nagpur,3645
2025-09-20,Wheat,Nagpur,3649
2025-09-21,Wheat,Nagpur,3654
2025-09-22,Wheat,Nagpur,3652
2025-09-23,Wheat,Nagpur,3648
2025-09-24,Wheat,Nagpur,3635
2025-09-25,Wheat,Nagpur,3654
2025-09-26,Wheat,Nagpur,3635
2025-09-27,Wheat,Nagpur,3648
2025-09-28,Wheat,Nagpur,3661
2025-09-29,Wheat,Nagpur,3674
2025-09-30,Wheat,Nagpur,3685
2025-10-01,Wheat,Nagpur,3668
2025-10-02,Wheat,Nagpur,3657
2025-10-03,Wheat,Nagpur,3640
2025-10-04,Wheat,Nagpur,3633
2025-10-05,Wheat,Nagpur,3640
2025-10-06,Wheat,Nagpur,3626
2025-10-07,Wheat,Nagpur,3646
2025-10-08,Wheat,Nagpur,3648
2025-10-09,Wheat,Nagpur,3650
2025-10-10,Wheat,Nagpur,3673
2025-10-11,Wheat,Nagpur,3675
2025-10-12,Wheat,Nagpur,3675
2025-10-13,Wheat,Nagpur,3670
2025-10-14,Wheat,Nagpur,3661
2025-10-15,Wheat,Nagpur,3656
2025-10-16,Wheat,Nagpur,3656
2025-10-17,Wheat,Nagpur,3648
2025-10-18,Wheat,Nagpur,3629
2025-10-19,Wheat,Nagpur,3648
2025-10-20,Wheat,Nagpur,3639
2025-10-21,Wheat,Nagpur,3658
2025-10-22,Wheat,Nagpur,3656
2025-10-23,Wheat,Nagpur,3647
2025-10-24,Wheat,Nagpur,3653
2025-10-25,Wheat,Nagpur,3661
2025-10-26,Wheat,Nagpur,3662
2025-10-27,Wheat,Nagpur,3671
2025-10-28,Wheat,Nagpur,3671
2025-10-29,Wheat,Nagpur,3684
2025-10-30,Wheat,Nagpur,3664
2025-10-31,Wheat,Nagpur,3653
2025-11-01,Wheat,Nagpur,3647
2025-11-02,Wheat,Nagpur,3671
2025-11-03,Wheat,Nagpur,3681
2025-11-04,Wheat,Nagpur,3700
2025-11-05,Wheat,Nagpur,3688
2025-11-06,Wheat,Nagpur,3691
2025-11-07,Wheat,Nagpur,3704
2025-11-08,Wheat,Nagpur,3695
2025-11-09,Wheat,Nagpur,3676
2025-11-10,Wheat,Nagpur,3658
2025-11-11,Wheat,Nagpur,3641
2025-11-12,Wheat,Nagpur,3627
2025-11-13,Wheat,Nagpur,3621
2025-11-14,Wheat,Nagpur,3639
2025-11-15,Wheat,Nagpur,3632
2025-11-16,Wheat,Nagpur,3636
2025-11-17,Wheat,Nagpur,3637
2025-11-18,Wheat,Nagpur,3657
2025-11-19,Wheat,Nagpur,3655
2025-11-20,Wheat,Nagpur,3666
2025-11-21,Wheat,Nagpur,3685
2025-11-22,Wheat,Nagpur,3685
2025-11-23,Wheat,Nagpur,3707
2025-11-24,Wheat,Nagpur,3724
2025-11-25,Wheat,Nagpur,3724
2025-11-26,Wheat,Nagpur,3724
2025-11-27,Wheat,Nagpur,3743
2025-11-28,Wheat,Nagpur,3727
2025-11-29,Wheat,Nagpur,3726
2025-11-30,Wheat,Nagpur,3717
2025-12-01,Wheat,Nagpur,3732
2025-12-02,Wheat,Nagpur,3751
2025-12-03,Wheat,Nagpur,3756
2025-12-04,Wheat,Nagpur,3781
2025-12-05,Wheat,Nagpur,3778
2025-12-06,Wheat,Nagpur,3759
2025-12-07,Wheat,Nagpur,3768
2025-12-08,Wheat,Nagpur,3760
2025-12-09,Wheat,Nagpur,3746
2025-12-10,Wheat,Nagpur,3729
2025-12-11,Wheat,Nagpur,3744
2025-12-12,Wheat,Nagpur,3758
2025-12-13,Wheat,Nagpur,3746
2025-12-14,Wheat,Nagpur,3748
2025-12-15,Wheat,Nagpur,3766
2025-12-16,Wheat,Nagpur,3757
2025-12-17,Wheat,Nagpur,3780
2025-12-18,Wheat,Nagpur,3776
2025-12-19,Wheat,Nagpur,3774
2025-12-20,Wheat,Nagpur,3799
2025-12-21,Wheat,Nagpur,3798
2025-12-22,Wheat,Nagpur,3795
2025-12-23,Wheat,Nagpur,3793
2025-12-24,Wheat,Nagpur,3810
2025-12-25,Wheat,Nagpur,3811
2025-12-26,Wheat,Nagpur,3791
2025-12-27,Wheat,Nagpur,3775
2025-12-28,Wheat,Nagpur,3795
2025-12-29,Wheat,Nagpur,3820
2025-12-30,Wheat,Nagpur,3820
2025-12-31,Wheat,Nagpur,3822
2024-01-01,Wheat,Indore,1648
2024-01-02,Wheat,Indore,1646
2024-01-03,Wheat,Indore,1633
2024-01-04,Wheat,Indore,1656
2024-01-05,Wheat,Indore,1666
2024-01-06,Wheat,Indore,1672
2024-01-07,Wheat,Indore,1665
2024-01-08,Wheat,Indore,1666
2024-01-09,Wheat,Indore,1674
2024-01-10,Wheat,Indore,1692
2024-01-11,Wheat,Indore,1681
2024-01-12,Wheat,Indore,1673
2024-01-13,Wheat,Indore,1670
2024-01-14,Wheat,Indore,1668
2024-01-15,Wheat,Indore,1691
2024-01-16,Wheat,Indore,1686
2024-01-17,Wheat,Indore,1673
2024-01-18,Wheat,Indore,1697
2024-01-19,Wheat,Indore,1706
2024-01-20,Wheat,Indore,1687
2024-01-21,Wheat,Indore,1703
2024-01-22,Wheat,Indore,1712
2024-01-23,Wheat,Indore,1700
2024-01-24,Wheat,Indore,1682
2024-01-25,Wheat,Indore,1678
2024-01-26,Wheat,Indore,1693
2024-01-27,Wheat,Indore,1681
2024-01-28,Wheat,Indore,1690
2024-01-29,Wheat,Indore,1697
2024-01-30,Wheat,Indore,1693
2024-01-31,Wheat,Indore,1702
2024-02-01,Wheat,Indore,1709
2024-02-02,Wheat,Indore,1725
2024-02-03,Wheat,Indore,1727
2024-02-04,Wheat,Indore,1723
2024-02-05,Wheat,Indore,1707
2024-02-06,Wheat,Indore,1722
2024-02-07,Wheat,Indore,1727
2024-02-08,Wheat,Indore,1718
2024-02-09,Wheat,Indore,1698
2024-02-10,Wheat,Indore,1695
2024-02-11,Wheat,Indore,1690
2024-02-12,Wheat,Indore,1701
2024-02-13,Wheat,Indore,1689
2024-02-14,Wheat,Indore,1676
2024-02-15,Wheat,Indore,1697
2024-02-16,Wheat,Indore,1698
2024-02-17,Wheat,Indore,1699
2024-02-18,Wheat,Indore,1711
2024-02-19,Wheat,Indore,1710
2024-02-20,Wheat,Indore,1710
2024-02-21,Wheat,Indore,1718
2024-02-22,Wheat,Indore,1722
2024-02-23,Wheat,Indore,1710
2024-02-24,Wheat,Indore,1734
2024-02-25,Wheat,Indore,1736
2024-02-26,Wheat,Indore,1736
2024-02-27,Wheat,Indore,1761
2024-02-28,Wheat,Indore,1780
2024-02-29,Wheat,Indore,1777
2024-03-01,Wheat,Indore,1782
2024-03-02,Wheat,Indore,1780
2024-03-03,Wheat,Indore,1791
2024-03-04,Wheat,Indore,1810
2024-03-05,Wheat,Indore,1811
2024-03-06,Wheat,Indore,1816
2024-03-07,Wheat,Indore,1834
2024-03-08,Wheat,Indore,1820
2024-03-09,Wheat,Indore,1806
2024-03-10,Wheat,Indore,1823
2024-03-11,Wheat,Indore,1827
2024-03-12,Wheat,Indore,1808
2024-03-13,Wheat,Indore,1798
2024-03-14,Wheat,Indore,1806
2024-03-15,Wheat,Indore,1807
2024-03-16,Wheat,Indore,1793
2024-03-17,Wheat,Indore,1778
2024-03-18,Wheat,Indore,1778
2024-03-19,Wheat,Indore,1758
2024-03-20,Wheat,Indore,1779
2024-03-21,Wheat,Indore,1776
2024-03-22,Wheat,Indore,1778
2024-03-23,Wheat,Indore,1765
2024-03-24,Wheat,Indore,1763
2024-03-25,Wheat,Indore,1786
2024-03-26,Wheat,Indore,1809
2024-03-27,Wheat,Indore,1817
2024-03-28,Wheat,Indore,1806
2024-03-29,Wheat,Indore,1792
2024-03-30,Wheat,Indore,1814
2024-03-31,Wheat,Indore,1827
2024-04-01,Wheat,Indore,1848
2024-04-02,Wheat,Indore,1849
2024-04-03,Wheat,Indore,1832
2024-04-04,Wheat,Indore,1812
2024-04-05,Wheat,Indore,1821
2024-04-06,Wheat,Indore,1837
2024-04-07,Wheat,Indore,1852
2024-04-08,Wheat,Indore,1859
2024-04-09,Wheat,Indore,1844
2024-04-10,Wheat,Indore,1865
2024-04-11,Wheat,Indore,1862
2024-04-12,Wheat,Indore,1856
2024-04-13,Wheat,Indore,1850
2024-04-14,Wheat,Indore,1871
2024-04-15,Wheat,Indore,1887
2024-04-16,Wheat,Indore,1908
2024-04-17,Wheat,Indore,1920
2024-04-18,Wheat,Indore,1917
2024-04-19,Wheat,Indore,1929
2024-04-20,Wheat,Indore,1938
2024-04-21,Wheat,Indore,1940
2024-04-22,Wheat,Indore,1945
2024-04-23,Wheat,Indore,1950
2024-04-24,Wheat,Indore,1971
2024-04-25,Wheat,Indore,1959
2024-04-26,Wheat,Indore,1956
2024-04-27,Wheat,Indore,1977
2024-04-28,Wheat,Indore,1981
2024-04-29,Wheat,Indore,1963
2024-04-30,Wheat,Indore,1971
2024-05-01,Wheat,Indore,1959
2024-05-02,Wheat,Indore,1978
2024-05-03,Wheat,Indore,1961
2024-05-04,Wheat,Indore,1967
2024-05-05,Wheat,Indore,1985
2024-05-06,Wheat,Indore,1966
2024-05-07,Wheat,Indore,1958
2024-05-08,Wheat,Indore,1976
2024-05-09,Wheat,Indore,1976
2024-05-10,Wheat,Indore,1956
2024-05-11,Wheat,Indore,1947
2024-05-12,Wheat,Indore,1950
2024-05-13,Wheat,Indore,1944
2024-05-14,Wheat,Indore,1944
2024-05-15,Wheat,Indore,1942
2024-05-16,Wheat,Indore,1949
2024-05-17,Wheat,Indore,1951
2024-05-18,Wheat,Indore,1976
2024-05-19,Wheat,Indore,1958
2024-05-20,Wheat,Indore,1950
2024-05-21,Wheat,Indore,1968
2024-05-22,Wheat,Indore,1974
2024-05-23,Wheat,Indore,1959
2024-05-24,Wheat,Indore,1965
2024-05-25,Wheat,Indore,1961
2024-05-26,Wheat,Indore,1951
2024-05-27,Wheat,Indore,1958
2024-05-28,Wheat,Indore,1940
2024-05-29,Wheat,Indore,1934
2024-05-30,Wheat,Indore,1945
2024-05-31,Wheat,Indore,1938
2024-06-01,Wheat,Indore,1950
2024-06-02,Wheat,Indore,1934
2024-06-03,Wheat,Indore,1917
2024-06-04,Wheat,Indore,1914
2024-06-05,Wheat,Indore,1899
2024-06-06,Wheat,Indore,1902
2024-06-07,Wheat,Indore,1927
2024-06-08,Wheat,Indore,1928
2024-06-09,Wheat,Indore,1925
2024-06-10,Wheat,Indore,1933
2024-06-11,Wheat,Indore,1924
2024-06-12,Wheat,Indore,1905
2024-06-13,Wheat,Indore,1928
2024-06-14,Wheat,Indore,1950
2024-06-15,Wheat,Indore,1964
2024-06-16,Wheat,Indore,1968
2024-06-17,Wheat,Indore,1973
2024-06-18,Wheat,Indore,1964
2024-06-19,Wheat,Indore,1956
2024-06-20,Wheat,Indore,1974
2024-06-21,Wheat,Indore,1954
2024-06-22,Wheat,Indore,1975
2024-06-23,Wheat,Indore,1991
2024-06-24,Wheat,Indore,1992
2024-06-25,Wheat,Indore,2000
2024-06-26,Wheat,Indore,2010
2024-06-27,Wheat,Indore,1992
2024-06-28,Wheat,Indore,2004
2024-06-29,Wheat,Indore,2016
2024-06-30,Wheat,Indore,2029
2024-07-01,Wheat,Indore,2033
2024-07-02,Wheat,Indore,2019
2024-07-03,Wheat,Indore,2024
2024-07-04,Wheat,Indore,2043
2024-07-05,Wheat,Indore,2026
2024-07-06,Wheat,Indore,2007
2024-07-07,Wheat,Indore,2018
2024-07-08,Wheat,Indore,2010
2024-07-09,Wheat,Indore,2022
2024-07-10,Wheat,Indore,2019
2024-07-11,Wheat,Indore,2017
2024-07-12,Wheat,Indore,1997
2024-07-13,Wheat,Indore,2014
2024-07-14,Wheat,Indore,2024
2024-07-15,Wheat,Indore,2020
2024-07-16,Wheat,Indore,2012
2024-07-17,Wheat,Indore,2008
2024-07-18,Wheat,Indore,2014
2024-07-19,Wheat,Indore,2036
2024-07-20,Wheat,Indore,2034
2024-07-21,Wheat,Indore,2024
2024-07-22,Wheat,Indore,2040
2024-07-23,Wheat,Indore,2053
2024-07-24,Wheat,Indore,2034
2024-07-25,Wheat,Indore,2038
2024-07-26,Wheat,Indore,2035
2024-07-27,Wheat,Indore,2034
2024-07-28,Wheat,Indore,2021
2024-07-29,Wheat,Indore,2019
2024-07-30,Wheat,Indore,2004
2024-07-31,Wheat,Indore,2006
2024-08-01,Wheat,Indore,2021
2024-08-02,Wheat,Indore,2001
2024-08-03,Wheat,Indore,2025
2024-08-04,Wheat,Indore,2035
2024-08-05,Wheat,Indore,2022
2024-08-06,Wheat,Indore,2010
2024-08-07,Wheat,Indore,2032
2024-08-08,Wheat,Indore,2042
2024-08-09,Wheat,Indore,2066
2024-08-10,Wheat,Indore,2083
2024-08-11,Wheat,Indore,2073
2024-08-12,Wheat,Indore,2086
2024-08-13,Wheat,Indore,2091
2024-08-14,Wheat,Indore,2116
2024-08-15,Wheat,Indore,2117
2024-08-16,Wheat,Indore,2109
2024-08-17,Wheat,Indore,2126
2024-08-18,Wheat,Indore,2138
2024-08-19,Wheat,Indore,2129
2024-08-20,Wheat,Indore,2124
2024-08-21,Wheat,Indore,2116
2024-08-22,Wheat,Indore,2102
2024-08-23,Wheat,Indore,2086
2024-08-24,Wheat,Indore,2098
2024-08-25,Wheat,Indore,2096
2024-08-26,Wheat,Indore,2118
2024-08-27,Wheat,Indore,2142
2024-08-28,Wheat,Indore,2155
2024-08-29,Wheat,Indore,2165
2024-08-30,Wheat,Indore,2186
2024-08-31,Wheat,Indore,2182
2024-09-01,Wheat,Indore,2185
2024-09-02,Wheat,Indore,2172
2024-09-03,Wheat,Indore,2193
2024-09-04,Wheat,Indore,2209
2024-09-05,Wheat,Indore,2230
2024-09-06,Wheat,Indore,2214
2024-09-07,Wheat,Indore,2198
2024-09-08,Wheat,Indore,2205
2024-09-09,Wheat,Indore,2203
2024-09-10,Wheat,Indore,2198
2024-09-11,Wheat,Indore,2207
2024-09-12,Wheat,Indore,2212
2024-09-13,Wheat,Indore,2205
2024-09-14,Wheat,Indore,2189
2024-09-15,Wheat,Indore,2203
2024-09-16,Wheat,Indore,2214
2024-09-17,Wheat,Indore,2227
2024-09-18,Wheat,Indore,2239
2024-09-19,Wheat,Indore,2238
2024-09-20,Wheat,Indore,2239
2024-09-21,Wheat,Indore,2226
2024-09-22,Wheat,Indore,2236
2024-09-23,Wheat,Indore,2251
2024-09-24,Wheat,Indore,2232
2024-09-25,Wheat,Indore,2252
2024-09-26,Wheat,Indore,2275
2024-09-27,Wheat,Indore,2295
2024-09-28,Wheat,Indore,2303
2024-09-29,Wheat,Indore,2302
2024-09-30,Wheat,Indore,2294
2024-10-01,Wheat,Indore,2304
2024-10-02,Wheat,Indore,2300
2024-10-03,Wheat,Indore,2320
2024-10-04,Wheat,Indore,2339
2024-10-05,Wheat,Indore,2353
2024-10-06,Wheat,Indore,2353
2024-10-07,Wheat,Indore,2377
2024-10-08,Wheat,Indore,2364
2024-10-09,Wheat,Indore,2370
2024-10-10,Wheat,Indore,2374
2024-10-11,Wheat,Indore,2382
2024-10-12,Wheat,Indore,2389
2024-10-13,Wheat,Indore,2391
2024-10-14,Wheat,Indore,2392
2024-10-15,Wheat,Indore,2387
2024-10-16,Wheat,Indore,2398
2024-10-17,Wheat,Indore,2379
2024-10-18,Wheat,Indore,2384
2024-10-19,Wheat,Indore,2408
2024-10-20,Wheat,Indore,2403
2024-10-21,Wheat,Indore,2426
2024-10-22,Wheat,Indore,2413
2024-10-23,Wheat,Indore,2396
2024-10-24,Wheat,Indore,2417
2024-10-25,Wheat,Indore,2419
2024-10-26,Wheat,Indore,2401
2024-10-27,Wheat,Indore,2410
2024-10-28,Wheat,Indore,2400
2024-10-29,Wheat,Indore,2382
2024-10-30,Wheat,Indore,2390
2024-10-31,Wheat,Indore,2373
2024-11-01,Wheat,Indore,2378
2024-11-02,Wheat,Indore,2386
2024-11-03,Wheat,Indore,2395
2024-11-04,Wheat,Indore,2379
2024-11-05,Wheat,Indore,2401
2024-11-06,Wheat,Indore,2382
2024-11-07,Wheat,Indore,2395
2024-11-08,Wheat,Indore,2412
2024-11-09,Wheat,Indore,2397
2024-11-10,Wheat,Indore,2379
2024-11-11,Wheat,Indore,2366
2024-11-12,Wheat,Indore,2384
2024-11-13,Wheat,Indore,2386
2024-11-14,Wheat,Indore,2368
2024-11-15,Wheat,Indore,2386
2024-11-16,Wheat,Indore,2386
2024-11-17,Wheat,Indore,2394
2024-11-18,Wheat,Indore,2403
2024-11-19,Wheat,Indore,2400
2024-11-20,Wheat,Indore,2385
2024-11-21,Wheat,Indore,2399
2024-11-22,Wheat,Indore,2416
2024-11-23,Wheat,Indore,2397
2024-11-24,Wheat,Indore,2387
2024-11-25,Wheat,Indore,2401
2024-11-26,Wheat,Indore,2399
2024-11-27,Wheat,Indore,2407
2024-11-28,Wheat,Indore,2387
2024-11-29,Wheat,Indore,2391
2024-11-30,Wheat,Indore,2390
2024-12-01,Wheat,Indore,2407
2024-12-02,Wheat,Indore,2417
2024-12-03,Wheat,Indore,2426
2024-12-04,Wheat,Indore,2422
2024-12-05,Wheat,Indore,2411
2024-12-06,Wheat,Indore,2407
2024-12-07,Wheat,Indore,2418
2024-12-08,Wheat,Indore,2437
2024-12-09,Wheat,Indore,2428
2024-12-10,Wheat,Indore,2445
2024-12-11,Wheat,Indore,2447
2024-12-12,Wheat,Indore,2442
2024-12-13,Wheat,Indore,2428
2024-12-14,Wheat,Indore,2413
2024-12-15,Wheat,Indore,2430
2024-12-16,Wheat,Indore,2435
2024-12-17,Wheat,Indore,2451
2024-12-18,Wheat,Indore,2476
2024-12-19,Wheat,Indore,2456
2024-12-20,Wheat,Indore,2451
2024-12-21,Wheat,Indore,2476
2024-12-22,Wheat,Indore,2478
2024-12-23,Wheat,Indore,2471
2024-12-24,Wheat,Indore,2494
2024-12-25,Wheat,Indore,2479
2024-12-26,Wheat,Indore,2475
2024-12-27,Wheat,Indore,2485
2024-12-28,Wheat,Indore,2472
2024-12-29,Wheat,Indore,2474
2024-12-30,Wheat,Indore,2479
2024-12-31,Wheat,Indore,2495
2025-01-01,Wheat,Indore,2505
2025-01-02,Wheat,Indore,2504
2025-01-03,Wheat,Indore,2520
2025-01-04,Wheat,Indore,2507
2025-01-05,Wheat,Indore,2521
2025-01-06,Wheat,Indore,2501
2025-01-07,Wheat,Indore,2515
2025-01-08,Wheat,Indore,2503
2025-01-09,Wheat,Indore,2521
2025-01-10,Wheat,Indore,2542
2025-01-11,Wheat,Indore,2562
2025-01-12,Wheat,Indore,2546
2025-01-13,Wheat,Indore,2544
2025-01-14,Wheat,Indore,2539
2025-01-15,Wheat,Indore,2561
2025-01-16,Wheat,Indore,2568
2025-01-17,Wheat,Indore,2584
2025-01-18,Wheat,Indore,2603
2025-01-19,Wheat,Indore,2618
2025-01-20,Wheat,Indore,2611
2025-01-21,Wheat,Indore,2619
2025-01-22,Wheat,Indore,2610
2025-01-23,Wheat,Indore,2614
2025-01-24,Wheat,Indore,2601
2025-01-25,Wheat,Indore,2596
2025-01-26,Wheat,Indore,2609
2025-01-27,Wheat,Indore,2612
2025-01-28,Wheat,Indore,2616
2025-01-29,Wheat,Indore,2635
2025-01-30,Wheat,Indore,2636
2025-01-31,Wheat,Indore,2633
2025-02-01,Wheat,Indore,2622
2025-02-02,Wheat,Indore,2642
2025-02-03,Wheat,Indore,2646
2025-02-04,Wheat,Indore,2652
2025-02-05,Wheat,Indore,2633
2025-02-06,Wheat,Indore,2651
2025-02-07,Wheat,Indore,2635
2025-02-08,Wheat,Indore,2633
2025-02-09,Wheat,Indore,2654
2025-02-10,Wheat,Indore,2666
2025-02-11,Wheat,Indore,2649
2025-02-12,Wheat,Indore,2660
2025-02-13,Wheat,Indore,2678
2025-02-14,Wheat,Indore,2698
2025-02-15,Wheat,Indore,2685
2025-02-16,Wheat,Indore,2671
2025-02-17,Wheat,Indore,2690
2025-02-18,Wheat,Indore,2691
2025-02-19,Wheat,Indore,2683
2025-02-20,Wheat,Indore,2707
2025-02-21,Wheat,Indore,2730
2025-02-22,Wheat,Indore,2745
2025-02-23,Wheat,Indore,2761
2025-02-24,Wheat,Indore,2759
2025-02-25,Wheat,Indore,2745
2025-02-26,Wheat,Indore,2768
2025-02-27,Wheat,Indore,2756
2025-02-28,Wheat,Indore,2739
2025-03-01,Wheat,Indore,2746
2025-03-02,Wheat,Indore,2771
2025-03-03,Wheat,Indore,2759
2025-03-04,Wheat,Indore,2750
2025-03-05,Wheat,Indore,2763
2025-03-06,Wheat,Indore,2752
2025-03-07,Wheat,Indore,2777
2025-03-08,Wheat,Indore,2776
2025-03-09,Wheat,Indore,2782
2025-03-10,Wheat,Indore,2777
2025-03-11,Wheat,Indore,2799
2025-03-12,Wheat,Indore,2806
2025-03-13,Wheat,Indore,2823
2025-03-14,Wheat,Indore,2844
2025-03-15,Wheat,Indore,2830
2025-03-16,Wheat,Indore,2830
2025-03-17,Wheat,Indore,2820
2025-03-18,Wheat,Indore,2844
2025-03-19,Wheat,Indore,2857
2025-03-20,Wheat,Indore,2877
2025-03-21,Wheat,Indore,2861
2025-03-22,Wheat,Indore,2865
2025-03-23,Wheat,Indore,2859
2025-03-24,Wheat,Indore,2842
2025-03-25,Wheat,Indore,2838
2025-03-26,Wheat,Indore,2855
2025-03-27,Wheat,Indore,2842
2025-03-28,Wheat,Indore,2865
2025-03-29,Wheat,Indore,2872
2025-03-30,Wheat,Indore,2856
2025-03-31,Wheat,Indore,2845
2025-04-01,Wheat,Indore,2838
2025-04-02,Wheat,Indore,2833
2025-04-03,Wheat,Indore,2836
2025-04-04,Wheat,Indore,2844
2025-04-05,Wheat,Indore,2862
2025-04-06,Wheat,Indore,2876
2025-04-07,Wheat,Indore,2894
2025-04-08,Wheat,Indore,2877
2025-04-09,Wheat,Indore,2871
2025-04-10,Wheat,Indore,2868
2025-04-11,Wheat,Indore,2862
2025-04-12,Wheat,Indore,2873
2025-04-13,Wheat,Indore,2869
2025-04-14,Wheat,Indore,2852
2025-04-15,Wheat,Indore,2864
2025-04-16,Wheat,Indore,2878
2025-04-17,Wheat,Indore,2893
2025-04-18,Wheat,Indore,2908
2025-04-19,Wheat,Indore,2899
2025-04-20,Wheat,Indore,2887
2025-04-21,Wheat,Indore,2898
2025-04-22,Wheat,Indore,2889
2025-04-23,Wheat,Indore,2892
2025-04-24,Wheat,Indore,2886
2025-04-25,Wheat,Indore,2892
2025-04-26,Wheat,Indore,2913
2025-04-27,Wheat,Indore,2914
2025-04-28,Wheat,Indore,2912
2025-04-29,Wheat,Indore,2915
2025-04-30,Wheat,Indore,2916
2025-05-01,Wheat,Indore,2910
2025-05-02,Wheat,Indore,2920
2025-05-03,Wheat,Indore,2943
2025-05-04,Wheat,Indore,2963
2025-05-05,Wheat,Indore,2959
2025-05-06,Wheat,Indore,2983
2025-05-07,Wheat,Indore,2987
2025-05-08,Wheat,Indore,3003
2025-05-09,Wheat,Indore,3020
2025-05-10,Wheat,Indore,3045
2025-05-11,Wheat,Indore,3055
2025-05-12,Wheat,Indore,3071
2025-05-13,Wheat,Indore,3055
2025-05-14,Wheat,Indore,3063
2025-05-15,Wheat,Indore,3070
2025-05-16,Wheat,Indore,3080
2025-05-17,Wheat,Indore,3084
2025-05-18,Wheat,Indore,3104
2025-05-19,Wheat,Indore,3091
2025-05-20,Wheat,Indore,3113
2025-05-21,Wheat,Indore,3130
2025-05-22,Wheat,Indore,3138
2025-05-23,Wheat,Indore,3141
2025-05-24,Wheat,Indore,3131
2025-05-25,Wheat,Indore,3129
2025-05-26,Wheat,Indore,3151
2025-05-27,Wheat,Indore,3163
2025-05-28,Wheat,Indore,3171
2025-05-29,Wheat,Indore,3178
2025-05-30,Wheat,Indore,3187
2025-05-31,Wheat,Indore,3198
2025-06-01,Wheat,Indore,3197
2025-06-02,Wheat,Indore,3219
2025-06-03,Wheat,Indore,3205
2025-06-04,Wheat,Indore,3210
2025-06-05,Wheat,Indore,3224
2025-06-06,Wheat,Indore,3207
2025-06-07,Wheat,Indore,3188
2025-06-08,Wheat,Indore,3181
2025-06-09,Wheat,Indore,3195
2025-06-10,Wheat,Indore,3212
2025-06-11,Wheat,Indore,3208
2025-06-12,Wheat,Indore,3232
2025-06-13,Wheat,Indore,3257
2025-06-14,Wheat,Indore,3281
2025-06-15,Wheat,Indore,3267
2025-06-16,Wheat,Indore,3270
2025-06-17,Wheat,Indore,3272
2025-06-18,Wheat,Indore,3255
2025-06-19,Wheat,Indore,3238
2025-06-20,Wheat,Indore,3238
2025-06-21,Wheat,Indore,3255
2025-06-22,Wheat,Indore,3261
2025-06-23,Wheat,Indore,3272
2025-06-24,Wheat,Indore,3261
2025-06-25,Wheat,Indore,3242
2025-06-26,Wheat,Indore,3231
2025-06-27,Wheat,Indore,3242
2025-06-28,Wheat,Indore,3256
2025-06-29,Wheat,Indore,3237
2025-06-30,Wheat,Indore,3218
2025-07-01,Wheat,Indore,3237
2025-07-02,Wheat,Indore,3256
2025-07-03,Wheat,Indore,3254
2025-07-04,Wheat,Indore,3272
2025-07-05,Wheat,Indore,3260
2025-07-06,Wheat,Indore,3240
2025-07-07,Wheat,Indore,3234
2025-07-08,Wheat,Indore,3247
2025-07-09,Wheat,Indore,3251
2025-07-10,Wheat,Indore,3272
2025-07-11,Wheat,Indore,3253
2025-07-12,Wheat,Indore,3260
2025-07-13,Wheat,Indore,3276
2025-07-14,Wheat,Indore,3286
2025-07-15,Wheat,Indore,3276
2025-07-16,Wheat,Indore,3289
2025-07-17,Wheat,Indore,3301
2025-07-18,Wheat,Indore,3320
2025-07-19,Wheat,Indore,3326
2025-07-20,Wheat,Indore,3309
2025-07-21,Wheat,Indore,3300
2025-07-22,Wheat,Indore,3282
2025-07-23,Wheat,Indore,3280
2025-07-24,Wheat,Indore,3280
2025-07-25,Wheat,Indore,3287
2025-07-26,Wheat,Indore,3296
2025-07-27,Wheat,Indore,3306
2025-07-28,Wheat,Indore,3315
2025-07-29,Wheat,Indore,3311
2025-07-30,Wheat,Indore,3291
2025-07-31,Wheat,Indore,3272
2025-08-01,Wheat,Indore,3277
2025-08-02,Wheat,Indore,3271
2025-08-03,Wheat,Indore,3272
2025-08-04,Wheat,Indore,3280
2025-08-05,Wheat,Indore,3299
2025-08-06,Wheat,Indore,3314
2025-08-07,Wheat,Indore,3304
2025-08-08,Wheat,Indore,3318
2025-08-09,Wheat,Indore,3320
2025-08-10,Wheat,Indore,3314
2025-08-11,Wheat,Indore,3323
2025-08-12,Wheat,Indore,3322
2025-08-13,Wheat,Indore,3302
2025-08-14,Wheat,Indore,3303
2025-08-15,Wheat,Indore,3309
2025-08-16,Wheat,Indore,3296
2025-08-17,Wheat,Indore,3285
2025-08-18,Wheat,Indore,3268
2025-08-19,Wheat,Indore,3264
2025-08-20,Wheat,Indore,3278
2025-08-21,Wheat,Indore,3279
2025-08-22,Wheat,Indore,3284
2025-08-23,Wheat,Indore,3293
2025-08-24,Wheat,Indore,3278
2025-08-25,Wheat,Indore,3268
2025-08-26,Wheat,Indore,3260
2025-08-27,Wheat,Indore,3272
2025-08-28,Wheat,Indore,3255
2025-08-29,Wheat,Indore,3259
2025-08-30,Wheat,Indore,3254
2025-08-31,Wheat,Indore,3243
2025-09-01,Wheat,Indore,3241
2025-09-02,Wheat,Indore,3242
2025-09-03,Wheat,Indore,3255
2025-09-04,Wheat,Indore,3244
2025-09-05,Wheat,Indore,3247
2025-09-06,Wheat,Indore,3264
2025-09-07,Wheat,Indore,3250
2025-09-08,Wheat,Indore,3264
2025-09-09,Wheat,Indore,3286
2025-09-10,Wheat,Indore,3301
2025-09-11,Wheat,Indore,3317
2025-09-12,Wheat,Indore,3311
2025-09-13,Wheat,Indore,3311
2025-09-14,Wheat,Indore,3311
2025-09-15,Wheat,Indore,3316
2025-09-16,Wheat,Indore,3320
2025-09-17,Wheat,Indore,3337
2025-09-18,Wheat,Indore,3341
2025-09-19,Wheat,Indore,3346
2025-09-20,Wheat,Indore,3363
2025-09-21,Wheat,Indore,3379
2025-09-22,Wheat,Indore,3390
2025-09-23,Wheat,Indore,3371
2025-09-24,Wheat,Indore,3376
2025-09-25,Wheat,Indore,3395
2025-09-26,Wheat,Indore,3383
2025-09-27,Wheat,Indore,3366
2025-09-28,Wheat,Indore,3361
2025-09-29,Wheat,Indore,3373
2025-09-30,Wheat,Indore,3395
2025-10-01,Wheat,Indore,3407
2025-10-02,Wheat,Indore,3424
2025-10-03,Wheat,Indore,3412
2025-10-04,Wheat,Indore,3433
2025-10-05,Wheat,Indore,3451
2025-10-06,Wheat,Indore,3463
2025-10-07,Wheat,Indore,3472
2025-10-08,Wheat,Indore,3472
2025-10-09,Wheat,Indore,3490
2025-10-10,Wheat,Indore,3495
2025-10-11,Wheat,Indore,3496
2025-10-12,Wheat,Indore,3519
2025-10-13,Wheat,Indore,3540
2025-10-14,Wheat,Indore,3552
2025-10-15,Wheat,Indore,3540
2025-10-16,Wheat,Indore,3545
2025-10-17,Wheat,Indore,3537
2025-10-18,Wheat,Indore,3530
2025-10-19,Wheat,Indore,3554
2025-10-20,Wheat,Indore,3570
2025-10-21,Wheat,Indore,3593
2025-10-22,Wheat,Indore,3614
2025-10-23,Wheat,Indore,3605
2025-10-24,Wheat,Indore,3627
2025-10-25,Wheat,Indore,3612
2025-10-26,Wheat,Indore,3632
2025-10-27,Wheat,Indore,3653
2025-10-28,Wheat,Indore,3644
2025-10-29,Wheat,Indore,3662
2025-10-30,Wheat,Indore,3678
2025-10-31,Wheat,Indore,3697
2025-11-01,Wheat,Indore,3715
2025-11-02,Wheat,Indore,3718
2025-11-03,Wheat,Indore,3729
2025-11-04,Wheat,Indore,3717
2025-11-05,Wheat,Indore,3741
2025-11-06,Wheat,Indore,3755
2025-11-07,Wheat,Indore,3756
2025-11-08,Wheat,Indore,3747
2025-11-09,Wheat,Indore,3760
2025-11-10,Wheat,Indore,3754
2025-11-11,Wheat,Indore,3751
2025-11-12,Wheat,Indore,3769
2025-11-13,Wheat,Indore,3780
2025-11-14,Wheat,Indore,3776
2025-11-15,Wheat,Indore,3798
2025-11-16,Wheat,Indore,3803
2025-11-17,Wheat,Indore,3812
2025-11-18,Wheat,Indore,3828
2025-11-19,Wheat,Indore,3813
2025-11-20,Wheat,Indore,3810
2025-11-21,Wheat,Indore,3825
2025-11-22,Wheat,Indore,3808
2025-11-23,Wheat,Indore,3806
2025-11-24,Wheat,Indore,3807
2025-11-25,Wheat,Indore,3799
2025-11-26,Wheat,Indore,3789
2025-11-27,Wheat,Indore,3809
2025-11-28,Wheat,Indore,3818
2025-11-29,Wheat,Indore,3839
2025-11-30,Wheat,Indore,3825
2025-12-01,Wheat,Indore,3839
2025-12-02,Wheat,Indore,3847
2025-12-03,Wheat,Indore,3860
2025-12-04,Wheat,Indore,3881
2025-12-05,Wheat,Indore,3893
2025-12-06,Wheat,Indore,3884
2025-12-07,Wheat,Indore,3902
2025-12-08,Wheat,Indore,3917
2025-12-09,Wheat,Indore,3927
2025-12-10,Wheat,Indore,3932
2025-12-11,Wheat,Indore,3921
2025-12-12,Wheat,Indore,3904
2025-12-13,Wheat,Indore,3929
2025-12-14,Wheat,Indore,3935
2025-12-15,Wheat,Indore,3942
2025-12-16,Wheat,Indore,3934
2025-12-17,Wheat,Indore,3929
2025-12-18,Wheat,Indore,3936
2025-12-19,Wheat,Indore,3946
2025-12-20,Wheat,Indore,3940
2025-12-21,Wheat,Indore,3920
2025-12-22,Wheat,Indore,3944
2025-12-23,Wheat,Indore,3944
2025-12-24,Wheat,Indore,3962
2025-12-25,Wheat,Indore,3946
2025-12-26,Wheat,Indore,3955
2025-12-27,Wheat,Indore,3943
2025-12-28,Wheat,Indore,3937
2025-12-29,Wheat,Indore,3943
2025-12-30,Wheat,Indore,3926
2025-12-31,Wheat,Indore,3911
2024-01-01,Wheat,Jaipur,1649
2024-01-02,Wheat,Jaipur,1634
2024-01-03,Wheat,Jaipur,1617
2024-01-04,Wheat,Jaipur,1627
2024-01-05,Wheat,Jaipur,1608
2024-01-06,Wheat,Jaipur,1621
2024-01-07,Wheat,Jaipur,1625
2024-01-08,Wheat,Jaipur,1639
2024-01-09,Wheat,Jaipur,1619
2024-01-10,Wheat,Jaipur,1637
2024-01-11,Wheat,Jaipur,1631
2024-01-12,Wheat,Jaipur,1623
2024-01-13,Wheat,Jaipur,1620
2024-01-14,Wheat,Jaipur,1616
2024-01-15,Wheat,Jaipur,1607
2024-01-16,Wheat,Jaipur,1632
2024-01-17,Wheat,Jaipur,1619
2024-01-18,Wheat,Jaipur,1616
2024-01-19,Wheat,Jaipur,1627
2024-01-20,Wheat,Jaipur,1619
2024-01-21,Wheat,Jaipur,1609
2024-01-22,Wheat,Jaipur,1593
2024-01-23,Wheat,Jaipur,1614
2024-01-24,Wheat,Jaipur,1611
2024-01-25,Wheat,Jaipur,1630
2024-01-26,Wheat,Jaipur,1620
2024-01-27,Wheat,Jaipur,1614
2024-01-28,Wheat,Jaipur,1635
2024-01-29,Wheat,Jaipur,1621
2024-01-30,Wheat,Jaipur,1642
2024-01-31,Wheat,Jaipur,1655
2024-02-01,Wheat,Jaipur,1636
2024-02-02,Wheat,Jaipur,1659
2024-02-03,Wheat,Jaipur,1679
2024-02-04,Wheat,Jaipur,1672
2024-02-05,Wheat,Jaipur,1678
2024-02-06,Wheat,Jaipur,1702
2024-02-07,Wheat,Jaipur,1690
2024-02-08,Wheat,Jaipur,1677
2024-02-09,Wheat,Jaipur,1658
2024-02-10,Wheat,Jaipur,1662
2024-02-11,Wheat,Jaipur,1656
2024-02-12,Wheat,Jaipur,1643
2024-02-13,Wheat,Jaipur,1639
2024-02-14,Wheat,Jaipur,1660
2024-02-15,Wheat,Jaipur,1657
2024-02-16,Wheat,Jaipur,1660
2024-02-17,Wheat,Jaipur,1658
2024-02-18,Wheat,Jaipur,1662
2024-02-19,Wheat,Jaipur,1655
2024-02-20,Wheat,Jaipur,1668
2024-02-21,Wheat,Jaipur,1690
2024-02-22,Wheat,Jaipur,1681
2024-02-23,Wheat,Jaipur,1667
2024-02-24,Wheat,Jaipur,1661
2024-02-25,Wheat,Jaipur,1675
2024-02-26,Wheat,Jaipur,1661
2024-02-27,Wheat,Jaipur,1642
2024-02-28,Wheat,Jaipur,1645
2024-02-29,Wheat,Jaipur,1636
2024-03-01,Wheat,Jaipur,1640
2024-03-02,Wheat,Jaipur,1634
2024-03-03,Wheat,Jaipur,1615
2024-03-04,Wheat,Jaipur,1624
2024-03-05,Wheat,Jaipur,1609
2024-03-06,Wheat,Jaipur,1617
2024-03-07,Wheat,Jaipur,1599
2024-03-08,Wheat,Jaipur,1611
2024-03-09,Wheat,Jaipur,1624
2024-03-10,Wheat,Jaipur,1627
2024-03-11,Wheat,Jaipur,1648
2024-03-12,Wheat,Jaipur,1661
2024-03-13,Wheat,Jaipur,1646
2024-03-14,Wheat,Jaipur,1647
2024-03-15,Wheat,Jaipur,1644
2024-03-16,Wheat,Jaipur,1637
2024-03-17,Wheat,Jaipur,1637
2024-03-18,Wheat,Jaipur,1637
2024-03-19,Wheat,Jaipur,1648
2024-03-20,Wheat,Jaipur,1668
2024-03-21,Wheat,Jaipur,1648
2024-03-22,Wheat,Jaipur,1670
2024-03-23,Wheat,Jaipur,1658
2024-03-24,Wheat,Jaipur,1649
2024-03-25,Wheat,Jaipur,1644
2024-03-26,Wheat,Jaipur,1640
2024-03-27,Wheat,Jaipur,1654
2024-03-28,Wheat,Jaipur,1657
2024-03-29,Wheat,Jaipur,1659
2024-03-30,Wheat,Jaipur,1661
2024-03-31,Wheat,Jaipur,1660
2024-04-01,Wheat,Jaipur,1642
2024-04-02,Wheat,Jaipur,1632
2024-04-03,Wheat,Jaipur,1642
2024-04-04,Wheat,Jaipur,1627
2024-04-05,Wheat,Jaipur,1632
2024-04-06,Wheat,Jaipur,1642
2024-04-07,Wheat,Jaipur,1645
2024-04-08,Wheat,Jaipur,1630
2024-04-09,Wheat,Jaipur,1631
2024-04-10,Wheat,Jaipur,1655
2024-04-11,Wheat,Jaipur,1641
2024-04-12,Wheat,Jaipur,1636
2024-04-13,Wheat,Jaipur,1642
2024-04-14,Wheat,Jaipur,1632
2024-04-15,Wheat,Jaipur,1641
2024-04-16,Wheat,Jaipur,1654
2024-04-17,Wheat,Jaipur,1675
2024-04-18,Wheat,Jaipur,1674
2024-04-19,Wheat,Jaipur,1684
2024-04-20,Wheat,Jaipur,1704
2024-04-21,Wheat,Jaipur,1706
2024-04-22,Wheat,Jaipur,1721
2024-04-23,Wheat,Jaipur,1709
2024-04-24,Wheat,Jaipur,1722
2024-04-25,Wheat,Jaipur,1730
2024-04-26,Wheat,Jaipur,1727
2024-04-27,Wheat,Jaipur,1724
2024-04-28,Wheat,Jaipur,1727
2024-04-29,Wheat,Jaipur,1708
2024-04-30,Wheat,Jaipur,1728
2024-05-01,Wheat,Jaipur,1743
2024-05-02,Wheat,Jaipur,1759
2024-05-03,Wheat,Jaipur,1779
2024-05-04,Wheat,Jaipur,1764
2024-05-05,Wheat,Jaipur,1746
2024-05-06,Wheat,Jaipur,1742
2024-05-07,Wheat,Jaipur,1759
2024-05-08,Wheat,Jaipur,1775
2024-05-09,Wheat,Jaipur,1796
2024-05-10,Wheat,Jaipur,1776
2024-05-11,Wheat,Jaipur,1788
2024-05-12,Wheat,Jaipur,1790
2024-05-13,Wheat,Jaipur,1772
2024-05-14,Wheat,Jaipur,1772
2024-05-15,Wheat,Jaipur,1756
2024-05-16,Wheat,Jaipur,1767
2024-05-17,Wheat,Jaipur,1748
2024-05-18,Wheat,Jaipur,1736
2024-05-19,Wheat,Jaipur,1716
2024-05-20,Wheat,Jaipur,1720
2024-05-21,Wheat,Jaipur,1716
2024-05-22,Wheat,Jaipur,1739
2024-05-23,Wheat,Jaipur,1764
2024-05-24,Wheat,Jaipur,1752
2024-05-25,Wheat,Jaipur,1746
2024-05-26,Wheat,Jaipur,1759
2024-05-27,Wheat,Jaipur,1775
2024-05-28,Wheat,Jaipur,1781
2024-05-29,Wheat,Jaipur,1787
2024-05-30,Wheat,Jaipur,1799
2024-05-31,Wheat,Jaipur,1781
2024-06-01,Wheat,Jaipur,1798
2024-06-02,Wheat,Jaipur,1812
2024-06-03,Wheat,Jaipur,1814
2024-06-04,Wheat,Jaipur,1813
2024-06-05,Wheat,Jaipur,1830
2024-06-06,Wheat,Jaipur,1847
2024-06-07,Wheat,Jaipur,1829
2024-06-08,Wheat,Jaipur,1847
2024-06-09,Wheat,Jaipur,1863
2024-06-10,Wheat,Jaipur,1861
2024-06-11,Wheat,Jaipur,1871
2024-06-12,Wheat,Jaipur,1860
2024-06-13,Wheat,Jaipur,1867
2024-06-14,Wheat,Jaipur,1857
2024-06-15,Wheat,Jaipur,1862
2024-06-16,Wheat,Jaipur,1853
2024-06-17,Wheat,Jaipur,1863
2024-06-18,Wheat,Jaipur,1870
2024-06-19,Wheat,Jaipur,1859
2024-06-20,Wheat,Jaipur,1871
2024-06-21,Wheat,Jaipur,1857
2024-06-22,Wheat,Jaipur,1856
2024-06-23,Wheat,Jaipur,1849
2024-06-24,Wheat,Jaipur,1864
2024-06-25,Wheat,Jaipur,1849
2024-06-26,Wheat,Jaipur,1843
2024-06-27,Wheat,Jaipur,1836
2024-06-28,Wheat,Jaipur,1833
2024-06-29,Wheat,Jaipur,1842
2024-06-30,Wheat,Jaipur,1866
2024-07-01,Wheat,Jaipur,1874
2024-07-02,Wheat,Jaipur,1877
2024-07-03,Wheat,Jaipur,1899
2024-07-04,Wheat,Jaipur,1899
2024-07-05,Wheat,Jaipur,1906
2024-07-06,Wheat,Jaipur,1888
2024-07-07,Wheat,Jaipur,1883
2024-07-08,Wheat,Jaipur,1868
2024-07-09,Wheat,Jaipur,1864
2024-07-10,Wheat,Jaipur,1859
2024-07-11,Wheat,Jaipur,1883
2024-07-12,Wheat,Jaipur,1872
2024-07-13,Wheat,Jaipur,1890
2024-07-14,Wheat,Jaipur,1911
2024-07-15,Wheat,Jaipur,1934
2024-07-16,Wheat,Jaipur,1958
2024-07-17,Wheat,Jaipur,1950
2024-07-18,Wheat,Jaipur,1970
2024-07-19,Wheat,Jaipur,1954
2024-07-20,Wheat,Jaipur,1937
2024-07-21,Wheat,Jaipur,1950
2024-07-22,Wheat,Jaipur,1933
2024-07-23,Wheat,Jaipur,1928
2024-07-24,Wheat,Jaipur,1909
2024-07-25,Wheat,Jaipur,1924
2024-07-26,Wheat,Jaipur,1947
2024-07-27,Wheat,Jaipur,1931
2024-07-28,Wheat,Jaipur,1939
2024-07-29,Wheat,Jaipur,1961
2024-07-30,Wheat,Jaipur,1958
2024-07-31,Wheat,Jaipur,1983
2024-08-01,Wheat,Jaipur,1980
2024-08-02,Wheat,Jaipur,1990
2024-08-03,Wheat,Jaipur,1988
2024-08-04,Wheat,Jaipur,1978
2024-08-05,Wheat,Jaipur,2002
2024-08-06,Wheat,Jaipur,2013
2024-08-07,Wheat,Jaipur,2008
2024-08-08,Wheat,Jaipur,2009
2024-08-09,Wheat,Jaipur,2017
2024-08-10,Wheat,Jaipur,2029
2024-08-11,Wheat,Jaipur,2014
2024-08-12,Wheat,Jaipur,2008
2024-08-13,Wheat,Jaipur,2008
2024-08-14,Wheat,Jaipur,1988
2024-08-15,Wheat,Jaipur,1973
2024-08-16,Wheat,Jaipur,1953
2024-08-17,Wheat,Jaipur,1970
2024-08-18,Wheat,Jaipur,1984
2024-08-19,Wheat,Jaipur,1966
2024-08-20,Wheat,Jaipur,1966
2024-08-21,Wheat,Jaipur,1989
2024-08-22,Wheat,Jaipur,1973
2024-08-23,Wheat,Jaipur,1975
2024-08-24,Wheat,Jaipur,1971
2024-08-25,Wheat,Jaipur,1955
2024-08-26,Wheat,Jaipur,1936
2024-08-27,Wheat,Jaipur,1921
2024-08-28,Wheat,Jaipur,1910
2024-08-29,Wheat,Jaipur,1899
2024-08-30,Wheat,Jaipur,1924
2024-08-31,Wheat,Jaipur,1919
2024-09-01,Wheat,Jaipur,1905
2024-09-02,Wheat,Jaipur,1929
2024-09-03,Wheat,Jaipur,1920
2024-09-04,Wheat,Jaipur,1928
2024-09-05,Wheat,Jaipur,1934
2024-09-06,Wheat,Jaipur,1917
2024-09-07,Wheat,Jaipur,1933
2024-09-08,Wheat,Jaipur,1921
2024-09-09,Wheat,Jaipur,1936
2024-09-10,Wheat,Jaipur,1922
2024-09-11,Wheat,Jaipur,1916
2024-09-12,Wheat,Jaipur,1925
2024-09-13,Wheat,Jaipur,1925
2024-09-14,Wheat,Jaipur,1939
2024-09-15,Wheat,Jaipur,1930
2024-09-16,Wheat,Jaipur,1948
2024-09-17,Wheat,Jaipur,1971
2024-09-18,Wheat,Jaipur,1995
2024-09-19,Wheat,Jaipur,2013
2024-09-20,Wheat,Jaipur,2012
2024-09-21,Wheat,Jaipur,2032
2024-09-22,Wheat,Jaipur,2012
2024-09-23,Wheat,Jaipur,2022
2024-09-24,Wheat,Jaipur,2008
2024-09-25,Wheat,Jaipur,1993
2024-09-26,Wheat,Jaipur,1975
2024-09-27,Wheat,Jaipur,1971
2024-09-28,Wheat,Jaipur,1988
2024-09-29,Wheat,Jaipur,1971
2024-09-30,Wheat,Jaipur,1970
2024-10-01,Wheat,Jaipur,1990
2024-10-02,Wheat,Jaipur,1992
2024-10-03,Wheat,Jaipur,1987
2024-10-04,Wheat,Jaipur,1977
2024-10-05,Wheat,Jaipur,2000
2024-10-06,Wheat,Jaipur,2013
2024-10-07,Wheat,Jaipur,2003
2024-10-08,Wheat,Jaipur,1998
2024-10-09,Wheat,Jaipur,1982
2024-10-10,Wheat,Jaipur,1987
2024-10-11,Wheat,Jaipur,1998
2024-10-12,Wheat,Jaipur,2002
2024-10-13,Wheat,Jaipur,2001
2024-10-14,Wheat,Jaipur,2015
2024-10-15,Wheat,Jaipur,2028
2024-10-16,Wheat,Jaipur,2015
2024-10-17,Wheat,Jaipur,2022
2024-10-18,Wheat,Jaipur,2017
2024-10-19,Wheat,Jaipur,2011
2024-10-20,Wheat,Jaipur,1991
2024-10-21,Wheat,Jaipur,1993
2024-10-22,Wheat,Jaipur,1991
2024-10-23,Wheat,Jaipur,2001
2024-10-24,Wheat,Jaipur,2014
2024-10-25,Wheat,Jaipur,2004
2024-10-26,Wheat,Jaipur,2014
2024-10-27,Wheat,Jaipur,2004
2024-10-28,Wheat,Jaipur,2010
2024-10-29,Wheat,Jaipur,2021
2024-10-30,Wheat,Jaipur,2039
2024-10-31,Wheat,Jaipur,2050
2024-11-01,Wheat,Jaipur,2035
2024-11-02,Wheat,Jaipur,2042
2024-11-03,Wheat,Jaipur,2026
2024-11-04,Wheat,Jaipur,2042
2024-11-05,Wheat,Jaipur,2049
2024-11-06,Wheat,Jaipur,2063
2024-11-07,Wheat,Jaipur,2056
2024-11-08,Wheat,Jaipur,2080
2024-11-09,Wheat,Jaipur,2074
2024-11-10,Wheat,Jaipur,2088
2024-11-11,Wheat,Jaipur,2090
2024-11-12,Wheat,Jaipur,2109
2024-11-13,Wheat,Jaipur,2112
2024-11-14,Wheat,Jaipur,2108
2024-11-15,Wheat,Jaipur,2120
2024-11-16,Wheat,Jaipur,2141
2024-11-17,Wheat,Jaipur,2164
2024-11-18,Wheat,Jaipur,2172
2024-11-19,Wheat,Jaipur,2193
2024-11-20,Wheat,Jaipur,2180
2024-11-21,Wheat,Jaipur,2187
2024-11-22,Wheat,Jaipur,2193
2024-11-23,Wheat,Jaipur,2206
2024-11-24,Wheat,Jaipur,2213
2024-11-25,Wheat,Jaipur,2216
2024-11-26,Wheat,Jaipur,2225
2024-11-27,Wheat,Jaipur,2230
2024-11-28,Wheat,Jaipur,2233
2024-11-29,Wheat,Jaipur,2221
2024-11-30,Wheat,Jaipur,2226
2024-12-01,Wheat,Jaipur,2209
2024-12-02,Wheat,Jaipur,2209
2024-12-03,Wheat,Jaipur,2194
2024-12-04,Wheat,Jaipur,2182
2024-12-05,Wheat,Jaipur,2202
2024-12-06,Wheat,Jaipur,2226
2024-12-07,Wheat,Jaipur,2207
2024-12-08,Wheat,Jaipur,2210
2024-12-09,Wheat,Jaipur,2194
2024-12-10,Wheat,Jaipur,2197
2024-12-11,Wheat,Jaipur,2212
2024-12-12,Wheat,Jaipur,2204
2024-12-13,Wheat,Jaipur,2204
2024-12-14,Wheat,Jaipur,2199
2024-12-15,Wheat,Jaipur,2205
2024-12-16,Wheat,Jaipur,2187
2024-12-17,Wheat,Jaipur,2203
2024-12-18,Wheat,Jaipur,2224
2024-12-19,Wheat,Jaipur,2220
2024-12-20,Wheat,Jaipur,2226
2024-12-21,Wheat,Jaipur,2245
2024-12-22,Wheat,Jaipur,2260
2024-12-23,Wheat,Jaipur,2248
2024-12-24,Wheat,Jaipur,2260
2024-12-25,Wheat,Jaipur,2270
2024-12-26,Wheat,Jaipur,2254
2024-12-27,Wheat,Jaipur,2274
2024-12-28,Wheat,Jaipur,2265
2024-12-29,Wheat,Jaipur,2274
2024-12-30,Wheat,Jaipur,2283
2024-12-31,Wheat,Jaipur,2270
2025-01-01,Wheat,Jaipur,2261
2025-01-02,Wheat,Jaipur,2255
2025-01-03,Wheat,Jaipur,2247
2025-01-04,Wheat,Jaipur,2257
2025-01-05,Wheat,Jaipur,2241
2025-01-06,Wheat,Jaipur,2229
2025-01-07,Wheat,Jaipur,2235
2025-01-08,Wheat,Jaipur,2258
2025-01-09,Wheat,Jaipur,2257
2025-01-10,Wheat,Jaipur,2244
2025-01-11,Wheat,Jaipur,2228
2025-01-12,Wheat,Jaipur,2246
2025-01-13,Wheat,Jaipur,2228
2025-01-14,Wheat,Jaipur,2232
2025-01-15,Wheat,Jaipur,2241
2025-01-16,Wheat,Jaipur,2248
2025-01-17,Wheat,Jaipur,2228
2025-01-18,Wheat,Jaipur,2252
2025-01-19,Wheat,Jaipur,2272
2025-01-20,Wheat,Jaipur,2252
2025-01-21,Wheat,Jaipur,2275
2025-01-22,Wheat,Jaipur,2260
2025-01-23,Wheat,Jaipur,2284
2025-01-24,Wheat,Jaipur,2306
2025-01-25,Wheat,Jaipur,2291
2025-01-26,Wheat,Jaipur,2310
2025-01-27,Wheat,Jaipur,2324
2025-01-28,Wheat,Jaipur,2334
2025-01-29,Wheat,Jaipur,2338
2025-01-30,Wheat,Jaipur,2323
2025-01-31,Wheat,Jaipur,2333
2025-02-01,Wheat,Jaipur,2346
2025-02-02,Wheat,Jaipur,2371
2025-02-03,Wheat,Jaipur,2388
2025-02-04,Wheat,Jaipur,2407
2025-02-05,Wheat,Jaipur,2420
2025-02-06,Wheat,Jaipur,2442
2025-02-07,Wheat,Jaipur,2467
2025-02-08,Wheat,Jaipur,2476
2025-02-09,Wheat,Jaipur,2475
2025-02-10,Wheat,Jaipur,2475
2025-02-11,Wheat,Jaipur,2458
2025-02-12,Wheat,Jaipur,2474
2025-02-13,Wheat,Jaipur,2456
2025-02-14,Wheat,Jaipur,2437
2025-02-15,Wheat,Jaipur,2424
2025-02-16,Wheat,Jaipur,2410
2025-02-17,Wheat,Jaipur,2428
2025-02-18,Wheat,Jaipur,2445
2025-02-19,Wheat,Jaipur,2434
2025-02-20,Wheat,Jaipur,2416
2025-02-21,Wheat,Jaipur,2403
2025-02-22,Wheat,Jaipur,2387
2025-02-23,Wheat,Jaipur,2368
2025-02-24,Wheat,Jaipur,2370
2025-02-25,Wheat,Jaipur,2368
2025-02-26,Wheat,Jaipur,2365
2025-02-27,Wheat,Jaipur,2378
2025-02-28,Wheat,Jaipur,2376
2025-03-01,Wheat,Jaipur,2399
2025-03-02,Wheat,Jaipur,2382
2025-03-03,Wheat,Jaipur,2370
2025-03-04,Wheat,Jaipur,2370
2025-03-05,Wheat,Jaipur,2368
2025-03-06,Wheat,Jaipur,2349
2025-03-07,Wheat,Jaipur,2340
2025-03-08,Wheat,Jaipur,2333
2025-03-09,Wheat,Jaipur,2322
2025-03-10,Wheat,Jaipur,2332
2025-03-11,Wheat,Jaipur,2330
2025-03-12,Wheat,Jaipur,2353
2025-03-13,Wheat,Jaipur,2359
2025-03-14,Wheat,Jaipur,2365
2025-03-15,Wheat,Jaipur,2364
2025-03-16,Wheat,Jaipur,2371
2025-03-17,Wheat,Jaipur,2375
2025-03-18,Wheat,Jaipur,2395
2025-03-19,Wheat,Jaipur,2410
2025-03-20,Wheat,Jaipur,2415
2025-03-21,Wheat,Jaipur,2400
2025-03-22,Wheat,Jaipur,2395
2025-03-23,Wheat,Jaipur,2409
2025-03-24,Wheat,Jaipur,2430
2025-03-25,Wheat,Jaipur,2455
2025-03-26,Wheat,Jaipur,2455
2025-03-27,Wheat,Jaipur,2468
2025-03-28,Wheat,Jaipur,2461
2025-03-29,Wheat,Jaipur,2441
2025-03-30,Wheat,Jaipur,2456
2025-03-31,Wheat,Jaipur,2438
2025-04-01,Wheat,Jaipur,2433
2025-04-02,Wheat,Jaipur,2418
2025-04-03,Wheat,Jaipur,2438
2025-04-04,Wheat,Jaipur,2460
2025-04-05,Wheat,Jaipur,2440
2025-04-06,Wheat,Jaipur,2423
2025-04-07,Wheat,Jaipur,2441
2025-04-08,Wheat,Jaipur,2462
2025-04-09,Wheat,Jaipur,2443
2025-04-10,Wheat,Jaipur,2438
2025-04-11,Wheat,Jaipur,2454
2025-04-12,Wheat,Jaipur,2466
2025-04-13,Wheat,Jaipur,2446
2025-04-14,Wheat,Jaipur,2451
2025-04-15,Wheat,Jaipur,2472
2025-04-16,Wheat,Jaipur,2491
2025-04-17,Wheat,Jaipur,2487
2025-04-18,Wheat,Jaipur,2486
2025-04-19,Wheat,Jaipur,2495
2025-04-20,Wheat,Jaipur,2502
2025-04-21,Wheat,Jaipur,2507
2025-04-22,Wheat,Jaipur,2517
2025-04-23,Wheat,Jaipur,2518
2025-04-24,Wheat,Jaipur,2505
2025-04-25,Wheat,Jaipur,2515
2025-04-26,Wheat,Jaipur,2516
2025-04-27,Wheat,Jaipur,2530
2025-04-28,Wheat,Jaipur,2551
2025-04-29,Wheat,Jaipur,2564
2025-04-30,Wheat,Jaipur,2572
2025-05-01,Wheat,Jaipur,2563
2025-05-02,Wheat,Jaipur,2566
2025-05-03,Wheat,Jaipur,2575
2025-05-04,Wheat,Jaipur,2579
2025-05-05,Wheat,Jaipur,2598
2025-05-06,Wheat,Jaipur,2582
2025-05-07,Wheat,Jaipur,2593
2025-05-08,Wheat,Jaipur,2617
2025-05-09,Wheat,Jaipur,2640
2025-05-10,Wheat,Jaipur,2622
2025-05-11,Wheat,Jaipur,2628
2025-05-12,Wheat,Jaipur,2645
2025-05-13,Wheat,Jaipur,2636
2025-05-14,Wheat,Jaipur,2650
2025-05-15,Wheat,Jaipur,2656
2025-05-16,Wheat,Jaipur,2673
2025-05-17,Wheat,Jaipur,2696
2025-05-18,Wheat,Jaipur,2713
2025-05-19,Wheat,Jaipur,2713
2025-05-20,Wheat,Jaipur,2708
2025-05-21,Wheat,Jaipur,2720
2025-05-22,Wheat,Jaipur,2728
2025-05-23,Wheat,Jaipur,2711
2025-05-24,Wheat,Jaipur,2706
2025-05-25,Wheat,Jaipur,2728
2025-05-26,Wheat,Jaipur,2729
2025-05-27,Wheat,Jaipur,2725
2025-05-28,Wheat,Jaipur,2750
2025-05-29,Wheat,Jaipur,2750
2025-05-30,Wheat,Jaipur,2749
2025-05-31,Wheat,Jaipur,2738
2025-06-01,Wheat,Jaipur,2760
2025-06-02,Wheat,Jaipur,2749
2025-06-03,Wheat,Jaipur,2770
2025-06-04,Wheat,Jaipur,2776
2025-06-05,Wheat,Jaipur,2797
2025-06-06,Wheat,Jaipur,2794
2025-06-07,Wheat,Jaipur,2775
2025-06-08,Wheat,Jaipur,2794
2025-06-09,Wheat,Jaipur,2816
2025-06-10,Wheat,Jaipur,2833
2025-06-11,Wheat,Jaipur,2826
2025-06-12,Wheat,Jaipur,2829
2025-06-13,Wheat,Jaipur,2853
2025-06-14,Wheat,Jaipur,2843
2025-06-15,Wheat,Jaipur,2866
2025-06-16,Wheat,Jaipur,2855
2025-06-17,Wheat,Jaipur,2869
2025-06-18,Wheat,Jaipur,2875
2025-06-19,Wheat,Jaipur,2869
2025-06-20,Wheat,Jaipur,2876
2025-06-21,Wheat,Jaipur,2889
2025-06-22,Wheat,Jaipur,2876
2025-06-23,Wheat,Jaipur,2879
2025-06-24,Wheat,Jaipur,2875
2025-06-25,Wheat,Jaipur,2884
2025-06-26,Wheat,Jaipur,2876
2025-06-27,Wheat,Jaipur,2891
2025-06-28,Wheat,Jaipur,2900
2025-06-29,Wheat,Jaipur,2881
2025-06-30,Wheat,Jaipur,2894
2025-07-01,Wheat,Jaipur,2913
2025-07-02,Wheat,Jaipur,2919
2025-07-03,Wheat,Jaipur,2906
2025-07-04,Wheat,Jaipur,2894
2025-07-05,Wheat,Jaipur,2879
2025-07-06,Wheat,Jaipur,2894
2025-07-07,Wheat,Jaipur,2915
2025-07-08,Wheat,Jaipur,2937
2025-07-09,Wheat,Jaipur,2944
2025-07-10,Wheat,Jaipur,2961
2025-07-11,Wheat,Jaipur,2968
2025-07-12,Wheat,Jaipur,2979
2025-07-13,Wheat,Jaipur,2978
2025-07-14,Wheat,Jaipur,2999
2025-07-15,Wheat,Jaipur,3023
2025-07-16,Wheat,Jaipur,3013
2025-07-17,Wheat,Jaipur,3000
2025-07-18,Wheat,Jaipur,2997
2025-07-19,Wheat,Jaipur,2982
2025-07-20,Wheat,Jaipur,3004
2025-07-21,Wheat,Jaipur,3017
2025-07-22,Wheat,Jaipur,3012
2025-07-23,Wheat,Jaipur,3024
2025-07-24,Wheat,Jaipur,3049
2025-07-25,Wheat,Jaipur,3048
2025-07-26,Wheat,Jaipur,3060
2025-07-27,Wheat,Jaipur,3071
2025-07-28,Wheat,Jaipur,3066
2025-07-29,Wheat,Jaipur,3083
2025-07-30,Wheat,Jaipur,3102
2025-07-31,Wheat,Jaipur,3090
2025-08-01,Wheat,Jaipur,3081
2025-08-02,Wheat,Jaipur,3094
2025-08-03,Wheat,Jaipur,3079
2025-08-04,Wheat,Jaipur,3073
2025-08-05,Wheat,Jaipur,3089
2025-08-06,Wheat,Jaipur,3095
2025-08-07,Wheat,Jaipur,3105
2025-08-08,Wheat,Jaipur,3090
2025-08-09,Wheat,Jaipur,3084
2025-08-10,Wheat,Jaipur,3070
2025-08-11,Wheat,Jaipur,3061
2025-08-12,Wheat,Jaipur,3065
2025-08-13,Wheat,Jaipur,3047
2025-08-14,Wheat,Jaipur,3071
2025-08-15,Wheat,Jaipur,3086
2025-08-16,Wheat,Jaipur,3076
2025-08-17,Wheat,Jaipur,3057
2025-08-18,Wheat,Jaipur,3046
2025-08-19,Wheat,Jaipur,3047
2025-08-20,Wheat,Jaipur,3039
2025-08-21,Wheat,Jaipur,3050
2025-08-22,Wheat,Jaipur,3067
2025-08-23,Wheat,Jaipur,3078
2025-08-24,Wheat,Jaipur,3061
2025-08-25,Wheat,Jaipur,3071
2025-08-26,Wheat,Jaipur,3077
2025-08-27,Wheat,Jaipur,3082
2025-08-28,Wheat,Jaipur,3067
2025-08-29,Wheat,Jaipur,3054
2025-08-30,Wheat,Jaipur,3070
2025-08-31,Wheat,Jaipur,3082
2025-09-01,Wheat,Jaipur,3071
2025-09-02,Wheat,Jaipur,3057
2025-09-03,Wheat,Jaipur,3054
2025-09-04,Wheat,Jaipur,3043
2025-09-05,Wheat,Jaipur,3062
2025-09-06,Wheat,Jaipur,3062
2025-09-07,Wheat,Jaipur,3043
2025-09-08,Wheat,Jaipur,3051
2025-09-09,Wheat,Jaipur,3076
2025-09-10,Wheat,Jaipur,3062
2025-09-11,Wheat,Jaipur,3047
2025-09-12,Wheat,Jaipur,3053
2025-09-13,Wheat,Jaipur,3050
2025-09-14,Wheat,Jaipur,3060
2025-09-15,Wheat,Jaipur,3050
2025-09-16,Wheat,Jaipur,3047
2025-09-17,Wheat,Jaipur,3071
2025-09-18,Wheat,Jaipur,3079
2025-09-19,Wheat,Jaipur,3082
2025-09-20,Wheat,Jaipur,3078
2025-09-21,Wheat,Jaipur,3064
2025-09-22,Wheat,Jaipur,3053
2025-09-23,Wheat,Jaipur,3063
2025-09-24,Wheat,Jaipur,3057
2025-09-25,Wheat,Jaipur,3050
2025-09-26,Wheat,Jaipur,3048
2025-09-27,Wheat,Jaipur,3035
2025-09-28,Wheat,Jaipur,3048
2025-09-29,Wheat,Jaipur,3030
2025-09-30,Wheat,Jaipur,3051
2025-10-01,Wheat,Jaipur,3036
2025-10-02,Wheat,Jaipur,3052
2025-10-03,Wheat,Jaipur,3074
2025-10-04,Wheat,Jaipur,3094
2025-10-05,Wheat,Jaipur,3074
2025-10-06,Wheat,Jaipur,3068
2025-10-07,Wheat,Jaipur,3084
2025-10-08,Wheat,Jaipur,3073
2025-10-09,Wheat,Jaipur,3060
2025-10-10,Wheat,Jaipur,3054
2025-10-11,Wheat,Jaipur,3070
2025-10-12,Wheat,Jaipur,3067
2025-10-13,Wheat,Jaipur,3073
2025-10-14,Wheat,Jaipur,3057
2025-10-15,Wheat,Jaipur,3055
2025-10-16,Wheat,Jaipur,3037
2025-10-17,Wheat,Jaipur,3062
2025-10-18,Wheat,Jaipur,3048
2025-10-19,Wheat,Jaipur,3032
2025-10-20,Wheat,Jaipur,3026
2025-10-21,Wheat,Jaipur,3009
2025-10-22,Wheat,Jaipur,2998
2025-10-23,Wheat,Jaipur,3023
2025-10-24,Wheat,Jaipur,3008
2025-10-25,Wheat,Jaipur,3033
2025-10-26,Wheat,Jaipur,3015
2025-10-27,Wheat,Jaipur,2997
2025-10-28,Wheat,Jaipur,3010
2025-10-29,Wheat,Jaipur,2992
2025-10-30,Wheat,Jaipur,2982
2025-10-31,Wheat,Jaipur,3004
2025-11-01,Wheat,Jaipur,2993
2025-11-02,Wheat,Jaipur,2974
2025-11-03,Wheat,Jaipur,2959
2025-11-04,Wheat,Jaipur,2961
2025-11-05,Wheat,Jaipur,2941
2025-11-06,Wheat,Jaipur,2930
2025-11-07,Wheat,Jaipur,2929
2025-11-08,Wheat,Jaipur,2926
2025-11-09,Wheat,Jaipur,2920
2025-11-10,Wheat,Jaipur,2918
2025-11-11,Wheat,Jaipur,2911
2025-11-12,Wheat,Jaipur,2931
2025-11-13,Wheat,Jaipur,2938
2025-11-14,Wheat,Jaipur,2922
2025-11-15,Wheat,Jaipur,2919
2025-11-16,Wheat,Jaipur,2932
2025-11-17,Wheat,Jaipur,2917
2025-11-18,Wheat,Jaipur,2928
2025-11-19,Wheat,Jaipur,2911
2025-11-20,Wheat,Jaipur,2932
2025-11-21,Wheat,Jaipur,2933
2025-11-22,Wheat,Jaipur,2940
2025-11-23,Wheat,Jaipur,2956
2025-11-24,Wheat,Jaipur,2960
2025-11-25,Wheat,Jaipur,2980
2025-11-26,Wheat,Jaipur,2960
2025-11-27,Wheat,Jaipur,2983
2025-11-28,Wheat,Jaipur,2983
2025-11-29,Wheat,Jaipur,3004
2025-11-30,Wheat,Jaipur,2993
2025-12-01,Wheat,Jaipur,3006
2025-12-02,Wheat,Jaipur,3025
2025-12-03,Wheat,Jaipur,3027
2025-12-04,Wheat,Jaipur,3024
2025-12-05,Wheat,Jaipur,3018
2025-12-06,Wheat,Jaipur,2998
2025-12-07,Wheat,Jaipur,2978
2025-12-08,Wheat,Jaipur,2976
2025-12-09,Wheat,Jaipur,2962
2025-12-10,Wheat,Jaipur,2982
2025-12-11,Wheat,Jaipur,2998
2025-12-12,Wheat,Jaipur,3006
2025-12-13,Wheat,Jaipur,3029
2025-12-14,Wheat,Jaipur,3031
2025-12-15,Wheat,Jaipur,3052
2025-12-16,Wheat,Jaipur,3039
2025-12-17,Wheat,Jaipur,3043
2025-12-18,Wheat,Jaipur,3037
2025-12-19,Wheat,Jaipur,3031
2025-12-20,Wheat,Jaipur,3037
2025-12-21,Wheat,Jaipur,3042
2025-12-22,Wheat,Jaipur,3041
2025-12-23,Wheat,Jaipur,3047
2025-12-24,Wheat,Jaipur,3071
2025-12-25,Wheat,Jaipur,3067
2025-12-26,Wheat,Jaipur,3070
2025-12-27,Wheat,Jaipur,3076
2025-12-28,Wheat,Jaipur,3097
2025-12-29,Wheat,Jaipur,3094
2025-12-30,Wheat,Jaipur,3088
2025-12-31,Wheat,Jaipur,3092
2024-01-01,Soybean,Pune,1883
2024-01-02,Soybean,Pune,1903
2024-01-03,Soybean,Pune,1893
2024-01-04,Soybean,Pune,1880
2024-01-05,Soybean,Pune,1875
2024-01-06,Soybean,Pune,1883
2024-01-07,Soybean,Pune,1898
2024-01-08,Soybean,Pune,1904
2024-01-09,Soybean,Pune,1905
2024-01-10,Soybean,Pune,1898
2024-01-11,Soybean,Pune,1879
2024-01-12,Soybean,Pune,1864
2024-01-13,Soybean,Pune,1880
2024-01-14,Soybean,Pune,1871
2024-01-15,Soybean,Pune,1872
2024-01-16,Soybean,Pune,1887
2024-01-17,Soybean,Pune,1868
2024-01-18,Soybean,Pune,1857
2024-01-19,Soybean,Pune,1852
2024-01-20,Soybean,Pune,1846
2024-01-21,Soybean,Pune,1833
2024-01-22,Soybean,Pune,1850
2024-01-23,Soybean,Pune,1836
2024-01-24,Soybean,Pune,1836
2024-01-25,Soybean,Pune,1824
2024-01-26,Soybean,Pune,1838
2024-01-27,Soybean,Pune,1830
2024-01-28,Soybean,Pune,1844
2024-01-29,Soybean,Pune,1862
2024-01-30,Soybean,Pune,1859
2024-01-31,Soybean,Pune,1872
2024-02-01,Soybean,Pune,1870
2024-02-02,Soybean,Pune,1863
2024-02-03,Soybean,Pune,1857
2024-02-04,Soybean,Pune,1868
2024-02-05,Soybean,Pune,1875
2024-02-06,Soybean,Pune,1874
2024-02-07,Soybean,Pune,1895
2024-02-08,Soybean,Pune,1918
2024-02-09,Soybean,Pune,1937
2024-02-10,Soybean,Pune,1962
2024-02-11,Soybean,Pune,1958
2024-02-12,Soybean,Pune,1976
2024-02-13,Soybean,Pune,1975
2024-02-14,Soybean,Pune,1975
2024-02-15,Soybean,Pune,1981
2024-02-16,Soybean,Pune,1971
2024-02-17,Soybean,Pune,1967
2024-02-18,Soybean,Pune,1970
2024-02-19,Soybean,Pune,1968
2024-02-20,Soybean,Pune,1973
2024-02-21,Soybean,Pune,1985
2024-02-22,Soybean,Pune,1986
2024-02-23,Soybean,Pune,1970
2024-02-24,Soybean,Pune,1977
2024-02-25,Soybean,Pune,1963
2024-02-26,Soybean,Pune,1963
2024-02-27,Soybean,Pune,1949
2024-02-28,Soybean,Pune,1941
2024-02-29,Soybean,Pune,1952
2024-03-01,Soybean,Pune,1942
2024-03-02,Soybean,Pune,1937
2024-03-03,Soybean,Pune,1952
2024-03-04,Soybean,Pune,1939
2024-03-05,Soybean,Pune,1938
2024-03-06,Soybean,Pune,1958
2024-03-07,Soybean,Pune,1953
2024-03-08,Soybean,Pune,1958
2024-03-09,Soybean,Pune,1956
2024-03-10,Soybean,Pune,1963
2024-03-11,Soybean,Pune,1950
2024-03-12,Soybean,Pune,1971
2024-03-13,Soybean,Pune,1980
2024-03-14,Soybean,Pune,2002
2024-03-15,Soybean,Pune,2015
2024-03-16,Soybean,Pune,2033
2024-03-17,Soybean,Pune,2057
2024-03-18,Soybean,Pune,2050
2024-03-19,Soybean,Pune,2074
2024-03-20,Soybean,Pune,2070
2024-03-21,Soybean,Pune,2068
2024-03-22,Soybean,Pune,2067
2024-03-23,Soybean,Pune,2064
2024-03-24,Soybean,Pune,2088
2024-03-25,Soybean,Pune,2105
2024-03-26,Soybean,Pune,2097
2024-03-27,Soybean,Pune,2110
2024-03-28,Soybean,Pune,2093
2024-03-29,Soybean,Pune,2092
2024-03-30,Soybean,Pune,2105
2024-03-31,Soybean,Pune,2088
2024-04-01,Soybean,Pune,2079
2024-04-02,Soybean,Pune,2099
2024-04-03,Soybean,Pune,2095
2024-04-04,Soybean,Pune,2093
2024-04-05,Soybean,Pune,2110
2024-04-06,Soybean,Pune,2114
2024-04-07,Soybean,Pune,2101
2024-04-08,Soybean,Pune,2121
2024-04-09,Soybean,Pune,2109
2024-04-10,Soybean,Pune,2112
2024-04-11,Soybean,Pune,2119
2024-04-12,Soybean,Pune,2142
2024-04-13,Soybean,Pune,2126
2024-04-14,Soybean,Pune,2125
2024-04-15,Soybean,Pune,2131
2024-04-16,Soybean,Pune,2152
2024-04-17,Soybean,Pune,2133
2024-04-18,Soybean,Pune,2129
2024-04-19,Soybean,Pune,2139
2024-04-20,Soybean,Pune,2122
2024-04-21,Soybean,Pune,2133
2024-04-22,Soybean,Pune,2138
2024-04-23,Soybean,Pune,2131
2024-04-24,Soybean,Pune,2128
2024-04-25,Soybean,Pune,2136
2024-04-26,Soybean,Pune,2131
2024-04-27,Soybean,Pune,2116
2024-04-28,Soybean,Pune,2124
2024-04-29,Soybean,Pune,2117
2024-04-30,Soybean,Pune,2131
2024-05-01,Soybean,Pune,2128
2024-05-02,Soybean,Pune,2120
2024-05-03,Soybean,Pune,2108
2024-05-04,Soybean,Pune,2095
2024-05-05,Soybean,Pune,2094
2024-05-06,Soybean,Pune,2084
2024-05-07,Soybean,Pune,2066
2024-05-08,Soybean,Pune,2064
2024-05-09,Soybean,Pune,2079
2024-05-10,Soybean,Pune,2089
2024-05-11,Soybean,Pune,2082
2024-05-12,Soybean,Pune,2089
2024-05-13,Soybean,Pune,2114
2024-05-14,Soybean,Pune,2135
2024-05-15,Soybean,Pune,2115
2024-05-16,Soybean,Pune,2116
2024-05-17,Soybean,Pune,2110
2024-05-18,Soybean,Pune,2115
2024-05-19,Soybean,Pune,2138
2024-05-20,Soybean,Pune,2133
2024-05-21,Soybean,Pune,2145
2024-05-22,Soybean,Pune,2169
2024-05-23,Soybean,Pune,2183
2024-05-24,Soybean,Pune,2194
2024-05-25,Soybean,Pune,2199
2024-05-26,Soybean,Pune,2199
2024-05-27,Soybean,Pune,2179
2024-05-28,Soybean,Pune,2161
2024-05-29,Soybean,Pune,2180
2024-05-30,Soybean,Pune,2168
2024-05-31,Soybean,Pune,2157
2024-06-01,Soybean,Pune,2145
2024-06-02,Soybean,Pune,2154
2024-06-03,Soybean,Pune,2175
2024-06-04,Soybean,Pune,2164
2024-06-05,Soybean,Pune,2159
2024-06-06,Soybean,Pune,2144
2024-06-07,Soybean,Pune,2124
2024-06-08,Soybean,Pune,2108
2024-06-09,Soybean,Pune,2116
2024-06-10,Soybean,Pune,2126
2024-06-11,Soybean,Pune,2134
2024-06-12,Soybean,Pune,2155
2024-06-13,Soybean,Pune,2174
2024-06-14,Soybean,Pune,2177
2024-06-15,Soybean,Pune,2192
2024-06-16,Soybean,Pune,2193
2024-06-17,Soybean,Pune,2186
2024-06-18,Soybean,Pune,2174
2024-06-19,Soybean,Pune,2179
2024-06-20,Soybean,Pune,2163
2024-06-21,Soybean,Pune,2181
2024-06-22,Soybean,Pune,2205
2024-06-23,Soybean,Pune,2208
2024-06-24,Soybean,Pune,2230
2024-06-25,Soybean,Pune,2213
2024-06-26,Soybean,Pune,2220
2024-06-27,Soybean,Pune,2235
2024-06-28,Soybean,Pune,2215
2024-06-29,Soybean,Pune,2201
2024-06-30,Soybean,Pune,2201
2024-07-01,Soybean,Pune,2197
2024-07-02,Soybean,Pune,2192
2024-07-03,Soybean,Pune,2185
2024-07-04,Soybean,Pune,2174
2024-07-05,Soybean,Pune,2182
2024-07-06,Soybean,Pune,2191
2024-07-07,Soybean,Pune,2183
2024-07-08,Soybean,Pune,2207
2024-07-09,Soybean,Pune,2230
2024-07-10,Soybean,Pune,2230
2024-07-11,Soybean,Pune,2244
2024-07-12,Soybean,Pune,2251
2024-07-13,Soybean,Pune,2266
2024-07-14,Soybean,Pune,2252
2024-07-15,Soybean,Pune,2277
2024-07-16,Soybean,Pune,2299
2024-07-17,Soybean,Pune,2283
2024-07-18,Soybean,Pune,2269
2024-07-19,Soybean,Pune,2268
2024-07-20,Soybean,Pune,2267
2024-07-21,Soybean,Pune,2268
2024-07-22,Soybean,Pune,2258
2024-07-23,Soybean,Pune,2248
2024-07-24,Soybean,Pune,2260
2024-07-25,Soybean,Pune,2274
2024-07-26,Soybean,Pune,2275
2024-07-27,Soybean,Pune,2259
2024-07-28,Soybean,Pune,2270
2024-07-29,Soybean,Pune,2275
2024-07-30,Soybean,Pune,2263
2024-07-31,Soybean,Pune,2267
2024-08-01,Soybean,Pune,2266
2024-08-02,Soybean,Pune,2252
2024-08-03,Soybean,Pune,2268
2024-08-04,Soybean,Pune,2270
2024-08-05,Soybean,Pune,2291
2024-08-06,Soybean,Pune,2273
2024-08-07,Soybean,Pune,2293
2024-08-08,Soybean,Pune,2305
2024-08-09,Soybean,Pune,2295
2024-08-10,Soybean,Pune,2314
2024-08-11,Soybean,Pune,2304
2024-08-12,Soybean,Pune,2296
2024-08-13,Soybean,Pune,2315
2024-08-14,Soybean,Pune,2331
2024-08-15,Soybean,Pune,2336
2024-08-16,Soybean,Pune,2336
2024-08-17,Soybean,Pune,2323
2024-08-18,Soybean,Pune,2344
2024-08-19,Soybean,Pune,2368
2024-08-20,Soybean,Pune,2358
2024-08-21,Soybean,Pune,2341
2024-08-22,Soybean,Pune,2337
2024-08-23,Soybean,Pune,2342
2024-08-24,Soybean,Pune,2354
2024-08-25,Soybean,Pune,2335
2024-08-26,Soybean,Pune,2339
2024-08-27,Soybean,Pune,2354
2024-08-28,Soybean,Pune,2355
2024-08-29,Soybean,Pune,2361
2024-08-30,Soybean,Pune,2351
2024-08-31,Soybean,Pune,2354
2024-09-01,Soybean,Pune,2376
2024-09-02,Soybean,Pune,2379
2024-09-03,Soybean,Pune,2395
2024-09-04,Soybean,Pune,2409
2024-09-05,Soybean,Pune,2416
2024-09-06,Soybean,Pune,2429
2024-09-07,Soybean,Pune,2420
2024-09-08,Soybean,Pune,2421
2024-09-09,Soybean,Pune,2445
2024-09-10,Soybean,Pune,2468
2024-09-11,Soybean,Pune,2456
2024-09-12,Soybean,Pune,2451
2024-09-13,Soybean,Pune,2458
2024-09-14,Soybean,Pune,2439
2024-09-15,Soybean,Pune,2457
2024-09-16,Soybean,Pune,2457
2024-09-17,Soybean,Pune,2449
2024-09-18,Soybean,Pune,2435
2024-09-19,Soybean,Pune,2418
2024-09-20,Soybean,Pune,2419
2024-09-21,Soybean,Pune,2442
2024-09-22,Soybean,Pune,2454
2024-09-23,Soybean,Pune,2457
2024-09-24,Soybean,Pune,2441
2024-09-25,Soybean,Pune,2451
2024-09-26,Soybean,Pune,2463
2024-09-27,Soybean,Pune,2486
2024-09-28,Soybean,Pune,2484
2024-09-29,Soybean,Pune,2508
2024-09-30,Soybean,Pune,2527
2024-10-01,Soybean,Pune,2513
2024-10-02,Soybean,Pune,2538
2024-10-03,Soybean,Pune,2529
2024-10-04,Soybean,Pune,2526
2024-10-05,Soybean,Pune,2520
2024-10-06,Soybean,Pune,2518
2024-10-07,Soybean,Pune,2534
2024-10-08,Soybean,Pune,2535
2024-10-09,Soybean,Pune,2515
2024-10-10,Soybean,Pune,2498
2024-10-11,Soybean,Pune,2502
2024-10-12,Soybean,Pune,2501
2024-10-13,Soybean,Pune,2518
2024-10-14,Soybean,Pune,2517
2024-10-15,Soybean,Pune,2533
2024-10-16,Soybean,Pune,2544
2024-10-17,Soybean,Pune,2537
2024-10-18,Soybean,Pune,2530
2024-10-19,Soybean,Pune,2535
2024-10-20,Soybean,Pune,2527
2024-10-21,Soybean,Pune,2536
2024-10-22,Soybean,Pune,2556
2024-10-23,Soybean,Pune,2542
2024-10-24,Soybean,Pune,2524
2024-10-25,Soybean,Pune,2505
2024-10-26,Soybean,Pune,2522
2024-10-27,Soybean,Pune,2514
2024-10-28,Soybean,Pune,2515
2024-10-29,Soybean,Pune,2531
2024-10-30,Soybean,Pune,2538
2024-10-31,Soybean,Pune,2539
2024-11-01,Soybean,Pune,2539
2024-11-02,Soybean,Pune,2528
2024-11-03,Soybean,Pune,2541
2024-11-04,Soybean,Pune,2527
2024-11-05,Soybean,Pune,2534
2024-11-06,Soybean,Pune,2546
2024-11-07,Soybean,Pune,2554
2024-11-08,Soybean,Pune,2537
2024-11-09,Soybean,Pune,2562
2024-11-10,Soybean,Pune,2557
2024-11-11,Soybean,Pune,2537
2024-11-12,Soybean,Pune,2520
2024-11-13,Soybean,Pune,2522
2024-11-14,Soybean,Pune,2543
2024-11-15,Soybean,Pune,2558
2024-11-16,Soybean,Pune,2576
2024-11-17,Soybean,Pune,2566
2024-11-18,Soybean,Pune,2571
2024-11-19,Soybean,Pune,2593
2024-11-20,Soybean,Pune,2582
2024-11-21,Soybean,Pune,2605
2024-11-22,Soybean,Pune,2630
2024-11-23,Soybean,Pune,2625
2024-11-24,Soybean,Pune,2613
2024-11-25,Soybean,Pune,2595
2024-11-26,Soybean,Pune,2603
2024-11-27,Soybean,Pune,2593
2024-11-28,Soybean,Pune,2579
2024-11-29,Soybean,Pune,2574
2024-11-30,Soybean,Pune,2582
2024-12-01,Soybean,Pune,2584
2024-12-02,Soybean,Pune,2569
2024-12-03,Soybean,Pune,2582
2024-12-04,Soybean,Pune,2592
2024-12-05,Soybean,Pune,2603
2024-12-06,Soybean,Pune,2586
2024-12-07,Soybean,Pune,2579
2024-12-08,Soybean,Pune,2578
2024-12-09,Soybean,Pune,2586
2024-12-10,Soybean,Pune,2610
2024-12-11,Soybean,Pune,2612
2024-12-12,Soybean,Pune,2632
2024-12-13,Soybean,Pune,2651
2024-12-14,Soybean,Pune,2668
2024-12-15,Soybean,Pune,2691
2024-12-16,Soybean,Pune,2694
2024-12-17,Soybean,Pune,2712
2024-12-18,Soybean,Pune,2716
2024-12-19,Soybean,Pune,2738
2024-12-20,Soybean,Pune,2729
2024-12-21,Soybean,Pune,2722
2024-12-22,Soybean,Pune,2719
2024-12-23,Soybean,Pune,2722
2024-12-24,Soybean,Pune,2747
2024-12-25,Soybean,Pune,2729
2024-12-26,Soybean,Pune,2745
2024-12-27,Soybean,Pune,2760
2024-12-28,Soybean,Pune,2754
2024-12-29,Soybean,Pune,2779
2024-12-30,Soybean,Pune,2767
2024-12-31,Soybean,Pune,2783
2025-01-01,Soybean,Pune,2805
2025-01-02,Soybean,Pune,2797
2025-01-03,Soybean,Pune,2793
2025-01-04,Soybean,Pune,2795
2025-01-05,Soybean,Pune,2795
2025-01-06,Soybean,Pune,2803
2025-01-07,Soybean,Pune,2784
2025-01-08,Soybean,Pune,2766
2025-01-09,Soybean,Pune,2761
2025-01-10,Soybean,Pune,2772
2025-01-11,Soybean,Pune,2752
2025-01-12,Soybean,Pune,2769
2025-01-13,Soybean,Pune,2786
2025-01-14,Soybean,Pune,2783
2025-01-15,Soybean,Pune,2797
2025-01-16,Soybean,Pune,2812
2025-01-17,Soybean,Pune,2807
2025-01-18,Soybean,Pune,2823
2025-01-19,Soybean,Pune,2840
2025-01-20,Soybean,Pune,2843
2025-01-21,Soybean,Pune,2838
2025-01-22,Soybean,Pune,2858
2025-01-23,Soybean,Pune,2882
2025-01-24,Soybean,Pune,2890
2025-01-25,Soybean,Pune,2889
2025-01-26,Soybean,Pune,2886
2025-01-27,Soybean,Pune,2909
2025-01-28,Soybean,Pune,2892
2025-01-29,Soybean,Pune,2906
2025-01-30,Soybean,Pune,2906
2025-01-31,Soybean,Pune,2899
2025-02-01,Soybean,Pune,2900
2025-02-02,Soybean,Pune,2923
2025-02-03,Soybean,Pune,2948
2025-02-04,Soybean,Pune,2951
2025-02-05,Soybean,Pune,2940
2025-02-06,Soybean,Pune,2921
2025-02-07,Soybean,Pune,2907
2025-02-08,Soybean,Pune,2902
2025-02-09,Soybean,Pune,2914
2025-02-10,Soybean,Pune,2910
2025-02-11,Soybean,Pune,2924
2025-02-12,Soybean,Pune,2930
2025-02-13,Soybean,Pune,2941
2025-02-14,Soybean,Pune,2937
2025-02-15,Soybean,Pune,2956
2025-02-16,Soybean,Pune,2972
2025-02-17,Soybean,Pune,2989
2025-02-18,Soybean,Pune,2979
2025-02-19,Soybean,Pune,2960
2025-02-20,Soybean,Pune,2950
2025-02-21,Soybean,Pune,2934
2025-02-22,Soybean,Pune,2924
2025-02-23,Soybean,Pune,2926
2025-02-24,Soybean,Pune,2914
2025-02-25,Soybean,Pune,2935
2025-02-26,Soybean,Pune,2928
2025-02-27,Soybean,Pune,2940
2025-02-28,Soybean,Pune,2921
2025-03-01,Soybean,Pune,2940
2025-03-02,Soybean,Pune,2934
2025-03-03,Soybean,Pune,2919
2025-03-04,Soybean,Pune,2907
2025-03-05,Soybean,Pune,2906
2025-03-06,Soybean,Pune,2907
2025-03-07,Soybean,Pune,2898
2025-03-08,Soybean,Pune,2882
2025-03-09,Soybean,Pune,2882
2025-03-10,Soybean,Pune,2884
2025-03-11,Soybean,Pune,2888
2025-03-12,Soybean,Pune,2911
2025-03-13,Soybean,Pune,2898
2025-03-14,Soybean,Pune,2889
2025-03-15,Soybean,Pune,2869
2025-03-16,Soybean,Pune,2886
2025-03-17,Soybean,Pune,2871
2025-03-18,Soybean,Pune,2857
2025-03-19,Soybean,Pune,2852
2025-03-20,Soybean,Pune,2865
2025-03-21,Soybean,Pune,2850
2025-03-22,Soybean,Pune,2842
2025-03-23,Soybean,Pune,2826
2025-03-24,Soybean,Pune,2840
2025-03-25,Soybean,Pune,2830
2025-03-26,Soybean,Pune,2826
2025-03-27,Soybean,Pune,2838
2025-03-28,Soybean,Pune,2820
2025-03-29,Soybean,Pune,2811
2025-03-30,Soybean,Pune,2791
2025-03-31,Soybean,Pune,2809
2025-04-01,Soybean,Pune,2822
2025-04-02,Soybean,Pune,2822
2025-04-03,Soybean,Pune,2821
2025-04-04,Soybean,Pune,2835
2025-04-05,Soybean,Pune,2819
2025-04-06,Soybean,Pune,2810
2025-04-07,Soybean,Pune,2800
2025-04-08,Soybean,Pune,2804
2025-04-09,Soybean,Pune,2799
2025-04-10,Soybean,Pune,2785
2025-04-11,Soybean,Pune,2809
2025-04-12,Soybean,Pune,2823
2025-04-13,Soybean,Pune,2829
2025-04-14,Soybean,Pune,2843
2025-04-15,Soybean,Pune,2849
2025-04-16,Soybean,Pune,2835
2025-04-17,Soybean,Pune,2834
2025-04-18,Soybean,Pune,2833
2025-04-19,Soybean,Pune,2816
2025-04-20,Soybean,Pune,2835
2025-04-21,Soybean,Pune,2825
2025-04-22,Soybean,Pune,2840
2025-04-23,Soybean,Pune,2827
2025-04-24,Soybean,Pune,2821
2025-04-25,Soybean,Pune,2833
2025-04-26,Soybean,Pune,2816
2025-04-27,Soybean,Pune,2816
2025-04-28,Soybean,Pune,2797
2025-04-29,Soybean,Pune,2805
2025-04-30,Soybean,Pune,2792
2025-05-01,Soybean,Pune,2775
2025-05-02,Soybean,Pune,2768
2025-05-03,Soybean,Pune,2764
2025-05-04,Soybean,Pune,2767
2025-05-05,Soybean,Pune,2754
2025-05-06,Soybean,Pune,2760
2025-05-07,Soybean,Pune,2771
2025-05-08,Soybean,Pune,2771
2025-05-09,Soybean,Pune,2766
2025-05-10,Soybean,Pune,2790
2025-05-11,Soybean,Pune,2774
2025-05-12,Soybean,Pune,2783
2025-05-13,Soybean,Pune,2806
2025-05-14,Soybean,Pune,2822
2025-05-15,Soybean,Pune,2806
2025-05-16,Soybean,Pune,2796
2025-05-17,Soybean,Pune,2813
2025-05-18,Soybean,Pune,2798
2025-05-19,Soybean,Pune,2804
2025-05-20,Soybean,Pune,2801
2025-05-21,Soybean,Pune,2796
2025-05-22,Soybean,Pune,2779
2025-05-23,Soybean,Pune,2765
2025-05-24,Soybean,Pune,2751
2025-05-25,Soybean,Pune,2734
2025-05-26,Soybean,Pune,2738
2025-05-27,Soybean,Pune,2748
2025-05-28,Soybean,Pune,2772
2025-05-29,Soybean,Pune,2767
2025-05-30,Soybean,Pune,2770
2025-05-31,Soybean,Pune,2766
2025-06-01,Soybean,Pune,2756
2025-06-02,Soybean,Pune,2745
2025-06-03,Soybean,Pune,2727
2025-06-04,Soybean,Pune,2735
2025-06-05,Soybean,Pune,2745
2025-06-06,Soybean,Pune,2768
2025-06-07,Soybean,Pune,2769
2025-06-08,Soybean,Pune,2778
2025-06-09,Soybean,Pune,2773
2025-06-10,Soybean,Pune,2771
2025-06-11,Soybean,Pune,2796
2025-06-12,Soybean,Pune,2799
2025-06-13,Soybean,Pune,2786
2025-06-14,Soybean,Pune,2786
2025-06-15,Soybean,Pune,2786
2025-06-16,Soybean,Pune,2795
2025-06-17,Soybean,Pune,2778
2025-06-18,Soybean,Pune,2764
2025-06-19,Soybean,Pune,2748
2025-06-20,Soybean,Pune,2747
2025-06-21,Soybean,Pune,2737
2025-06-22,Soybean,Pune,2738
2025-06-23,Soybean,Pune,2738
2025-06-24,Soybean,Pune,2745
2025-06-25,Soybean,Pune,2748
2025-06-26,Soybean,Pune,2757
2025-06-27,Soybean,Pune,2767
2025-06-28,Soybean,Pune,2756
2025-06-29,Soybean,Pune,2781
2025-06-30,Soybean,Pune,2780
2025-07-01,Soybean,Pune,2796
2025-07-02,Soybean,Pune,2804
2025-07-03,Soybean,Pune,2787
2025-07-04,Soybean,Pune,2811
2025-07-05,Soybean,Pune,2793
2025-07-06,Soybean,Pune,2779
2025-07-07,Soybean,Pune,2795
2025-07-08,Soybean,Pune,2776
2025-07-09,Soybean,Pune,2774
2025-07-10,Soybean,Pune,2756
2025-07-11,Soybean,Pune,2740
2025-07-12,Soybean,Pune,2731
2025-07-13,Soybean,Pune,2729
2025-07-14,Soybean,Pune,2754
2025-07-15,Soybean,Pune,2746
2025-07-16,Soybean,Pune,2728
2025-07-17,Soybean,Pune,2722
2025-07-18,Soybean,Pune,2719
2025-07-19,Soybean,Pune,2701
2025-07-20,Soybean,Pune,2711
2025-07-21,Soybean,Pune,2730
2025-07-22,Soybean,Pune,2736
2025-07-23,Soybean,Pune,2746
2025-07-24,Soybean,Pune,2743
2025-07-25,Soybean,Pune,2727
2025-07-26,Soybean,Pune,2726
2025-07-27,Soybean,Pune,2734
2025-07-28,Soybean,Pune,2750
2025-07-29,Soybean,Pune,2739
2025-07-30,Soybean,Pune,2762
2025-07-31,Soybean,Pune,2781
2025-08-01,Soybean,Pune,2777
2025-08-02,Soybean,Pune,2798
2025-08-03,Soybean,Pune,2814
2025-08-04,Soybean,Pune,2822
2025-08-05,Soybean,Pune,2846
2025-08-06,Soybean,Pune,2844
2025-08-07,Soybean,Pune,2828
2025-08-08,Soybean,Pune,2842
2025-08-09,Soybean,Pune,2848
2025-08-10,Soybean,Pune,2870
2025-08-11,Soybean,Pune,2893
2025-08-12,Soybean,Pune,2918
2025-08-13,Soybean,Pune,2916
2025-08-14,Soybean,Pune,2939
2025-08-15,Soybean,Pune,2950
2025-08-16,Soybean,Pune,2934
2025-08-17,Soybean,Pune,2936
2025-08-18,Soybean,Pune,2949
2025-08-19,Soybean,Pune,2965
2025-08-20,Soybean,Pune,2951
2025-08-21,Soybean,Pune,2948
2025-08-22,Soybean,Pune,2941
2025-08-23,Soybean,Pune,2923
2025-08-24,Soybean,Pune,2945
2025-08-25,Soybean,Pune,2954
2025-08-26,Soybean,Pune,2958
2025-08-27,Soybean,Pune,2980
2025-08-28,Soybean,Pune,2963
2025-08-29,Soybean,Pune,2974
2025-08-30,Soybean,Pune,2960
2025-08-31,Soybean,Pune,2967
2025-09-01,Soybean,Pune,2971
2025-09-02,Soybean,Pune,2951
2025-09-03,Soybean,Pune,2955
2025-09-04,Soybean,Pune,2978
2025-09-05,Soybean,Pune,2968
2025-09-06,Soybean,Pune,2971
2025-09-07,Soybean,Pune,2982
2025-09-08,Soybean,Pune,2983
2025-09-09,Soybean,Pune,2990
2025-09-10,Soybean,Pune,2997
2025-09-11,Soybean,Pune,3009
2025-09-12,Soybean,Pune,3010
2025-09-13,Soybean,Pune,3004
2025-09-14,Soybean,Pune,3015
2025-09-15,Soybean,Pune,3035
2025-09-16,Soybean,Pune,3045
2025-09-17,Soybean,Pune,3067
2025-09-18,Soybean,Pune,3070
2025-09-19,Soybean,Pune,3091
2025-09-20,Soybean,Pune,3087
2025-09-21,Soybean,Pune,3101
2025-09-22,Soybean,Pune,3089
2025-09-23,Soybean,Pune,3106
2025-09-24,Soybean,Pune,3128
2025-09-25,Soybean,Pune,3116
2025-09-26,Soybean,Pune,3114
2025-09-27,Soybean,Pune,3117
2025-09-28,Soybean,Pune,3134
2025-09-29,Soybean,Pune,3134
2025-09-30,Soybean,Pune,3152
2025-10-01,Soybean,Pune,3176
2025-10-02,Soybean,Pune,3198
2025-10-03,Soybean,Pune,3207
2025-10-04,Soybean,Pune,3187
2025-10-05,Soybean,Pune,3184
2025-10-06,Soybean,Pune,3172
2025-10-07,Soybean,Pune,3173
2025-10-08,Soybean,Pune,3174
2025-10-09,Soybean,Pune,3164
2025-10-10,Soybean,Pune,3147
2025-10-11,Soybean,Pune,3159
2025-10-12,Soybean,Pune,3183
2025-10-13,Soybean,Pune,3202
2025-10-14,Soybean,Pune,3215
2025-10-15,Soybean,Pune,3198
2025-10-16,Soybean,Pune,3211
2025-10-17,Soybean,Pune,3208
2025-10-18,Soybean,Pune,3208
2025-10-19,Soybean,Pune,3233
2025-10-20,Soybean,Pune,3244
2025-10-21,Soybean,Pune,3266
2025-10-22,Soybean,Pune,3271
2025-10-23,Soybean,Pune,3255
2025-10-24,Soybean,Pune,3245
2025-10-25,Soybean,Pune,3238
2025-10-26,Soybean,Pune,3261
2025-10-27,Soybean,Pune,3247
2025-10-28,Soybean,Pune,3256
2025-10-29,Soybean,Pune,3236
2025-10-30,Soybean,Pune,3260
2025-10-31,Soybean,Pune,3278
2025-11-01,Soybean,Pune,3284
2025-11-02,Soybean,Pune,3293
2025-11-03,Soybean,Pune,3302
2025-11-04,Soybean,Pune,3284
2025-11-05,Soybean,Pune,3272
2025-11-06,Soybean,Pune,3269
2025-11-07,Soybean,Pune,3256
2025-11-08,Soybean,Pune,3267
2025-11-09,Soybean,Pune,3277
2025-11-10,Soybean,Pune,3272
2025-11-11,Soybean,Pune,3259
2025-11-12,Soybean,Pune,3257
2025-11-13,Soybean,Pune,3249
2025-11-14,Soybean,Pune,3250
2025-11-15,Soybean,Pune,3237
2025-11-16,Soybean,Pune,3227
2025-11-17,Soybean,Pune,3232
2025-11-18,Soybean,Pune,3225
2025-11-19,Soybean,Pune,3239
2025-11-20,Soybean,Pune,3248
2025-11-21,Soybean,Pune,3257
2025-11-22,Soybean,Pune,3277
2025-11-23,Soybean,Pune,3295
2025-11-24,Soybean,Pune,3298
2025-11-25,Soybean,Pune,3321
2025-11-26,Soybean,Pune,3314
2025-11-27,Soybean,Pune,3301
2025-11-28,Soybean,Pune,3310
2025-11-29,Soybean,Pune,3332
2025-11-30,Soybean,Pune,3322
2025-12-01,Soybean,Pune,3315
2025-12-02,Soybean,Pune,3307
2025-12-03,Soybean,Pune,3316
2025-12-04,Soybean,Pune,3307
2025-12-05,Soybean,Pune,3290
2025-12-06,Soybean,Pune,3292
2025-12-07,Soybean,Pune,3297
2025-12-08,Soybean,Pune,3286
2025-12-09,Soybean,Pune,3280
2025-12-10,Soybean,Pune,3267
2025-12-11,Soybean,Pune,3292
2025-12-12,Soybean,Pune,3305
2025-12-13,Soybean,Pune,3295
2025-12-14,Soybean,Pune,3287
2025-12-15,Soybean,Pune,3282
2025-12-16,Soybean,Pune,3292
2025-12-17,Soybean,Pune,3274
2025-12-18,Soybean,Pune,3287
2025-12-19,Soybean,Pune,3288
2025-12-20,Soybean,Pune,3281
2025-12-21,Soybean,Pune,3269
2025-12-22,Soybean,Pune,3258
2025-12-23,Soybean,Pune,3278
2025-12-24,Soybean,Pune,3263
2025-12-25,Soybean,Pune,3282
2025-12-26,Soybean,Pune,3301
2025-12-27,Soybean,Pune,3323
2025-12-28,Soybean,Pune,3311
2025-12-29,Soybean,Pune,3315
2025-12-30,Soybean,Pune,3306
2025-12-31,Soybean,Pune,3319
2024-01-01,Soybean,Mumbai,1890
2024-01-02,Soybean,Mumbai,1909
2024-01-03,Soybean,Mumbai,1907
2024-01-04,Soybean,Mumbai,1900
2024-01-05,Soybean,Mumbai,1924
2024-01-06,Soybean,Mumbai,1949
2024-01-07,Soybean,Mumbai,1953
2024-01-08,Soybean,Mumbai,1957
2024-01-09,Soybean,Mumbai,1978
2024-01-10,Soybean,Mumbai,1991
2024-01-11,Soybean,Mumbai,2013
2024-01-12,Soybean,Mumbai,2016
2024-01-13,Soybean,Mumbai,1996
2024-01-14,Soybean,Mumbai,1992
2024-01-15,Soybean,Mumbai,2014
2024-01-16,Soybean,Mumbai,2025
2024-01-17,Soybean,Mumbai,2020
2024-01-18,Soybean,Mumbai,2017
2024-01-19,Soybean,Mumbai,2005
2024-01-20,Soybean,Mumbai,2003
2024-01-21,Soybean,Mumbai,2026
2024-01-22,Soybean,Mumbai,2008
2024-01-23,Soybean,Mumbai,2030
2024-01-24,Soybean,Mumbai,2020
2024-01-25,Soybean,Mumbai,2002
2024-01-26,Soybean,Mumbai,1986
2024-01-27,Soybean,Mumbai,1998
2024-01-28,Soybean,Mumbai,2011
2024-01-29,Soybean,Mumbai,2018
2024-01-30,Soybean,Mumbai,2019
2024-01-31,Soybean,Mumbai,2020
2024-02-01,Soybean,Mumbai,2007
2024-02-02,Soybean,Mumbai,1995
2024-02-03,Soybean,Mumbai,1979
2024-02-04,Soybean,Mumbai,1983
2024-02-05,Soybean,Mumbai,2003
2024-02-06,Soybean,Mumbai,1988
2024-02-07,Soybean,Mumbai,2013
2024-02-08,Soybean,Mumbai,2025
2024-02-09,Soybean,Mumbai,2038
2024-02-10,Soybean,Mumbai,2026
2024-02-11,Soybean,Mumbai,2048
2024-02-12,Soybean,Mumbai,2046
2024-02-13,Soybean,Mumbai,2048
2024-02-14,Soybean,Mumbai,2041
2024-02-15,Soybean,Mumbai,2029
2024-02-16,Soybean,Mumbai,2016
2024-02-17,Soybean,Mumbai,2009
2024-02-18,Soybean,Mumbai,2021
2024-02-19,Soybean,Mumbai,2008
2024-02-20,Soybean,Mumbai,2009
2024-02-21,Soybean,Mumbai,2024
2024-02-22,Soybean,Mumbai,2026
2024-02-23,Soybean,Mumbai,2011
2024-02-24,Soybean,Mumbai,1999
2024-02-25,Soybean,Mumbai,1989
2024-02-26,Soybean,Mumbai,1978
2024-02-27,Soybean,Mumbai,1963
2024-02-28,Soybean,Mumbai,1985
2024-02-29,Soybean,Mumbai,1982
2024-03-01,Soybean,Mumbai,1968
2024-03-02,Soybean,Mumbai,1981
2024-03-03,Soybean,Mumbai,1986
2024-03-04,Soybean,Mumbai,1971
2024-03-05,Soybean,Mumbai,1955
2024-03-06,Soybean,Mumbai,1957
2024-03-07,Soybean,Mumbai,1967
2024-03-08,Soybean,Mumbai,1962
2024-03-09,Soybean,Mumbai,1971
2024-03-10,Soybean,Mumbai,1961
2024-03-11,Soybean,Mumbai,1953
2024-03-12,Soybean,Mumbai,1969
2024-03-13,Soybean,Mumbai,1962
2024-03-14,Soybean,Mumbai,1980
2024-03-15,Soybean,Mumbai,1991
2024-03-16,Soybean,Mumbai,2001
2024-03-17,Soybean,Mumbai,1981
2024-03-18,Soybean,Mumbai,2001
2024-03-19,Soybean,Mumbai,1999
2024-03-20,Soybean,Mumbai,2023
2024-03-21,Soybean,Mumbai,2033
2024-03-22,Soybean,Mumbai,2043
2024-03-23,Soybean,Mumbai,2036
2024-03-24,Soybean,Mumbai,2060
2024-03-25,Soybean,Mumbai,2067
2024-03-26,Soybean,Mumbai,2081
2024-03-27,Soybean,Mumbai,2098
2024-03-28,Soybean,Mumbai,2106
2024-03-29,Soybean,Mumbai,2114
2024-03-30,Soybean,Mumbai,2133
2024-03-31,Soybean,Mumbai,2147
2024-04-01,Soybean,Mumbai,2162
2024-04-02,Soybean,Mumbai,2170
2024-04-03,Soybean,Mumbai,2177
2024-04-04,Soybean,Mumbai,2162
2024-04-05,Soybean,Mumbai,2163
2024-04-06,Soybean,Mumbai,2164
2024-04-07,Soybean,Mumbai,2174
2024-04-08,Soybean,Mumbai,2196
2024-04-09,Soybean,Mumbai,2209
2024-04-10,Soybean,Mumbai,2201
2024-04-11,Soybean,Mumbai,2226
2024-04-12,Soybean,Mumbai,2230
2024-04-13,Soybean,Mumbai,2254
2024-04-14,Soybean,Mumbai,2250
2024-04-15,Soybean,Mumbai,2262
2024-04-16,Soybean,Mumbai,2276
2024-04-17,Soybean,Mumbai,2278
2024-04-18,Soybean,Mumbai,2261
2024-04-19,Soybean,Mumbai,2271
2024-04-20,Soybean,Mumbai,2289
2024-04-21,Soybean,Mumbai,2283
2024-04-22,Soybean,Mumbai,2296
2024-04-23,Soybean,Mumbai,2304
2024-04-24,Soybean,Mumbai,2309
2024-04-25,Soybean,Mumbai,2316
2024-04-26,Soybean,Mumbai,2334
2024-04-27,Soybean,Mumbai,2315
2024-04-28,Soybean,Mumbai,2309
2024-04-29,Soybean,Mumbai,2300
2024-04-30,Soybean,Mumbai,2321
2024-05-01,Soybean,Mumbai,2314
2024-05-02,Soybean,Mumbai,2335
2024-05-03,Soybean,Mumbai,2354
2024-05-04,Soybean,Mumbai,2368
2024-05-05,Soybean,Mumbai,2359
2024-05-06,Soybean,Mumbai,2381
2024-05-07,Soybean,Mumbai,2392
2024-05-08,Soybean,Mumbai,2396
2024-05-09,Soybean,Mumbai,2376
2024-05-10,Soybean,Mumbai,2393
2024-05-11,Soybean,Mumbai,2407
2024-05-12,Soybean,Mumbai,2405
2024-05-13,Soybean,Mumbai,2420
2024-05-14,Soybean,Mumbai,2402
2024-05-15,Soybean,Mumbai,2397
2024-05-16,Soybean,Mumbai,2419
2024-05-17,Soybean,Mumbai,2441
2024-05-18,Soybean,Mumbai,2425
2024-05-19,Soybean,Mumbai,2407
2024-05-20,Soybean,Mumbai,2391
2024-05-21,Soybean,Mumbai,2394
2024-05-22,Soybean,Mumbai,2384
2024-05-23,Soybean,Mumbai,2398
2024-05-24,Soybean,Mumbai,2408
2024-05-25,Soybean,Mumbai,2408
2024-05-26,Soybean,Mumbai,2417
2024-05-27,Soybean,Mumbai,2407
2024-05-28,Soybean,Mumbai,2411
2024-05-29,Soybean,Mumbai,2435
2024-05-30,Soybean,Mumbai,2425
2024-05-31,Soybean,Mumbai,2449
2024-06-01,Soybean,Mumbai,2439
2024-06-02,Soybean,Mumbai,2441
2024-06-03,Soybean,Mumbai,2449
2024-06-04,Soybean,Mumbai,2463
2024-06-05,Soybean,Mumbai,2468
2024-06-06,Soybean,Mumbai,2484
2024-06-07,Soybean,Mumbai,2492
2024-06-08,Soybean,Mumbai,2501
2024-06-09,Soybean,Mumbai,2512
2024-06-10,Soybean,Mumbai,2497
2024-06-11,Soybean,Mumbai,2521
2024-06-12,Soybean,Mumbai,2546
2024-06-13,Soybean,Mumbai,2529
2024-06-14,Soybean,Mumbai,2546
2024-06-15,Soybean,Mumbai,2537
2024-06-16,Soybean,Mumbai,2530
2024-06-17,Soybean,Mumbai,2527
2024-06-18,Soybean,Mumbai,2548
2024-06-19,Soybean,Mumbai,2565
2024-06-20,Soybean,Mumbai,2571
2024-06-21,Soybean,Mumbai,2561
2024-06-22,Soybean,Mumbai,2550
2024-06-23,Soybean,Mumbai,2555
2024-06-24,Soybean,Mumbai,2577
2024-06-25,Soybean,Mumbai,2593
2024-06-26,Soybean,Mumbai,2618
2024-06-27,Soybean,Mumbai,2622
2024-06-28,Soybean,Mumbai,2638
2024-06-29,Soybean,Mumbai,2620
2024-06-30,Soybean,Mumbai,2625
2024-07-01,Soybean,Mumbai,2644
2024-07-02,Soybean,Mumbai,2633
2024-07-03,Soybean,Mumbai,2652
2024-07-04,Soybean,Mumbai,2663
2024-07-05,Soybean,Mumbai,2669
2024-07-06,Soybean,Mumbai,2690
2024-07-07,Soybean,Mumbai,2670
2024-07-08,Soybean,Mumbai,2669
2024-07-09,Soybean,Mumbai,2678
2024-07-10,Soybean,Mumbai,2691
2024-07-11,Soybean,Mumbai,2710
2024-07-12,Soybean,Mumbai,2700
2024-07-13,Soybean,Mumbai,2704
2024-07-14,Soybean,Mumbai,2724
2024-07-15,Soybean,Mumbai,2708
2024-07-16,Soybean,Mumbai,2710
2024-07-17,Soybean,Mumbai,2706
2024-07-18,Soybean,Mumbai,2729
2024-07-19,Soybean,Mumbai,2722
2024-07-20,Soybean,Mumbai,2731
2024-07-21,Soybean,Mumbai,2728
2024-07-22,Soybean,Mumbai,2709
2024-07-23,Soybean,Mumbai,2734
2024-07-24,Soybean,Mumbai,2751
2024-07-25,Soybean,Mumbai,2746
2024-07-26,Soybean,Mumbai,2760
2024-07-27,Soybean,Mumbai,2748
2024-07-28,Soybean,Mumbai,2763
2024-07-29,Soybean,Mumbai,2744
2024-07-30,Soybean,Mumbai,2743
2024-07-31,Soybean,Mumbai,2750
2024-08-01,Soybean,Mumbai,2753
2024-08-02,Soybean,Mumbai,2775
2024-08-03,Soybean,Mumbai,2755
2024-08-04,Soybean,Mumbai,2770
2024-08-05,Soybean,Mumbai,2763
2024-08-06,Soybean,Mumbai,2760
2024-08-07,Soybean,Mumbai,2752
2024-08-08,Soybean,Mumbai,2753
2024-08-09,Soybean,Mumbai,2751
2024-08-10,Soybean,Mumbai,2752
2024-08-11,Soybean,Mumbai,2761
2024-08-12,Soybean,Mumbai,2775
2024-08-13,Soybean,Mumbai,2791
2024-08-14,Soybean,Mumbai,2782
2024-08-15,Soybean,Mumbai,2800
2024-08-16,Soybean,Mumbai,2789
2024-08-17,Soybean,Mumbai,2782
2024-08-18,Soybean,Mumbai,2780
2024-08-19,Soybean,Mumbai,2800
2024-08-20,Soybean,Mumbai,2793
2024-08-21,Soybean,Mumbai,2795
2024-08-22,Soybean,Mumbai,2786
2024-08-23,Soybean,Mumbai,2804
2024-08-24,Soybean,Mumbai,2798
2024-08-25,Soybean,Mumbai,2797
2024-08-26,Soybean,Mumbai,2811
2024-08-27,Soybean,Mumbai,2834
2024-08-28,Soybean,Mumbai,2814
2024-08-29,Soybean,Mumbai,2832
2024-08-30,Soybean,Mumbai,2854
2024-08-31,Soybean,Mumbai,2879
2024-09-01,Soybean,Mumbai,2881
2024-09-02,Soybean,Mumbai,2883
2024-09-03,Soybean,Mumbai,2894
2024-09-04,Soybean,Mumbai,2906
2024-09-05,Soybean,Mumbai,2930
2024-09-06,Soybean,Mumbai,2944
2024-09-07,Soybean,Mumbai,2931
2024-09-08,Soybean,Mumbai,2926
2024-09-09,Soybean,Mumbai,2912
2024-09-10,Soybean,Mumbai,2911
2024-09-11,Soybean,Mumbai,2915
2024-09-12,Soybean,Mumbai,2916
2024-09-13,Soybean,Mumbai,2907
2024-09-14,Soybean,Mumbai,2928
2024-09-15,Soybean,Mumbai,2946
2024-09-16,Soybean,Mumbai,2941
2024-09-17,Soybean,Mumbai,2950
2024-09-18,Soybean,Mumbai,2948
2024-09-19,Soybean,Mumbai,2971
2024-09-20,Soybean,Mumbai,2993
2024-09-21,Soybean,Mumbai,2979
2024-09-22,Soybean,Mumbai,2980
2024-09-23,Soybean,Mumbai,2991
2024-09-24,Soybean,Mumbai,3007
2024-09-25,Soybean,Mumbai,3009
2024-09-26,Soybean,Mumbai,2998
2024-09-27,Soybean,Mumbai,2983
2024-09-28,Soybean,Mumbai,2998
2024-09-29,Soybean,Mumbai,2998
2024-09-30,Soybean,Mumbai,3016
2024-10-01,Soybean,Mumbai,3033
2024-10-02,Soybean,Mumbai,3039
2024-10-03,Soybean,Mumbai,3058
2024-10-04,Soybean,Mumbai,3057
2024-10-05,Soybean,Mumbai,3077
2024-10-06,Soybean,Mumbai,3069
2024-10-07,Soybean,Mumbai,3078
2024-10-08,Soybean,Mumbai,3094
2024-10-09,Soybean,Mumbai,3110
2024-10-10,Soybean,Mumbai,3116
2024-10-11,Soybean,Mumbai,3113
2024-10-12,Soybean,Mumbai,3119
2024-10-13,Soybean,Mumbai,3112
2024-10-14,Soybean,Mumbai,3104
2024-10-15,Soybean,Mumbai,3111
2024-10-16,Soybean,Mumbai,3091
2024-10-17,Soybean,Mumbai,3095
2024-10-18,Soybean,Mumbai,3119
2024-10-19,Soybean,Mumbai,3101
2024-10-20,Soybean,Mumbai,3106
2024-10-21,Soybean,Mumbai,3129
2024-10-22,Soybean,Mumbai,3118
2024-10-23,Soybean,Mumbai,3133
2024-10-24,Soybean,Mumbai,3115
2024-10-25,Soybean,Mumbai,3136
2024-10-26,Soybean,Mumbai,3152
2024-10-27,Soybean,Mumbai,3144
2024-10-28,Soybean,Mumbai,3130
2024-10-29,Soybean,Mumbai,3131
2024-10-30,Soybean,Mumbai,3112
2024-10-31,Soybean,Mumbai,3099
2024-11-01,Soybean,Mumbai,3117
2024-11-02,Soybean,Mumbai,3119
2024-11-03,Soybean,Mumbai,3109
2024-11-04,Soybean,Mumbai,3108
2024-11-05,Soybean,Mumbai,3098
2024-11-06,Soybean,Mumbai,3115
2024-11-07,Soybean,Mumbai,3114
2024-11-08,Soybean,Mumbai,3130
2024-11-09,Soybean,Mumbai,3123
2024-11-10,Soybean,Mumbai,3129
2024-11-11,Soybean,Mumbai,3127
2024-11-12,Soybean,Mumbai,3147
2024-11-13,Soybean,Mumbai,3172
2024-11-14,Soybean,Mumbai,3181
2024-11-15,Soybean,Mumbai,3193
2024-11-16,Soybean,Mumbai,3182
2024-11-17,Soybean,Mumbai,3164
2024-11-18,Soybean,Mumbai,3179
2024-11-19,Soybean,Mumbai,3194
2024-11-20,Soybean,Mumbai,3210
2024-11-21,Soybean,Mumbai,3191
2024-11-22,Soybean,Mumbai,3210
2024-11-23,Soybean,Mumbai,3228
2024-11-24,Soybean,Mumbai,3236
2024-11-25,Soybean,Mumbai,3234
2024-11-26,Soybean,Mumbai,3224
2024-11-27,Soybean,Mumbai,3226
2024-11-28,Soybean,Mumbai,3215
2024-11-29,Soybean,Mumbai,3197
2024-11-30,Soybean,Mumbai,3192
2024-12-01,Soybean,Mumbai,3179
2024-12-02,Soybean,Mumbai,3167
2024-12-03,Soybean,Mumbai,3149
2024-12-04,Soybean,Mumbai,3165
2024-12-05,Soybean,Mumbai,3154
2024-12-06,Soybean,Mumbai,3158
2024-12-07,Soybean,Mumbai,3142
2024-12-08,Soybean,Mumbai,3151
2024-12-09,Soybean,Mumbai,3141
2024-12-10,Soybean,Mumbai,3147
2024-12-11,Soybean,Mumbai,3145
2024-12-12,Soybean,Mumbai,3133
2024-12-13,Soybean,Mumbai,3145
2024-12-14,Soybean,Mumbai,3135
2024-12-15,Soybean,Mumbai,3123
2024-12-16,Soybean,Mumbai,3132
2024-12-17,Soybean,Mumbai,3120
2024-12-18,Soybean,Mumbai,3128
2024-12-19,Soybean,Mumbai,3128
2024-12-20,Soybean,Mumbai,3130
2024-12-21,Soybean,Mumbai,3123
2024-12-22,Soybean,Mumbai,3123
2024-12-23,Soybean,Mumbai,3107
2024-12-24,Soybean,Mumbai,3121
2024-12-25,Soybean,Mumbai,3131
2024-12-26,Soybean,Mumbai,3112
2024-12-27,Soybean,Mumbai,3135
2024-12-28,Soybean,Mumbai,3131
2024-12-29,Soybean,Mumbai,3142
2024-12-30,Soybean,Mumbai,3139
2024-12-31,Soybean,Mumbai,3152
2025-01-01,Soybean,Mumbai,3154
2025-01-02,Soybean,Mumbai,3173
2025-01-03,Soybean,Mumbai,3188
2025-01-04,Soybean,Mumbai,3182
2025-01-05,Soybean,Mumbai,3190
2025-01-06,Soybean,Mumbai,3186
2025-01-07,Soybean,Mumbai,3207
2025-01-08,Soybean,Mumbai,3208
2025-01-09,Soybean,Mumbai,3224
2025-01-10,Soybean,Mumbai,3236
2025-01-11,Soybean,Mumbai,3221
2025-01-12,Soybean,Mumbai,3204
2025-01-13,Soybean,Mumbai,3188
2025-01-14,Soybean,Mumbai,3211
2025-01-15,Soybean,Mumbai,3228
2025-01-16,Soybean,Mumbai,3228
2025-01-17,Soybean,Mumbai,3218
2025-01-18,Soybean,Mumbai,3210
2025-01-19,Soybean,Mumbai,3206
2025-01-20,Soybean,Mumbai,3191
2025-01-21,Soybean,Mumbai,3184
2025-01-22,Soybean,Mumbai,3203
2025-01-23,Soybean,Mumbai,3221
2025-01-24,Soybean,Mumbai,3210
2025-01-25,Soybean,Mumbai,3195
2025-01-26,Soybean,Mumbai,3208
2025-01-27,Soybean,Mumbai,3219
2025-01-28,Soybean,Mumbai,3238
2025-01-29,Soybean,Mumbai,3242
2025-01-30,Soybean,Mumbai,3260
2025-01-31,Soybean,Mumbai,3267
2025-02-01,Soybean,Mumbai,3250
2025-02-02,Soybean,Mumbai,3251
2025-02-03,Soybean,Mumbai,3269
2025-02-04,Soybean,Mumbai,3275
2025-02-05,Soybean,Mumbai,3296
2025-02-06,Soybean,Mumbai,3279
2025-02-07,Soybean,Mumbai,3264
2025-02-08,Soybean,Mumbai,3266
2025-02-09,Soybean,Mumbai,3255
2025-02-10,Soybean,Mumbai,3256
2025-02-11,Soybean,Mumbai,3278
2025-02-12,Soybean,Mumbai,3291
2025-02-13,Soybean,Mumbai,3292
2025-02-14,Soybean,Mumbai,3302
2025-02-15,Soybean,Mumbai,3310
2025-02-16,Soybean,Mumbai,3316
2025-02-17,Soybean,Mumbai,3325
2025-02-18,Soybean,Mumbai,3309
2025-02-19,Soybean,Mumbai,3311
2025-02-20,Soybean,Mumbai,3319
2025-02-21,Soybean,Mumbai,3318
2025-02-22,Soybean,Mumbai,3318
2025-02-23,Soybean,Mumbai,3300
2025-02-24,Soybean,Mumbai,3303
2025-02-25,Soybean,Mumbai,3310
2025-02-26,Soybean,Mumbai,3292
2025-02-27,Soybean,Mumbai,3272
2025-02-28,Soybean,Mumbai,3268
2025-03-01,Soybean,Mumbai,3268
2025-03-02,Soybean,Mumbai,3248
2025-03-03,Soybean,Mumbai,3267
2025-03-04,Soybean,Mumbai,3259
2025-03-05,Soybean,Mumbai,3263
2025-03-06,Soybean,Mumbai,3282
2025-03-07,Soybean,Mumbai,3306
2025-03-08,Soybean,Mumbai,3296
2025-03-09,Soybean,Mumbai,3283
2025-03-10,Soybean,Mumbai,3270
2025-03-11,Soybean,Mumbai,3254
2025-03-12,Soybean,Mumbai,3236
2025-03-13,Soybean,Mumbai,3261
2025-03-14,Soybean,Mumbai,3257
2025-03-15,Soybean,Mumbai,3280
2025-03-16,Soybean,Mumbai,3289
2025-03-17,Soybean,Mumbai,3270
2025-03-18,Soybean,Mumbai,3259
2025-03-19,Soybean,Mumbai,3269
2025-03-20,Soybean,Mumbai,3286
2025-03-21,Soybean,Mumbai,3270
2025-03-22,Soybean,Mumbai,3263
2025-03-23,Soybean,Mumbai,3260
2025-03-24,Soybean,Mumbai,3277
2025-03-25,Soybean,Mumbai,3287
2025-03-26,Soybean,Mumbai,3279
2025-03-27,Soybean,Mumbai,3293
2025-03-28,Soybean,Mumbai,3277
2025-03-29,Soybean,Mumbai,3279
2025-03-30,Soybean,Mumbai,3265
2025-03-31,Soybean,Mumbai,3258
2025-04-01,Soybean,Mumbai,3277
2025-04-02,Soybean,Mumbai,3294
2025-04-03,Soybean,Mumbai,3297
2025-04-04,Soybean,Mumbai,3301
2025-04-05,Soybean,Mumbai,3326
2025-04-06,Soybean,Mumbai,3334
2025-04-07,Soybean,Mumbai,3345
2025-04-08,Soybean,Mumbai,3363
2025-04-09,Soybean,Mumbai,3378
2025-04-10,Soybean,Mumbai,3376
2025-04-11,Soybean,Mumbai,3365
2025-04-12,Soybean,Mumbai,3387
2025-04-13,Soybean,Mumbai,3407
2025-04-14,Soybean,Mumbai,3406
2025-04-15,Soybean,Mumbai,3403
2025-04-16,Soybean,Mumbai,3428
2025-04-17,Soybean,Mumbai,3420
2025-04-18,Soybean,Mumbai,3443
2025-04-19,Soybean,Mumbai,3436
2025-04-20,Soybean,Mumbai,3458
2025-04-21,Soybean,Mumbai,3471
2025-04-22,Soybean,Mumbai,3452
2025-04-23,Soybean,Mumbai,3439
2025-04-24,Soybean,Mumbai,3454
2025-04-25,Soybean,Mumbai,3461
2025-04-26,Soybean,Mumbai,3463
2025-04-27,Soybean,Mumbai,3456
2025-04-28,Soybean,Mumbai,3453
2025-04-29,Soybean,Mumbai,3448
2025-04-30,Soybean,Mumbai,3465
2025-05-01,Soybean,Mumbai,3472
2025-05-02,Soybean,Mumbai,3493
2025-05-03,Soybean,Mumbai,3484
2025-05-04,Soybean,Mumbai,3484
2025-05-05,Soybean,Mumbai,3502
2025-05-06,Soybean,Mumbai,3507
2025-05-07,Soybean,Mumbai,3504
2025-05-08,Soybean,Mumbai,3520
2025-05-09,Soybean,Mumbai,3540
2025-05-10,Soybean,Mumbai,3531
2025-05-11,Soybean,Mumbai,3536
2025-05-12,Soybean,Mumbai,3534
2025-05-13,Soybean,Mumbai,3541
2025-05-14,Soybean,Mumbai,3542
2025-05-15,Soybean,Mumbai,3522
2025-05-16,Soybean,Mumbai,3513
2025-05-17,Soybean,Mumbai,3516
2025-05-18,Soybean,Mumbai,3540
2025-05-19,Soybean,Mumbai,3551
2025-05-20,Soybean,Mumbai,3568
2025-05-21,Soybean,Mumbai,3564
2025-05-22,Soybean,Mumbai,3550
2025-05-23,Soybean,Mumbai,3531
2025-05-24,Soybean,Mumbai,3515
2025-05-25,Soybean,Mumbai,3526
2025-05-26,Soybean,Mumbai,3512
2025-05-27,Soybean,Mumbai,3503
2025-05-28,Soybean,Mumbai,3488
2025-05-29,Soybean,Mumbai,3475
2025-05-30,Soybean,Mumbai,3462
2025-05-31,Soybean,Mumbai,3457
2025-06-01,Soybean,Mumbai,3442
2025-06-02,Soybean,Mumbai,3461
2025-06-03,Soybean,Mumbai,3477
2025-06-04,Soybean,Mumbai,3481
2025-06-05,Soybean,Mumbai,3484
2025-06-06,Soybean,Mumbai,3496
2025-06-07,Soybean,Mumbai,3500
2025-06-08,Soybean,Mumbai,3499
2025-06-09,Soybean,Mumbai,3506
2025-06-10,Soybean,Mumbai,3497
2025-06-11,Soybean,Mumbai,3479
2025-06-12,Soybean,Mumbai,3491
2025-06-13,Soybean,Mumbai,3494
2025-06-14,Soybean,Mumbai,3479
2025-06-15,Soybean,Mumbai,3494
2025-06-16,Soybean,Mumbai,3517
2025-06-17,Soybean,Mumbai,3521
2025-06-18,Soybean,Mumbai,3512
2025-06-19,Soybean,Mumbai,3494
2025-06-20,Soybean,Mumbai,3478
2025-06-21,Soybean,Mumbai,3492
2025-06-22,Soybean,Mumbai,3508
2025-06-23,Soybean,Mumbai,3522
2025-06-24,Soybean,Mumbai,3543
2025-06-25,Soybean,Mumbai,3559
2025-06-26,Soybean,Mumbai,3578
2025-06-27,Soybean,Mumbai,3598
2025-06-28,Soybean,Mumbai,3600
2025-06-29,Soybean,Mumbai,3583
2025-06-30,Soybean,Mumbai,3568
2025-07-01,Soybean,Mumbai,3583
2025-07-02,Soybean,Mumbai,3573
2025-07-03,Soybean,Mumbai,3597
2025-07-04,Soybean,Mumbai,3622
2025-07-05,Soybean,Mumbai,3621
2025-07-06,Soybean,Mumbai,3608
2025-07-07,Soybean,Mumbai,3597
2025-07-08,Soybean,Mumbai,3619
2025-07-09,Soybean,Mumbai,3614
2025-07-10,Soybean,Mumbai,3639
2025-07-11,Soybean,Mumbai,3622
2025-07-12,Soybean,Mumbai,3604
2025-07-13,Soybean,Mumbai,3587
2025-07-14,Soybean,Mumbai,3581
2025-07-15,Soybean,Mumbai,3593
2025-07-16,Soybean,Mumbai,3593
2025-07-17,Soybean,Mumbai,3615
2025-07-18,Soybean,Mumbai,3610
2025-07-19,Soybean,Mumbai,3620
2025-07-20,Soybean,Mumbai,3633
2025-07-21,Soybean,Mumbai,3623
2025-07-22,Soybean,Mumbai,3637
2025-07-23,Soybean,Mumbai,3624
2025-07-24,Soybean,Mumbai,3636
2025-07-25,Soybean,Mumbai,3647
2025-07-26,Soybean,Mumbai,3642
2025-07-27,Soybean,Mumbai,3622
2025-07-28,Soybean,Mumbai,3604
2025-07-29,Soybean,Mumbai,3606
2025-07-30,Soybean,Mumbai,3613
2025-07-31,Soybean,Mumbai,3634
2025-08-01,Soybean,Mumbai,3653
2025-08-02,Soybean,Mumbai,3639
2025-08-03,Soybean,Mumbai,3664
2025-08-04,Soybean,Mumbai,3684
2025-08-05,Soybean,Mumbai,3707
2025-08-06,Soybean,Mumbai,3691
2025-08-07,Soybean,Mumbai,3673
2025-08-08,Soybean,Mumbai,3697
2025-08-09,Soybean,Mumbai,3687
2025-08-10,Soybean,Mumbai,3676
2025-08-11,Soybean,Mumbai,3659
2025-08-12,Soybean,Mumbai,3659
2025-08-13,Soybean,Mumbai,3647
2025-08-14,Soybean,Mumbai,3672
2025-08-15,Soybean,Mumbai,3659
2025-08-16,Soybean,Mumbai,3647
2025-08-17,Soybean,Mumbai,3641
2025-08-18,Soybean,Mumbai,3633
2025-08-19,Soybean,Mumbai,3615
2025-08-20,Soybean,Mumbai,3608
2025-08-21,Soybean,Mumbai,3633
2025-08-22,Soybean,Mumbai,3638
2025-08-23,Soybean,Mumbai,3638
2025-08-24,Soybean,Mumbai,3641
2025-08-25,Soybean,Mumbai,3628
2025-08-26,Soybean,Mumbai,3618
2025-08-27,Soybean,Mumbai,3622
2025-08-28,Soybean,Mumbai,3638
2025-08-29,Soybean,Mumbai,3650
2025-08-30,Soybean,Mumbai,3653
2025-08-31,Soybean,Mumbai,3653
2025-09-01,Soybean,Mumbai,3673
2025-09-02,Soybean,Mumbai,3658
2025-09-03,Soybean,Mumbai,3670
2025-09-04,Soybean,Mumbai,3660
2025-09-05,Soybean,Mumbai,3673
2025-09-06,Soybean,Mumbai,3682
2025-09-07,Soybean,Mumbai,3675
2025-09-08,Soybean,Mumbai,3670
2025-09-09,Soybean,Mumbai,3668
2025-09-10,Soybean,Mumbai,3658
2025-09-11,Soybean,Mumbai,3650
2025-09-12,Soybean,Mumbai,3641
2025-09-13,Soybean,Mumbai,3638
2025-09-14,Soybean,Mumbai,3654
2025-09-15,Soybean,Mumbai,3669
2025-09-16,Soybean,Mumbai,3652
2025-09-17,Soybean,Mumbai,3645
2025-09-18,Soybean,Mumbai,3648
2025-09-19,Soybean,Mumbai,3665
2025-09-20,Soybean,Mumbai,3650
2025-09-21,Soybean,Mumbai,3635
2025-09-22,Soybean,Mumbai,3630
2025-09-23,Soybean,Mumbai,3618
2025-09-24,Soybean,Mumbai,3600
2025-09-25,Soybean,Mumbai,3622
2025-09-26,Soybean,Mumbai,3615
2025-09-27,Soybean,Mumbai,3618
2025-09-28,Soybean,Mumbai,3631
2025-09-29,Soybean,Mumbai,3629
2025-09-30,Soybean,Mumbai,3648
2025-10-01,Soybean,Mumbai,3665
2025-10-02,Soybean,Mumbai,3660
2025-10-03,Soybean,Mumbai,3667
2025-10-04,Soybean,Mumbai,3662
2025-10-05,Soybean,Mumbai,3643
2025-10-06,Soybean,Mumbai,3650
2025-10-07,Soybean,Mumbai,3644
2025-10-08,Soybean,Mumbai,3641
2025-10-09,Soybean,Mumbai,3630
2025-10-10,Soybean,Mumbai,3623
2025-10-11,Soybean,Mumbai,3639
2025-10-12,Soybean,Mumbai,3658
2025-10-13,Soybean,Mumbai,3639
2025-10-14,Soybean,Mumbai,3631
2025-10-15,Soybean,Mumbai,3637
2025-10-16,Soybean,Mumbai,3657
2025-10-17,Soybean,Mumbai,3640
2025-10-18,Soybean,Mumbai,3645
2025-10-19,Soybean,Mumbai,3654
2025-10-20,Soybean,Mumbai,3650
2025-10-21,Soybean,Mumbai,3643
2025-10-22,Soybean,Mumbai,3642
2025-10-23,Soybean,Mumbai,3641
2025-10-24,Soybean,Mumbai,3664
2025-10-25,Soybean,Mumbai,3652
2025-10-26,Soybean,Mumbai,3664
2025-10-27,Soybean,Mumbai,3644
2025-10-28,Soybean,Mumbai,3666
2025-10-29,Soybean,Mumbai,3691
2025-10-30,Soybean,Mumbai,3686
2025-10-31,Soybean,Mumbai,3703
2025-11-01,Soybean,Mumbai,3699
2025-11-02,Soybean,Mumbai,3701
2025-11-03,Soybean,Mumbai,3696
2025-11-04,Soybean,Mumbai,3713
2025-11-05,Soybean,Mumbai,3735
2025-11-06,Soybean,Mumbai,3759
2025-11-07,Soybean,Mumbai,3756
2025-11-08,Soybean,Mumbai,3780
2025-11-09,Soybean,Mumbai,3763
2025-11-10,Soybean,Mumbai,3753
2025-11-11,Soybean,Mumbai,3744
2025-11-12,Soybean,Mumbai,3758
2025-11-13,Soybean,Mumbai,3777
2025-11-14,Soybean,Mumbai,3785
2025-11-15,Soybean,Mumbai,3766
2025-11-16,Soybean,Mumbai,3764
2025-11-17,Soybean,Mumbai,3787
2025-11-18,Soybean,Mumbai,3809
2025-11-19,Soybean,Mumbai,3796
2025-11-20,Soybean,Mumbai,3794
2025-11-21,Soybean,Mumbai,3786
2025-11-22,Soybean,Mumbai,3773
2025-11-23,Soybean,Mumbai,3797
2025-11-24,Soybean,Mumbai,3788
2025-11-25,Soybean,Mumbai,3772
2025-11-26,Soybean,Mumbai,3765
2025-11-27,Soybean,Mumbai,3783
2025-11-28,Soybean,Mumbai,3764
2025-11-29,Soybean,Mumbai,3786
2025-11-30,Soybean,Mumbai,3794
2025-12-01,Soybean,Mumbai,3819
2025-12-02,Soybean,Mumbai,3839
2025-12-03,Soybean,Mumbai,3825
2025-12-04,Soybean,Mumbai,3830
2025-12-05,Soybean,Mumbai,3839
2025-12-06,Soybean,Mumbai,3846
2025-12-07,Soybean,Mumbai,3862
2025-12-08,Soybean,Mumbai,3871
2025-12-09,Soybean,Mumbai,3877
2025-12-10,Soybean,Mumbai,3890
2025-12-11,Soybean,Mumbai,3885
2025-12-12,Soybean,Mumbai,3891
2025-12-13,Soybean,Mumbai,3915
2025-12-14,Soybean,Mumbai,3923
2025-12-15,Soybean,Mumbai,3932
2025-12-16,Soybean,Mumbai,3945
2025-12-17,Soybean,Mumbai,3959
2025-12-18,Soybean,Mumbai,3962
2025-12-19,Soybean,Mumbai,3984
2025-12-20,Soybean,Mumbai,3974
2025-12-21,Soybean,Mumbai,3982
2025-12-22,Soybean,Mumbai,3966
2025-12-23,Soybean,Mumbai,3991
2025-12-24,Soybean,Mumbai,3972
2025-12-25,Soybean,Mumbai,3960
2025-12-26,Soybean,Mumbai,3967
2025-12-27,Soybean,Mumbai,3972
2025-12-28,Soybean,Mumbai,3970
2025-12-29,Soybean,Mumbai,3972
2025-12-30,Soybean,Mumbai,3970
2025-12-31,Soybean,Mumbai,3971
2024-01-01,Soybean,Nagpur,1883
2024-01-02,Soybean,Nagpur,1882
2024-01-03,Soybean,Nagpur,1895
2024-01-04,Soybean,Nagpur,1891
2024-01-05,Soybean,Nagpur,1901
2024-01-06,Soybean,Nagpur,1923
2024-01-07,Soybean,Nagpur,1947
2024-01-08,Soybean,Nagpur,1933
2024-01-09,Soybean,Nagpur,1913
2024-01-10,Soybean,Nagpur,1908
2024-01-11,Soybean,Nagpur,1925
2024-01-12,Soybean,Nagpur,1927
2024-01-13,Soybean,Nagpur,1916
2024-01-14,Soybean,Nagpur,1934
2024-01-15,Soybean,Nagpur,1952
2024-01-16,Soybean,Nagpur,1965
2024-01-17,Soybean,Nagpur,1974
2024-01-18,Soybean,Nagpur,1965
2024-01-19,Soybean,Nagpur,1959
2024-01-20,Soybean,Nagpur,1966
2024-01-21,Soybean,Nagpur,1978
2024-01-22,Soybean,Nagpur,1980
2024-01-23,Soybean,Nagpur,1972
2024-01-24,Soybean,Nagpur,1990
2024-01-25,Soybean,Nagpur,1982
2024-01-26,Soybean,Nagpur,1997
2024-01-27,Soybean,Nagpur,2013
2024-01-28,Soybean,Nagpur,2036
2024-01-29,Soybean,Nagpur,2036
2024-01-30,Soybean,Nagpur,2028
2024-01-31,Soybean,Nagpur,2030
2024-02-01,Soybean,Nagpur,2050
2024-02-02,Soybean,Nagpur,2031
2024-02-03,Soybean,Nagpur,2039
2024-02-04,Soybean,Nagpur,2037
2024-02-05,Soybean,Nagpur,2058
2024-02-06,Soybean,Nagpur,2079
2024-02-07,Soybean,Nagpur,2072
2024-02-08,Soybean,Nagpur,2067
2024-02-09,Soybean,Nagpur,2048
2024-02-10,Soybean,Nagpur,2067
2024-02-11,Soybean,Nagpur,2073
2024-02-12,Soybean,Nagpur,2064
2024-02-13,Soybean,Nagpur,2056
2024-02-14,Soybean,Nagpur,2061
2024-02-15,Soybean,Nagpur,2048
2024-02-16,Soybean,Nagpur,2072
2024-02-17,Soybean,Nagpur,2074
2024-02-18,Soybean,Nagpur,2089
2024-02-19,Soybean,Nagpur,2111
2024-02-20,Soybean,Nagpur,2130
2024-02-21,Soybean,Nagpur,2135
2024-02-22,Soybean,Nagpur,2143
2024-02-23,Soybean,Nagpur,2151
2024-02-24,Soybean,Nagpur,2169
2024-02-25,Soybean,Nagpur,2193
2024-02-26,Soybean,Nagpur,2196
2024-02-27,Soybean,Nagpur,2191
2024-02-28,Soybean,Nagpur,2208
2024-02-29,Soybean,Nagpur,2192
2024-03-01,Soybean,Nagpur,2207
2024-03-02,Soybean,Nagpur,2226
2024-03-03,Soybean,Nagpur,2230
2024-03-04,Soybean,Nagpur,2234
2024-03-05,Soybean,Nagpur,2223
2024-03-06,Soybean,Nagpur,2229
2024-03-07,Soybean,Nagpur,2217
2024-03-08,Soybean,Nagpur,2224
2024-03-09,Soybean,Nagpur,2244
2024-03-10,Soybean,Nagpur,2226
2024-03-11,Soybean,Nagpur,2217
2024-03-12,Soybean,Nagpur,2212
2024-03-13,Soybean,Nagpur,2197
2024-03-14,Soybean,Nagpur,2220
2024-03-15,Soybean,Nagpur,2221
2024-03-16,Soybean,Nagpur,2241
2024-03-17,Soybean,Nagpur,2258
2024-03-18,Soybean,Nagpur,2272
2024-03-19,Soybean,Nagpur,2257
2024-03-20,Soybean,Nagpur,2266
2024-03-21,Soybean,Nagpur,2272
2024-03-22,Soybean,Nagpur,2255
2024-03-23,Soybean,Nagpur,2279
2024-03-24,Soybean,Nagpur,2280
2024-03-25,Soybean,Nagpur,2285
2024-03-26,Soybean,Nagpur,2277
2024-03-27,Soybean,Nagpur,2270
2024-03-28,Soybean,Nagpur,2267
2024-03-29,Soybean,Nagpur,2262
2024-03-30,Soybean,Nagpur,2258
2024-03-31,Soybean,Nagpur,2261
2024-04-01,Soybean,Nagpur,2278
2024-04-02,Soybean,Nagpur,2270
2024-04-03,Soybean,Nagpur,2262
2024-04-04,Soybean,Nagpur,2257
2024-04-05,Soybean,Nagpur,2255
2024-04-06,Soybean,Nagpur,2264
2024-04-07,Soybean,Nagpur,2247
2024-04-08,Soybean,Nagpur,2250
2024-04-09,Soybean,Nagpur,2274
2024-04-10,Soybean,Nagpur,2291
2024-04-11,Soybean,Nagpur,2284
2024-04-12,Soybean,Nagpur,2298
2024-04-13,Soybean,Nagpur,2299
2024-04-14,Soybean,Nagpur,2304
2024-04-15,Soybean,Nagpur,2302
2024-04-16,Soybean,Nagpur,2294
2024-04-17,Soybean,Nagpur,2284
2024-04-18,Soybean,Nagpur,2282
2024-04-19,Soybean,Nagpur,2297
2024-04-20,Soybean,Nagpur,2300
2024-04-21,Soybean,Nagpur,2297
2024-04-22,Soybean,Nagpur,2320
2024-04-23,Soybean,Nagpur,2302
2024-04-24,Soybean,Nagpur,2317
2024-04-25,Soybean,Nagpur,2328
2024-04-26,Soybean,Nagpur,2336
2024-04-27,Soybean,Nagpur,2331
2024-04-28,Soybean,Nagpur,2321
2024-04-29,Soybean,Nagpur,2307
2024-04-30,Soybean,Nagpur,2322
2024-05-01,Soybean,Nagpur,2340
2024-05-02,Soybean,Nagpur,2328
2024-05-03,Soybean,Nagpur,2346
2024-05-04,Soybean,Nagpur,2331
2024-05-05,Soybean,Nagpur,2327
2024-05-06,Soybean,Nagpur,2327
2024-05-07,Soybean,Nagpur,2332
2024-05-08,Soybean,Nagpur,2349
2024-05-09,Soybean,Nagpur,2363
2024-05-10,Soybean,Nagpur,2359
2024-05-11,Soybean,Nagpur,2382
2024-05-12,Soybean,Nagpur,2384
2024-05-13,Soybean,Nagpur,2408
2024-05-14,Soybean,Nagpur,2428
2024-05-15,Soybean,Nagpur,2449
2024-05-16,Soybean,Nagpur,2434
2024-05-17,Soybean,Nagpur,2455
2024-05-18,Soybean,Nagpur,2480
2024-05-19,Soybean,Nagpur,2491
2024-05-20,Soybean,Nagpur,2493
2024-05-21,Soybean,Nagpur,2495
2024-05-22,Soybean,Nagpur,2513
2024-05-23,Soybean,Nagpur,2510
2024-05-24,Soybean,Nagpur,2491
2024-05-25,Soybean,Nagpur,2513
2024-05-26,Soybean,Nagpur,2503
2024-05-27,Soybean,Nagpur,2510
2024-05-28,Soybean,Nagpur,2515
2024-05-29,Soybean,Nagpur,2524
2024-05-30,Soybean,Nagpur,2510
2024-05-31,Soybean,Nagpur,2498
2024-06-01,Soybean,Nagpur,2519
2024-06-02,Soybean,Nagpur,2530
2024-06-03,Soybean,Nagpur,2518
2024-06-04,Soybean,Nagpur,2510
2024-06-05,Soybean,Nagpur,2500
2024-06-06,Soybean,Nagpur,2515
2024-06-07,Soybean,Nagpur,2521
2024-06-08,Soybean,Nagpur,2542
2024-06-09,Soybean,Nagpur,2538
2024-06-10,Soybean,Nagpur,2555
2024-06-11,Soybean,Nagpur,2571
2024-06-12,Soybean,Nagpur,2591
2024-06-13,Soybean,Nagpur,2583
2024-06-14,Soybean,Nagpur,2603
2024-06-15,Soybean,Nagpur,2625
2024-06-16,Soybean,Nagpur,2616
2024-06-17,Soybean,Nagpur,2604
2024-06-18,Soybean,Nagpur,2615
2024-06-19,Soybean,Nagpur,2598
2024-06-20,Soybean,Nagpur,2580
2024-06-21,Soybean,Nagpur,2588
2024-06-22,Soybean,Nagpur,2598
2024-06-23,Soybean,Nagpur,2604
2024-06-24,Soybean,Nagpur,2588
2024-06-25,Soybean,Nagpur,2605
2024-06-26,Soybean,Nagpur,2616
2024-06-27,Soybean,Nagpur,2636
2024-06-28,Soybean,Nagpur,2638
2024-06-29,Soybean,Nagpur,2631
2024-06-30,Soybean,Nagpur,2614
2024-07-01,Soybean,Nagpur,2603
2024-07-02,Soybean,Nagpur,2601
2024-07-03,Soybean,Nagpur,2598
2024-07-04,Soybean,Nagpur,2620
2024-07-05,Soybean,Nagpur,2620
2024-07-06,Soybean,Nagpur,2641
2024-07-07,Soybean,Nagpur,2658
2024-07-08,Soybean,Nagpur,2642
2024-07-09,Soybean,Nagpur,2641
2024-07-10,Soybean,Nagpur,2623
2024-07-11,Soybean,Nagpur,2627
2024-07-12,Soybean,Nagpur,2652
2024-07-13,Soybean,Nagpur,2672
2024-07-14,Soybean,Nagpur,2661
2024-07-15,Soybean,Nagpur,2664
2024-07-16,Soybean,Nagpur,2678
2024-07-17,Soybean,Nagpur,2682
2024-07-18,Soybean,Nagpur,2681
2024-07-19,Soybean,Nagpur,2680
2024-07-20,Soybean,Nagpur,2661
2024-07-21,Soybean,Nagpur,2656
2024-07-22,Soybean,Nagpur,2667
2024-07-23,Soybean,Nagpur,2679
2024-07-24,Soybean,Nagpur,2676
2024-07-25,Soybean,Nagpur,2672
2024-07-26,Soybean,Nagpur,2692
2024-07-27,Soybean,Nagpur,2710
2024-07-28,Soybean,Nagpur,2697
2024-07-29,Soybean,Nagpur,2684
2024-07-30,Soybean,Nagpur,2708
2024-07-31,Soybean,Nagpur,2730
2024-08-01,Soybean,Nagpur,2752
2024-08-02,Soybean,Nagpur,2739
2024-08-03,Soybean,Nagpur,2730
2024-08-04,Soybean,Nagpur,2714
2024-08-05,Soybean,Nagpur,2717
2024-08-06,Soybean,Nagpur,2725
2024-08-07,Soybean,Nagpur,2706
2024-08-08,Soybean,Nagpur,2713
2024-08-09,Soybean,Nagpur,2707
2024-08-10,Soybean,Nagpur,2719
2024-08-11,Soybean,Nagpur,2743
2024-08-12,Soybean,Nagpur,2748
2024-08-13,Soybean,Nagpur,2730
2024-08-14,Soybean,Nagpur,2711
2024-08-15,Soybean,Nagpur,2727
2024-08-16,Soybean,Nagpur,2751
2024-08-17,Soybean,Nagpur,2741
2024-08-18,Soybean,Nagpur,2756
2024-08-19,Soybean,Nagpur,2739
2024-08-20,Soybean,Nagpur,2751
2024-08-21,Soybean,Nagpur,2750
2024-08-22,Soybean,Nagpur,2730
2024-08-23,Soybean,Nagpur,2745
2024-08-24,Soybean,Nagpur,2737
2024-08-25,Soybean,Nagpur,2724
2024-08-26,Soybean,Nagpur,2738
2024-08-27,Soybean,Nagpur,2759
2024-08-28,Soybean,Nagpur,2748
2024-08-29,Soybean,Nagpur,2751
2024-08-30,Soybean,Nagpur,2756
2024-08-31,Soybean,Nagpur,2762
2024-09-01,Soybean,Nagpur,2748
2024-09-02,Soybean,Nagpur,2767
2024-09-03,Soybean,Nagpur,2759
2024-09-04,Soybean,Nagpur,2767
2024-09-05,Soybean,Nagpur,2775
2024-09-06,Soybean,Nagpur,2766
2024-09-07,Soybean,Nagpur,2769
2024-09-08,Soybean,Nagpur,2764
2024-09-09,Soybean,Nagpur,2777
2024-09-10,Soybean,Nagpur,2761
2024-09-11,Soybean,Nagpur,2775
2024-09-12,Soybean,Nagpur,2777
2024-09-13,Soybean,Nagpur,2798
2024-09-14,Soybean,Nagpur,2805
2024-09-15,Soybean,Nagpur,2817
2024-09-16,Soybean,Nagpur,2812
2024-09-17,Soybean,Nagpur,2817
2024-09-18,Soybean,Nagpur,2815
2024-09-19,Soybean,Nagpur,2817
2024-09-20,Soybean,Nagpur,2830
2024-09-21,Soybean,Nagpur,2836
2024-09-22,Soybean,Nagpur,2823
2024-09-23,Soybean,Nagpur,2820
2024-09-24,Soybean,Nagpur,2827
2024-09-25,Soybean,Nagpur,2845
2024-09-26,Soybean,Nagpur,2826
2024-09-27,Soybean,Nagpur,2846
2024-09-28,Soybean,Nagpur,2862
2024-09-29,Soybean,Nagpur,2870
2024-09-30,Soybean,Nagpur,2891
2024-10-01,Soybean,Nagpur,2881
2024-10-02,Soybean,Nagpur,2888
2024-10-03,Soybean,Nagpur,2879
2024-10-04,Soybean,Nagpur,2877
2024-10-05,Soybean,Nagpur,2878
2024-10-06,Soybean,Nagpur,2872
2024-10-07,Soybean,Nagpur,2878
2024-10-08,Soybean,Nagpur,2880
2024-10-09,Soybean,Nagpur,2900
2024-10-10,Soybean,Nagpur,2880
2024-10-11,Soybean,Nagpur,2889
2024-10-12,Soybean,Nagpur,2898
2024-10-13,Soybean,Nagpur,2907
2024-10-14,Soybean,Nagpur,2916
2024-10-15,Soybean,Nagpur,2922
2024-10-16,Soybean,Nagpur,2936
2024-10-17,Soybean,Nagpur,2931
2024-10-18,Soybean,Nagpur,2945
2024-10-19,Soybean,Nagpur,2963
2024-10-20,Soybean,Nagpur,2982
2024-10-21,Soybean,Nagpur,2995
2024-10-22,Soybean,Nagpur,2978
2024-10-23,Soybean,Nagpur,3002
2024-10-24,Soybean,Nagpur,2996
2024-10-25,Soybean,Nagpur,3000
2024-10-26,Soybean,Nagpur,3025
2024-10-27,Soybean,Nagpur,3022
2024-10-28,Soybean,Nagpur,3023
2024-10-29,Soybean,Nagpur,3003
2024-10-30,Soybean,Nagpur,3019
2024-10-31,Soybean,Nagpur,3016
2024-11-01,Soybean,Nagpur,3024
2024-11-02,Soybean,Nagpur,3021
2024-11-03,Soybean,Nagpur,3014
2024-11-04,Soybean,Nagpur,3022
2024-11-05,Soybean,Nagpur,3027
2024-11-06,Soybean,Nagpur,3041
2024-11-07,Soybean,Nagpur,3059
2024-11-08,Soybean,Nagpur,3084
2024-11-09,Soybean,Nagpur,3071
2024-11-10,Soybean,Nagpur,3068
2024-11-11,Soybean,Nagpur,3056
2024-11-12,Soybean,Nagpur,3061
2024-11-13,Soybean,Nagpur,3047
2024-11-14,Soybean,Nagpur,3061
2024-11-15,Soybean,Nagpur,3074
2024-11-16,Soybean,Nagpur,3087
2024-11-17,Soybean,Nagpur,3099
2024-11-18,Soybean,Nagpur,3122
2024-11-19,Soybean,Nagpur,3111
2024-11-20,Soybean,Nagpur,3096
2024-11-21,Soybean,Nagpur,3101
2024-11-22,Soybean,Nagpur,3091
2024-11-23,Soybean,Nagpur,3096
2024-11-24,Soybean,Nagpur,3084
2024-11-25,Soybean,Nagpur,3088
2024-11-26,Soybean,Nagpur,3108
2024-11-27,Soybean,Nagpur,3114
2024-11-28,Soybean,Nagpur,3113
2024-11-29,Soybean,Nagpur,3119
2024-11-30,Soybean,Nagpur,3101
2024-12-01,Soybean,Nagpur,3115
2024-12-02,Soybean,Nagpur,3122
2024-12-03,Soybean,Nagpur,3115
2024-12-04,Soybean,Nagpur,3095
2024-12-05,Soybean,Nagpur,3117
2024-12-06,Soybean,Nagpur,3121
2024-12-07,Soybean,Nagpur,3114
2024-12-08,Soybean,Nagpur,3116
2024-12-09,Soybean,Nagpur,3119
2024-12-10,Soybean,Nagpur,3133
2024-12-11,Soybean,Nagpur,3125
2024-12-12,Soybean,Nagpur,3140
2024-12-13,Soybean,Nagpur,3162
2024-12-14,Soybean,Nagpur,3157
2024-12-15,Soybean,Nagpur,3174
2024-12-16,Soybean,Nagpur,3175
2024-12-17,Soybean,Nagpur,3170
2024-12-18,Soybean,Nagpur,3186
2024-12-19,Soybean,Nagpur,3207
2024-12-20,Soybean,Nagpur,3209
2024-12-21,Soybean,Nagpur,3203
2024-12-22,Soybean,Nagpur,3206
2024-12-23,Soybean,Nagpur,3214
2024-12-24,Soybean,Nagpur,3196
2024-12-25,Soybean,Nagpur,3205
2024-12-26,Soybean,Nagpur,3222
2024-12-27,Soybean,Nagpur,3203
2024-12-28,Soybean,Nagpur,3212
2024-12-29,Soybean,Nagpur,3211
2024-12-30,Soybean,Nagpur,3236
2024-12-31,Soybean,Nagpur,3228
2025-01-01,Soybean,Nagpur,3224
2025-01-02,Soybean,Nagpur,3211
2025-01-03,Soybean,Nagpur,3194
2025-01-04,Soybean,Nagpur,3182
2025-01-05,Soybean,Nagpur,3199
2025-01-06,Soybean,Nagpur,3210
2025-01-07,Soybean,Nagpur,3226
2025-01-08,Soybean,Nagpur,3221
2025-01-09,Soybean,Nagpur,3239
2025-01-10,Soybean,Nagpur,3240
2025-01-11,Soybean,Nagpur,3220
2025-01-12,Soybean,Nagpur,3221
2025-01-13,Soybean,Nagpur,3228
2025-01-14,Soybean,Nagpur,3219
2025-01-15,Soybean,Nagpur,3229
2025-01-16,Soybean,Nagpur,3236
2025-01-17,Soybean,Nagpur,3255
2025-01-18,Soybean,Nagpur,3251
2025-01-19,Soybean,Nagpur,3266
2025-01-20,Soybean,Nagpur,3258
2025-01-21,Soybean,Nagpur,3241
2025-01-22,Soybean,Nagpur,3263
2025-01-23,Soybean,Nagpur,3248
2025-01-24,Soybean,Nagpur,3235
2025-01-25,Soybean,Nagpur,3241
2025-01-26,Soybean,Nagpur,3244
2025-01-27,Soybean,Nagpur,3246
2025-01-28,Soybean,Nagpur,3248
2025-01-29,Soybean,Nagpur,3252
2025-01-30,Soybean,Nagpur,3258
2025-01-31,Soybean,Nagpur,3258
2025-02-01,Soybean,Nagpur,3280
2025-02-02,Soybean,Nagpur,3265
2025-02-03,Soybean,Nagpur,3268
2025-02-04,Soybean,Nagpur,3262
2025-02-05,Soybean,Nagpur,3284
2025-02-06,Soybean,Nagpur,3288
2025-02-07,Soybean,Nagpur,3281
2025-02-08,Soybean,Nagpur,3273
2025-02-09,Soybean,Nagpur,3256
2025-02-10,Soybean,Nagpur,3258
2025-02-11,Soybean,Nagpur,3264
2025-02-12,Soybean,Nagpur,3272
2025-02-13,Soybean,Nagpur,3290
2025-02-14,Soybean,Nagpur,3290
2025-02-15,Soybean,Nagpur,3292
2025-02-16,Soybean,Nagpur,3295
2025-02-17,Soybean,Nagpur,3287
2025-02-18,Soybean,Nagpur,3275
2025-02-19,Soybean,Nagpur,3255
2025-02-20,Soybean,Nagpur,3255
2025-02-21,Soybean,Nagpur,3254
2025-02-22,Soybean,Nagpur,3249
2025-02-23,Soybean,Nagpur,3259
2025-02-24,Soybean,Nagpur,3255
2025-02-25,Soybean,Nagpur,3259
2025-02-26,Soybean,Nagpur,3249
2025-02-27,Soybean,Nagpur,3262
2025-02-28,Soybean,Nagpur,3261
2025-03-01,Soybean,Nagpur,3271
2025-03-02,Soybean,Nagpur,3289
2025-03-03,Soybean,Nagpur,3278
2025-03-04,Soybean,Nagpur,3284
2025-03-05,Soybean,Nagpur,3306
2025-03-06,Soybean,Nagpur,3315
2025-03-07,Soybean,Nagpur,3330
2025-03-08,Soybean,Nagpur,3334
2025-03-09,Soybean,Nagpur,3350
2025-03-10,Soybean,Nagpur,3371
2025-03-11,Soybean,Nagpur,3385
2025-03-12,Soybean,Nagpur,3365
2025-03-13,Soybean,Nagpur,3358
2025-03-14,Soybean,Nagpur,3345
2025-03-15,Soybean,Nagpur,3369
2025-03-16,Soybean,Nagpur,3356
2025-03-17,Soybean,Nagpur,3349
2025-03-18,Soybean,Nagpur,3371
2025-03-19,Soybean,Nagpur,3362
2025-03-20,Soybean,Nagpur,3354
2025-03-21,Soybean,Nagpur,3344
2025-03-22,Soybean,Nagpur,3348
2025-03-23,Soybean,Nagpur,3359
2025-03-24,Soybean,Nagpur,3341
2025-03-25,Soybean,Nagpur,3342
2025-03-26,Soybean,Nagpur,3348
2025-03-27,Soybean,Nagpur,3370
2025-03-28,Soybean,Nagpur,3393
2025-03-29,Soybean,Nagpur,3378
2025-03-30,Soybean,Nagpur,3380
2025-03-31,Soybean,Nagpur,3400
2025-04-01,Soybean,Nagpur,3413
2025-04-02,Soybean,Nagpur,3415
2025-04-03,Soybean,Nagpur,3419
2025-04-04,Soybean,Nagpur,3439
2025-04-05,Soybean,Nagpur,3421
2025-04-06,Soybean,Nagpur,3416
2025-04-07,Soybean,Nagpur,3410
2025-04-08,Soybean,Nagpur,3395
2025-04-09,Soybean,Nagpur,3410
2025-04-10,Soybean,Nagpur,3401
2025-04-11,Soybean,Nagpur,3423
2025-04-12,Soybean,Nagpur,3438
2025-04-13,Soybean,Nagpur,3424
2025-04-14,Soybean,Nagpur,3431
2025-04-15,Soybean,Nagpur,3439
2025-04-16,Soybean,Nagpur,3436
2025-04-17,Soybean,Nagpur,3455
2025-04-18,Soybean,Nagpur,3460
2025-04-19,Soybean,Nagpur,3458
2025-04-20,Soybean,Nagpur,3478
2025-04-21,Soybean,Nagpur,3499
2025-04-22,Soybean,Nagpur,3492
2025-04-23,Soybean,Nagpur,3498
2025-04-24,Soybean,Nagpur,3517
2025-04-25,Soybean,Nagpur,3500
2025-04-26,Soybean,Nagpur,3502
2025-04-27,Soybean,Nagpur,3488
2025-04-28,Soybean,Nagpur,3474
2025-04-29,Soybean,Nagpur,3455
2025-04-30,Soybean,Nagpur,3451
2025-05-01,Soybean,Nagpur,3461
2025-05-02,Soybean,Nagpur,3461
2025-05-03,Soybean,Nagpur,3474
2025-05-04,Soybean,Nagpur,3493
2025-05-05,Soybean,Nagpur,3517
2025-05-06,Soybean,Nagpur,3525
2025-05-07,Soybean,Nagpur,3545
2025-05-08,Soybean,Nagpur,3546
2025-05-09,Soybean,Nagpur,3526
2025-05-10,Soybean,Nagpur,3513
2025-05-11,Soybean,Nagpur,3511
2025-05-12,Soybean,Nagpur,3529
2025-05-13,Soybean,Nagpur,3519
2025-05-14,Soybean,Nagpur,3522
2025-05-15,Soybean,Nagpur,3543
2025-05-16,Soybean,Nagpur,3563
2025-05-17,Soybean,Nagpur,3572
2025-05-18,Soybean,Nagpur,3583
2025-05-19,Soybean,Nagpur,3596
2025-05-20,Soybean,Nagpur,3606
2025-05-21,Soybean,Nagpur,3616
2025-05-22,Soybean,Nagpur,3596
2025-05-23,Soybean,Nagpur,3605
2025-05-24,Soybean,Nagpur,3610
2025-05-25,Soybean,Nagpur,3623
2025-05-26,Soybean,Nagpur,3646
2025-05-27,Soybean,Nagpur,3647
2025-05-28,Soybean,Nagpur,3662
2025-05-29,Soybean,Nagpur,3643
2025-05-30,Soybean,Nagpur,3644
2025-05-31,Soybean,Nagpur,3632
2025-06-01,Soybean,Nagpur,3619
2025-06-02,Soybean,Nagpur,3630
2025-06-03,Soybean,Nagpur,3614
2025-06-04,Soybean,Nagpur,3596
2025-06-05,Soybean,Nagpur,3614
2025-06-06,Soybean,Nagpur,3595
2025-06-07,Soybean,Nagpur,3586
2025-06-08,Soybean,Nagpur,3581
2025-06-09,Soybean,Nagpur,3588
2025-06-10,Soybean,Nagpur,3578
2025-06-11,Soybean,Nagpur,3562
2025-06-12,Soybean,Nagpur,3566
2025-06-13,Soybean,Nagpur,3581
2025-06-14,Soybean,Nagpur,3561
2025-06-15,Soybean,Nagpur,3554
2025-06-16,Soybean,Nagpur,3561
2025-06-17,Soybean,Nagpur,3561
2025-06-18,Soybean,Nagpur,3574
2025-06-19,Soybean,Nagpur,3564
2025-06-20,Soybean,Nagpur,3562
2025-06-21,Soybean,Nagpur,3561
2025-06-22,Soybean,Nagpur,3552
2025-06-23,Soybean,Nagpur,3535
2025-06-24,Soybean,Nagpur,3540
2025-06-25,Soybean,Nagpur,3555
2025-06-26,Soybean,Nagpur,3568
2025-06-27,Soybean,Nagpur,3559
2025-06-28,Soybean,Nagpur,3568
2025-06-29,Soybean,Nagpur,3580
2025-06-30,Soybean,Nagpur,3605
2025-07-01,Soybean,Nagpur,3619
2025-07-02,Soybean,Nagpur,3605
2025-07-03,Soybean,Nagpur,3591
2025-07-04,Soybean,Nagpur,3576
2025-07-05,Soybean,Nagpur,3577
2025-07-06,Soybean,Nagpur,3559
2025-07-07,Soybean,Nagpur,3543
2025-07-08,Soybean,Nagpur,3538
2025-07-09,Soybean,Nagpur,3539
2025-07-10,Soybean,Nagpur,3524
2025-07-11,Soybean,Nagpur,3525
2025-07-12,Soybean,Nagpur,3545
2025-07-13,Soybean,Nagpur,3558
2025-07-14,Soybean,Nagpur,3565
2025-07-15,Soybean,Nagpur,3572
2025-07-16,Soybean,Nagpur,3552
2025-07-17,Soybean,Nagpur,3557
2025-07-18,Soybean,Nagpur,3569
2025-07-19,Soybean,Nagpur,3551
2025-07-20,Soybean,Nagpur,3531
2025-07-21,Soybean,Nagpur,3542
2025-07-22,Soybean,Nagpur,3565
2025-07-23,Soybean,Nagpur,3561
2025-07-24,Soybean,Nagpur,3556
2025-07-25,Soybean,Nagpur,3576
2025-07-26,Soybean,Nagpur,3601
2025-07-27,Soybean,Nagpur,3621
2025-07-28,Soybean,Nagpur,3623
2025-07-29,Soybean,Nagpur,3619
2025-07-30,Soybean,Nagpur,3617
2025-07-31,Soybean,Nagpur,3609
2025-08-01,Soybean,Nagpur,3620
2025-08-02,Soybean,Nagpur,3617
2025-08-03,Soybean,Nagpur,3619
2025-08-04,Soybean,Nagpur,3619
2025-08-05,Soybean,Nagpur,3636
2025-08-06,Soybean,Nagpur,3634
2025-08-07,Soybean,Nagpur,3620
2025-08-08,Soybean,Nagpur,3610
2025-08-09,Soybean,Nagpur,3629
2025-08-10,Soybean,Nagpur,3629
2025-08-11,Soybean,Nagpur,3612
2025-08-12,Soybean,Nagpur,3609
2025-08-13,Soybean,Nagpur,3601
2025-08-14,Soybean,Nagpur,3618
2025-08-15,Soybean,Nagpur,3630
2025-08-16,Soybean,Nagpur,3635
2025-08-17,Soybean,Nagpur,3658
2025-08-18,Soybean,Nagpur,3671
2025-08-19,Soybean,Nagpur,3692
2025-08-20,Soybean,Nagpur,3677
2025-08-21,Soybean,Nagpur,3659
2025-08-22,Soybean,Nagpur,3667
2025-08-23,Soybean,Nagpur,3676
2025-08-24,Soybean,Nagpur,3691
2025-08-25,Soybean,Nagpur,3686
2025-08-26,Soybean,Nagpur,3696
2025-08-27,Soybean,Nagpur,3706
2025-08-28,Soybean,Nagpur,3689
2025-08-29,Soybean,Nagpur,3707
2025-08-30,Soybean,Nagpur,3722
2025-08-31,Soybean,Nagpur,3740
2025-09-01,Soybean,Nagpur,3761
2025-09-02,Soybean,Nagpur,3772
2025-09-03,Soybean,Nagpur,3777
2025-09-04,Soybean,Nagpur,3762
2025-09-05,Soybean,Nagpur,3772
2025-09-06,Soybean,Nagpur,3790
2025-09-07,Soybean,Nagpur,3783
2025-09-08,Soybean,Nagpur,3777
2025-09-09,Soybean,Nagpur,3770
2025-09-10,Soybean,Nagpur,3792
2025-09-11,Soybean,Nagpur,3777
2025-09-12,Soybean,Nagpur,3792
2025-09-13,Soybean,Nagpur,3795
2025-09-14,Soybean,Nagpur,3802
2025-09-15,Soybean,Nagpur,3815
2025-09-16,Soybean,Nagpur,3804
2025-09-17,Soybean,Nagpur,3787
2025-09-18,Soybean,Nagpur,3795
2025-09-19,Soybean,Nagpur,3791
2025-09-20,Soybean,Nagpur,3771
2025-09-21,Soybean,Nagpur,3772
2025-09-22,Soybean,Nagpur,3781
2025-09-23,Soybean,Nagpur,3763
2025-09-24,Soybean,Nagpur,3744
2025-09-25,Soybean,Nagpur,3726
2025-09-26,Soybean,Nagpur,3713
2025-09-27,Soybean,Nagpur,3703
2025-09-28,Soybean,Nagpur,3704
2025-09-29,Soybean,Nagpur,3692
2025-09-30,Soybean,Nagpur,3676
2025-10-01,Soybean,Nagpur,3674
2025-10-02,Soybean,Nagpur,3698
2025-10-03,Soybean,Nagpur,3688
2025-10-04,Soybean,Nagpur,3707
2025-10-05,Soybean,Nagpur,3696
2025-10-06,Soybean,Nagpur,3687
2025-10-07,Soybean,Nagpur,3709
2025-10-08,Soybean,Nagpur,3719
2025-10-09,Soybean,Nagpur,3713
2025-10-10,Soybean,Nagpur,3737
2025-10-11,Soybean,Nagpur,3735
2025-10-12,Soybean,Nagpur,3742
2025-10-13,Soybean,Nagpur,3738
2025-10-14,Soybean,Nagpur,3737
2025-10-15,Soybean,Nagpur,3756
2025-10-16,Soybean,Nagpur,3744
2025-10-17,Soybean,Nagpur,3745
2025-10-18,Soybean,Nagpur,3766
2025-10-19,Soybean,Nagpur,3752
2025-10-20,Soybean,Nagpur,3735
2025-10-21,Soybean,Nagpur,3748
2025-10-22,Soybean,Nagpur,3765
2025-10-23,Soybean,Nagpur,3772
2025-10-24,Soybean,Nagpur,3777
2025-10-25,Soybean,Nagpur,3775
2025-10-26,Soybean,Nagpur,3767
2025-10-27,Soybean,Nagpur,3758
2025-10-28,Soybean,Nagpur,3780
2025-10-29,Soybean,Nagpur,3803
2025-10-30,Soybean,Nagpur,3823
2025-10-31,Soybean,Nagpur,3845
2025-11-01,Soybean,Nagpur,3868
2025-11-02,Soybean,Nagpur,3864
2025-11-03,Soybean,Nagpur,3859
2025-11-04,Soybean,Nagpur,3863
2025-11-05,Soybean,Nagpur,3852
2025-11-06,Soybean,Nagpur,3843
2025-11-07,Soybean,Nagpur,3849
2025-11-08,Soybean,Nagpur,3867
2025-11-09,Soybean,Nagpur,3860
2025-11-10,Soybean,Nagpur,3857
2025-11-11,Soybean,Nagpur,3863
2025-11-12,Soybean,Nagpur,3875
2025-11-13,Soybean,Nagpur,3863
2025-11-14,Soybean,Nagpur,3851
2025-11-15,Soybean,Nagpur,3849
2025-11-16,Soybean,Nagpur,3863
2025-11-17,Soybean,Nagpur,3869
2025-11-18,Soybean,Nagpur,3850
2025-11-19,Soybean,Nagpur,3841
2025-11-20,Soybean,Nagpur,3852
2025-11-21,Soybean,Nagpur,3843
2025-11-22,Soybean,Nagpur,3852
2025-11-23,Soybean,Nagpur,3845
2025-11-24,Soybean,Nagpur,3868
2025-11-25,Soybean,Nagpur,3878
2025-11-26,Soybean,Nagpur,3867
2025-11-27,Soybean,Nagpur,3857
2025-11-28,Soybean,Nagpur,3875
2025-11-29,Soybean,Nagpur,3894
2025-11-30,Soybean,Nagpur,3879
2025-12-01,Soybean,Nagpur,3896
2025-12-02,Soybean,Nagpur,3910
2025-12-03,Soybean,Nagpur,3894
2025-12-04,Soybean,Nagpur,3896
2025-12-05,Soybean,Nagpur,3885
2025-12-06,Soybean,Nagpur,3877
2025-12-07,Soybean,Nagpur,3896
2025-12-08,Soybean,Nagpur,3877
2025-12-09,Soybean,Nagpur,3879
2025-12-10,Soybean,Nagpur,3883
2025-12-11,Soybean,Nagpur,3900
2025-12-12,Soybean,Nagpur,3908
2025-12-13,Soybean,Nagpur,3925
2025-12-14,Soybean,Nagpur,3907
2025-12-15,Soybean,Nagpur,3908
2025-12-16,Soybean,Nagpur,3917
2025-12-17,Soybean,Nagpur,3942
2025-12-18,Soybean,Nagpur,3958
2025-12-19,Soybean,Nagpur,3972
2025-12-20,Soybean,Nagpur,3979
2025-12-21,Soybean,Nagpur,3996
2025-12-22,Soybean,Nagpur,3994
2025-12-23,Soybean,Nagpur,3989
2025-12-24,Soybean,Nagpur,3990
2025-12-25,Soybean,Nagpur,4014
2025-12-26,Soybean,Nagpur,4027
2025-12-27,Soybean,Nagpur,4011
2025-12-28,Soybean,Nagpur,4005
2025-12-29,Soybean,Nagpur,4023
2025-12-30,Soybean,Nagpur,4039
2025-12-31,Soybean,Nagpur,4043
2024-01-01,Soybean,Indore,1884
2024-01-02,Soybean,Indore,1895
2024-01-03,Soybean,Indore,1897
2024-01-04,Soybean,Indore,1912
2024-01-05,Soybean,Indore,1897
2024-01-06,Soybean,Indore,1895
2024-01-07,Soybean,Indore,1900
2024-01-08,Soybean,Indore,1923
2024-01-09,Soybean,Indore,1927
2024-01-10,Soybean,Indore,1930
2024-01-11,Soybean,Indore,1915
2024-01-12,Soybean,Indore,1934
2024-01-13,Soybean,Indore,1939
2024-01-14,Soybean,Indore,1943
2024-01-15,Soybean,Indore,1932
2024-01-16,Soybean,Indore,1920
2024-01-17,Soybean,Indore,1900
2024-01-18,Soybean,Indore,1914
2024-01-19,Soybean,Indore,1916
2024-01-20,Soybean,Indore,1912
2024-01-21,Soybean,Indore,1911
2024-01-22,Soybean,Indore,1930
2024-01-23,Soybean,Indore,1944
2024-01-24,Soybean,Indore,1936
2024-01-25,Soybean,Indore,1917
2024-01-26,Soybean,Indore,1930
2024-01-27,Soybean,Indore,1927
2024-01-28,Soybean,Indore,1937
2024-01-29,Soybean,Indore,1960
2024-01-30,Soybean,Indore,1950
2024-01-31,Soybean,Indore,1932
2024-02-01,Soybean,Indore,1940
2024-02-02,Soybean,Indore,1936
2024-02-03,Soybean,Indore,1924
2024-02-04,Soybean,Indore,1904
2024-02-05,Soybean,Indore,1899
2024-02-06,Soybean,Indore,1907
2024-02-07,Soybean,Indore,1910
2024-02-08,Soybean,Indore,1920
2024-02-09,Soybean,Indore,1925
2024-02-10,Soybean,Indore,1908
2024-02-11,Soybean,Indore,1932
2024-02-12,Soybean,Indore,1916
2024-02-13,Soybean,Indore,1941
2024-02-14,Soybean,Indore,1940
2024-02-15,Soybean,Indore,1937
2024-02-16,Soybean,Indore,1927
2024-02-17,Soybean,Indore,1932
2024-02-18,Soybean,Indore,1950
2024-02-19,Soybean,Indore,1967
2024-02-20,Soybean,Indore,1947
2024-02-21,Soybean,Indore,1965
2024-02-22,Soybean,Indore,1947
2024-02-23,Soybean,Indore,1945
2024-02-24,Soybean,Indore,1935
2024-02-25,Soybean,Indore,1941
2024-02-26,Soybean,Indore,1921
2024-02-27,Soybean,Indore,1919
2024-02-28,Soybean,Indore,1935
2024-02-29,Soybean,Indore,1931
2024-03-01,Soybean,Indore,1922
2024-03-02,Soybean,Indore,1945
2024-03-03,Soybean,Indore,1945
2024-03-04,Soybean,Indore,1937
2024-03-05,Soybean,Indore,1943
2024-03-06,Soybean,Indore,1967
2024-03-07,Soybean,Indore,1952
2024-03-08,Soybean,Indore,1971
2024-03-09,Soybean,Indore,1952
2024-03-10,Soybean,Indore,1960
2024-03-11,Soybean,Indore,1979
2024-03-12,Soybean,Indore,1979
2024-03-13,Soybean,Indore,1959
2024-03-14,Soybean,Indore,1958
2024-03-15,Soybean,Indore,1957
2024-03-16,Soybean,Indore,1979
2024-03-17,Soybean,Indore,1986
2024-03-18,Soybean,Indore,2004
2024-03-19,Soybean,Indore,1997
2024-03-20,Soybean,Indore,2003
2024-03-21,Soybean,Indore,1986
2024-03-22,Soybean,Indore,1991
2024-03-23,Soybean,Indore,1976
2024-03-24,Soybean,Indore,1988
2024-03-25,Soybean,Indore,2012
2024-03-26,Soybean,Indore,2020
2024-03-27,Soybean,Indore,2019
2024-03-28,Soybean,Indore,2035
2024-03-29,Soybean,Indore,2022
2024-03-30,Soybean,Indore,2038
2024-03-31,Soybean,Indore,2029
2024-04-01,Soybean,Indore,2039
2024-04-02,Soybean,Indore,2059
2024-04-03,Soybean,Indore,2059
2024-04-04,Soybean,Indore,2057
2024-04-05,Soybean,Indore,2044
2024-04-06,Soybean,Indore,2068
2024-04-07,Soybean,Indore,2071
2024-04-08,Soybean,Indore,2086
2024-04-09,Soybean,Indore,2066
2024-04-10,Soybean,Indore,2066
2024-04-11,Soybean,Indore,2049
2024-04-12,Soybean,Indore,2065
2024-04-13,Soybean,Indore,2061
2024-04-14,Soybean,Indore,2082
2024-04-15,Soybean,Indore,2067
2024-04-16,Soybean,Indore,2060
2024-04-17,Soybean,Indore,2070
2024-04-18,Soybean,Indore,2091
2024-04-19,Soybean,Indore,2080
2024-04-20,Soybean,Indore,2072
2024-04-21,Soybean,Indore,2076
2024-04-22,Soybean,Indore,2056
2024-04-23,Soybean,Indore,2042
2024-04-24,Soybean,Indore,2053
2024-04-25,Soybean,Indore,2056
2024-04-26,Soybean,Indore,2081
2024-04-27,Soybean,Indore,2081
2024-04-28,Soybean,Indore,2074
2024-04-29,Soybean,Indore,2072
2024-04-30,Soybean,Indore,2079
2024-05-01,Soybean,Indore,2092
2024-05-02,Soybean,Indore,2100
2024-05-03,Soybean,Indore,2117
2024-05-04,Soybean,Indore,2118
2024-05-05,Soybean,Indore,2143
2024-05-06,Soybean,Indore,2153
2024-05-07,Soybean,Indore,2146
2024-05-08,Soybean,Indore,2133
2024-05-09,Soybean,Indore,2123
2024-05-10,Soybean,Indore,2124
2024-05-11,Soybean,Indore,2110
2024-05-12,Soybean,Indore,2108
2024-05-13,Soybean,Indore,2124
2024-05-14,Soybean,Indore,2110
2024-05-15,Soybean,Indore,2129
2024-05-16,Soybean,Indore,2137
2024-05-17,Soybean,Indore,2138
2024-05-18,Soybean,Indore,2156
2024-05-19,Soybean,Indore,2167
2024-05-20,Soybean,Indore,2160
2024-05-21,Soybean,Indore,2165
2024-05-22,Soybean,Indore,2162
2024-05-23,Soybean,Indore,2146
2024-05-24,Soybean,Indore,2151
2024-05-25,Soybean,Indore,2142
2024-05-26,Soybean,Indore,2126
2024-05-27,Soybean,Indore,2107
2024-05-28,Soybean,Indore,2128
2024-05-29,Soybean,Indore,2147
2024-05-30,Soybean,Indore,2144
2024-05-31,Soybean,Indore,2158
2024-06-01,Soybean,Indore,2166
2024-06-02,Soybean,Indore,2183
2024-06-03,Soybean,Indore,2165
2024-06-04,Soybean,Indore,2162
2024-06-05,Soybean,Indore,2172
2024-06-06,Soybean,Indore,2168
2024-06-07,Soybean,Indore,2179
2024-06-08,Soybean,Indore,2184
2024-06-09,Soybean,Indore,2200
2024-06-10,Soybean,Indore,2215
2024-06-11,Soybean,Indore,2218
2024-06-12,Soybean,Indore,2217
2024-06-13,Soybean,Indore,2208
2024-06-14,Soybean,Indore,2209
2024-06-15,Soybean,Indore,2227
2024-06-16,Soybean,Indore,2252
2024-06-17,Soybean,Indore,2272
2024-06-18,Soybean,Indore,2265
2024-06-19,Soybean,Indore,2280
2024-06-20,Soybean,Indore,2261
2024-06-21,Soybean,Indore,2252
2024-06-22,Soybean,Indore,2235
2024-06-23,Soybean,Indore,2231
2024-06-24,Soybean,Indore,2248
2024-06-25,Soybean,Indore,2229
2024-06-26,Soybean,Indore,2241
2024-06-27,Soybean,Indore,2245
2024-06-28,Soybean,Indore,2227
2024-06-29,Soybean,Indore,2208
2024-06-30,Soybean,Indore,2198
2024-07-01,Soybean,Indore,2183
2024-07-02,Soybean,Indore,2171
2024-07-03,Soybean,Indore,2152
2024-07-04,Soybean,Indore,2158
2024-07-05,Soybean,Indore,2169
2024-07-06,Soybean,Indore,2168
2024-07-07,Soybean,Indore,2170
2024-07-08,Soybean,Indore,2166
2024-07-09,Soybean,Indore,2174
2024-07-10,Soybean,Indore,2182
2024-07-11,Soybean,Indore,2204
2024-07-12,Soybean,Indore,2212
2024-07-13,Soybean,Indore,2229
2024-07-14,Soybean,Indore,2217
2024-07-15,Soybean,Indore,2199
2024-07-16,Soybean,Indore,2199
2024-07-17,Soybean,Indore,2197
2024-07-18,Soybean,Indore,2214
2024-07-19,Soybean,Indore,2225
2024-07-20,Soybean,Indore,2235
2024-07-21,Soybean,Indore,2259
2024-07-22,Soybean,Indore,2264
2024-07-23,Soybean,Indore,2266
2024-07-24,Soybean,Indore,2263
2024-07-25,Soybean,Indore,2283
2024-07-26,Soybean,Indore,2299
2024-07-27,Soybean,Indore,2322
2024-07-28,Soybean,Indore,2332
2024-07-29,Soybean,Indore,2354
2024-07-30,Soybean,Indore,2372
2024-07-31,Soybean,Indore,2385
2024-08-01,Soybean,Indore,2384
2024-08-02,Soybean,Indore,2391
2024-08-03,Soybean,Indore,2393
2024-08-04,Soybean,Indore,2399
2024-08-05,Soybean,Indore,2423
2024-08-06,Soybean,Indore,2446
2024-08-07,Soybean,Indore,2449
2024-08-08,Soybean,Indore,2461
2024-08-09,Soybean,Indore,2465
2024-08-10,Soybean,Indore,2473
2024-08-11,Soybean,Indore,2485
2024-08-12,Soybean,Indore,2494
2024-08-13,Soybean,Indore,2499
2024-08-14,Soybean,Indore,2507
2024-08-15,Soybean,Indore,2509
2024-08-16,Soybean,Indore,2498
2024-08-17,Soybean,Indore,2511
2024-08-18,Soybean,Indore,2502
2024-08-19,Soybean,Indore,2513
2024-08-20,Soybean,Indore,2518
2024-08-21,Soybean,Indore,2506
2024-08-22,Soybean,Indore,2519
2024-08-23,Soybean,Indore,2533
2024-08-24,Soybean,Indore,2534
2024-08-25,Soybean,Indore,2558
2024-08-26,Soybean,Indore,2573
2024-08-27,Soybean,Indore,2584
2024-08-28,Soybean,Indore,2579
2024-08-29,Soybean,Indore,2563
2024-08-30,Soybean,Indore,2586
2024-08-31,Soybean,Indore,2604
2024-09-01,Soybean,Indore,2623
2024-09-02,Soybean,Indore,2626
2024-09-03,Soybean,Indore,2614
2024-09-04,Soybean,Indore,2597
2024-09-05,Soybean,Indore,2596
2024-09-06,Soybean,Indore,2612
2024-09-07,Soybean,Indore,2597
2024-09-08,Soybean,Indore,2593
2024-09-09,Soybean,Indore,2588
2024-09-10,Soybean,Indore,2568
2024-09-11,Soybean,Indore,2583
2024-09-12,Soybean,Indore,2603
2024-09-13,Soybean,Indore,2617
2024-09-14,Soybean,Indore,2634
2024-09-15,Soybean,Indore,2614
2024-09-16,Soybean,Indore,2611
2024-09-17,Soybean,Indore,2621
2024-09-18,Soybean,Indore,2624
2024-09-19,Soybean,Indore,2626
2024-09-20,Soybean,Indore,2634
2024-09-21,Soybean,Indore,2640
2024-09-22,Soybean,Indore,2663
2024-09-23,Soybean,Indore,2649
2024-09-24,Soybean,Indore,2645
2024-09-25,Soybean,Indore,2660
2024-09-26,Soybean,Indore,2654
2024-09-27,Soybean,Indore,2655
2024-09-28,Soybean,Indore,2664
2024-09-29,Soybean,Indore,2684
2024-09-30,Soybean,Indore,2688
2024-10-01,Soybean,Indore,2702
2024-10-02,Soybean,Indore,2703
2024-10-03,Soybean,Indore,2722
2024-10-04,Soybean,Indore,2727
2024-10-05,Soybean,Indore,2736
2024-10-06,Soybean,Indore,2726
2024-10-07,Soybean,Indore,2743
2024-10-08,Soybean,Indore,2767
2024-10-09,Soybean,Indore,2773
2024-10-10,Soybean,Indore,2772
2024-10-11,Soybean,Indore,2785
2024-10-12,Soybean,Indore,2778
2024-10-13,Soybean,Indore,2790
2024-10-14,Soybean,Indore,2794
2024-10-15,Soybean,Indore,2787
2024-10-16,Soybean,Indore,2778
2024-10-17,Soybean,Indore,2768
2024-10-18,Soybean,Indore,2758
2024-10-19,Soybean,Indore,2758
2024-10-20,Soybean,Indore,2753
2024-10-21,Soybean,Indore,2752
2024-10-22,Soybean,Indore,2754
2024-10-23,Soybean,Indore,2738
2024-10-24,Soybean,Indore,2737
2024-10-25,Soybean,Indore,2757
2024-10-26,Soybean,Indore,2746
2024-10-27,Soybean,Indore,2747
2024-10-28,Soybean,Indore,2749
2024-10-29,Soybean,Indore,2751
2024-10-30,Soybean,Indore,2774
2024-10-31,Soybean,Indore,2772
2024-11-01,Soybean,Indore,2763
2024-11-02,Soybean,Indore,2754
2024-11-03,Soybean,Indore,2760
2024-11-04,Soybean,Indore,2760
2024-11-05,Soybean,Indore,2773
2024-11-06,Soybean,Indore,2787
2024-11-07,Soybean,Indore,2783
2024-11-08,Soybean,Indore,2786
2024-11-09,Soybean,Indore,2786
2024-11-10,Soybean,Indore,2803
2024-11-11,Soybean,Indore,2799
2024-11-12,Soybean,Indore,2824
2024-11-13,Soybean,Indore,2820
2024-11-14,Soybean,Indore,2810
2024-11-15,Soybean,Indore,2810
2024-11-16,Soybean,Indore,2804
2024-11-17,Soybean,Indore,2787
2024-11-18,Soybean,Indore,2801
2024-11-19,Soybean,Indore,2803
2024-11-20,Soybean,Indore,2820
2024-11-21,Soybean,Indore,2829
2024-11-22,Soybean,Indore,2820
2024-11-23,Soybean,Indore,2841
2024-11-24,Soybean,Indore,2841
2024-11-25,Soybean,Indore,2866
2024-11-26,Soybean,Indore,2850
2024-11-27,Soybean,Indore,2846
2024-11-28,Soybean,Indore,2855
2024-11-29,Soybean,Indore,2875
2024-11-30,Soybean,Indore,2883
2024-12-01,Soybean,Indore,2900
2024-12-02,Soybean,Indore,2895
2024-12-03,Soybean,Indore,2904
2024-12-04,Soybean,Indore,2907
2024-12-05,Soybean,Indore,2924
2024-12-06,Soybean,Indore,2946
2024-12-07,Soybean,Indore,2926
2024-12-08,Soybean,Indore,2910
2024-12-09,Soybean,Indore,2918
2024-12-10,Soybean,Indore,2938
2024-12-11,Soybean,Indore,2937
2024-12-12,Soybean,Indore,2919
2024-12-13,Soybean,Indore,2916
2024-12-14,Soybean,Indore,2896
2024-12-15,Soybean,Indore,2913
2024-12-16,Soybean,Indore,2900
2024-12-17,Soybean,Indore,2916
2024-12-18,Soybean,Indore,2915
2024-12-19,Soybean,Indore,2932
2024-12-20,Soybean,Indore,2937
2024-12-21,Soybean,Indore,2917
2024-12-22,Soybean,Indore,2930
2024-12-23,Soybean,Indore,2927
2024-12-24,Soybean,Indore,2944
2024-12-25,Soybean,Indore,2926
2024-12-26,Soybean,Indore,2949
2024-12-27,Soybean,Indore,2970
2024-12-28,Soybean,Indore,2950
2024-12-29,Soybean,Indore,2941
2024-12-30,Soybean,Indore,2943
2024-12-31,Soybean,Indore,2933
2025-01-01,Soybean,Indore,2948
2025-01-02,Soybean,Indore,2964
2025-01-03,Soybean,Indore,2983
2025-01-04,Soybean,Indore,3006
2025-01-05,Soybean,Indore,3003
2025-01-06,Soybean,Indore,3010
2025-01-07,Soybean,Indore,3007
2025-01-08,Soybean,Indore,2994
2025-01-09,Soybean,Indore,3005
2025-01-10,Soybean,Indore,2992
2025-01-11,Soybean,Indore,3015
2025-01-12,Soybean,Indore,3017
2025-01-13,Soybean,Indore,3027
2025-01-14,Soybean,Indore,3034
2025-01-15,Soybean,Indore,3020
2025-01-16,Soybean,Indore,3027
2025-01-17,Soybean,Indore,3015
2025-01-18,Soybean,Indore,2995
2025-01-19,Soybean,Indore,2987
2025-01-20,Soybean,Indore,2989
2025-01-21,Soybean,Indore,2988
2025-01-22,Soybean,Indore,2976
2025-01-23,Soybean,Indore,2978
2025-01-24,Soybean,Indore,2985
2025-01-25,Soybean,Indore,2968
2025-01-26,Soybean,Indore,2969
2025-01-27,Soybean,Indore,2986
2025-01-28,Soybean,Indore,2970
2025-01-29,Soybean,Indore,2975
2025-01-30,Soybean,Indore,2962
2025-01-31,Soybean,Indore,2987
2025-02-01,Soybean,Indore,2999
2025-02-02,Soybean,Indore,3009
2025-02-03,Soybean,Indore,3023
2025-02-04,Soybean,Indore,3040
2025-02-05,Soybean,Indore,3048
2025-02-06,Soybean,Indore,3036
2025-02-07,Soybean,Indore,3056
2025-02-08,Soybean,Indore,3039
2025-02-09,Soybean,Indore,3061
2025-02-10,Soybean,Indore,3047
2025-02-11,Soybean,Indore,3051
2025-02-12,Soybean,Indore,3072
2025-02-13,Soybean,Indore,3060
2025-02-14,Soybean,Indore,3047
2025-02-15,Soybean,Indore,3064
2025-02-16,Soybean,Indore,3057
2025-02-17,Soybean,Indore,3068
2025-02-18,Soybean,Indore,3091
2025-02-19,Soybean,Indore,3116
2025-02-20,Soybean,Indore,3100
2025-02-21,Soybean,Indore,3111
2025-02-22,Soybean,Indore,3097
2025-02-23,Soybean,Indore,3120
2025-02-24,Soybean,Indore,3105
2025-02-25,Soybean,Indore,3097
2025-02-26,Soybean,Indore,3092
2025-02-27,Soybean,Indore,3102
2025-02-28,Soybean,Indore,3093
2025-03-01,Soybean,Indore,3085
2025-03-02,Soybean,Indore,3087
2025-03-03,Soybean,Indore,3082
2025-03-04,Soybean,Indore,3066
2025-03-05,Soybean,Indore,3064
2025-03-06,Soybean,Indore,3085
2025-03-07,Soybean,Indore,3100
2025-03-08,Soybean,Indore,3114
2025-03-09,Soybean,Indore,3109
2025-03-10,Soybean,Indore,3099
2025-03-11,Soybean,Indore,3118
2025-03-12,Soybean,Indore,3121
2025-03-13,Soybean,Indore,3112
2025-03-14,Soybean,Indore,3096
2025-03-15,Soybean,Indore,3085
2025-03-16,Soybean,Indore,3067
2025-03-17,Soybean,Indore,3074
2025-03-18,Soybean,Indore,3067
2025-03-19,Soybean,Indore,3068
2025-03-20,Soybean,Indore,3060
2025-03-21,Soybean,Indore,3047
2025-03-22,Soybean,Indore,3071
2025-03-23,Soybean,Indore,3086
2025-03-24,Soybean,Indore,3095
2025-03-25,Soybean,Indore,3093
2025-03-26,Soybean,Indore,3090
2025-03-27,Soybean,Indore,3072
2025-03-28,Soybean,Indore,3096
2025-03-29,Soybean,Indore,3080
2025-03-30,Soybean,Indore,3082
2025-03-31,Soybean,Indore,3095
2025-04-01,Soybean,Indore,3091
2025-04-02,Soybean,Indore,3112
2025-04-03,Soybean,Indore,3111
2025-04-04,Soybean,Indore,3121
2025-04-05,Soybean,Indore,3111
2025-04-06,Soybean,Indore,3126
2025-04-07,Soybean,Indore,3126
2025-04-08,Soybean,Indore,3113
2025-04-09,Soybean,Indore,3102
2025-04-10,Soybean,Indore,3094
2025-04-11,Soybean,Indore,3089
2025-04-12,Soybean,Indore,3107
2025-04-13,Soybean,Indore,3092
2025-04-14,Soybean,Indore,3112
2025-04-15,Soybean,Indore,3102
2025-04-16,Soybean,Indore,3121
2025-04-17,Soybean,Indore,3122
2025-04-18,Soybean,Indore,3113
2025-04-19,Soybean,Indore,3093
2025-04-20,Soybean,Indore,3075
2025-04-21,Soybean,Indore,3082
2025-04-22,Soybean,Indore,3075
2025-04-23,Soybean,Indore,3088
2025-04-24,Soybean,Indore,3109
2025-04-25,Soybean,Indore,3113
2025-04-26,Soybean,Indore,3129
2025-04-27,Soybean,Indore,3138
2025-04-28,Soybean,Indore,3130
2025-04-29,Soybean,Indore,3135
2025-04-30,Soybean,Indore,3160
2025-05-01,Soybean,Indore,3171
2025-05-02,Soybean,Indore,3180
2025-05-03,Soybean,Indore,3183
2025-05-04,Soybean,Indore,3172
2025-05-05,Soybean,Indore,3181
2025-05-06,Soybean,Indore,3194
2025-05-07,Soybean,Indore,3196
2025-05-08,Soybean,Indore,3185
2025-05-09,Soybean,Indore,3171
2025-05-10,Soybean,Indore,3152
2025-05-11,Soybean,Indore,3150
2025-05-12,Soybean,Indore,3140
2025-05-13,Soybean,Indore,3142
2025-05-14,Soybean,Indore,3152
2025-05-15,Soybean,Indore,3140
2025-05-16,Soybean,Indore,3126
2025-05-17,Soybean,Indore,3122
2025-05-18,Soybean,Indore,3134
2025-05-19,Soybean,Indore,3151
2025-05-20,Soybean,Indore,3168
2025-05-21,Soybean,Indore,3164
2025-05-22,Soybean,Indore,3181
2025-05-23,Soybean,Indore,3186
2025-05-24,Soybean,Indore,3190
2025-05-25,Soybean,Indore,3182
2025-05-26,Soybean,Indore,3174
2025-05-27,Soybean,Indore,3193
2025-05-28,Soybean,Indore,3175
2025-05-29,Soybean,Indore,3176
2025-05-30,Soybean,Indore,3186
2025-05-31,Soybean,Indore,3182
2025-06-01,Soybean,Indore,3193
2025-06-02,Soybean,Indore,3197
2025-06-03,Soybean,Indore,3216
2025-06-04,Soybean,Indore,3197
2025-06-05,Soybean,Indore,3206
2025-06-06,Soybean,Indore,3204
2025-06-07,Soybean,Indore,3199
2025-06-08,Soybean,Indore,3194
2025-06-09,Soybean,Indore,3209
2025-06-10,Soybean,Indore,3211
2025-06-11,Soybean,Indore,3198
2025-06-12,Soybean,Indore,3190
2025-06-13,Soybean,Indore,3197
2025-06-14,Soybean,Indore,3210
2025-06-15,Soybean,Indore,3223
2025-06-16,Soybean,Indore,3216
2025-06-17,Soybean,Indore,3198
2025-06-18,Soybean,Indore,3202
2025-06-19,Soybean,Indore,3224
2025-06-20,Soybean,Indore,3242
2025-06-21,Soybean,Indore,3257
2025-06-22,Soybean,Indore,3258
2025-06-23,Soybean,Indore,3281
2025-06-24,Soybean,Indore,3296
2025-06-25,Soybean,Indore,3308
2025-06-26,Soybean,Indore,3318
2025-06-27,Soybean,Indore,3319
2025-06-28,Soybean,Indore,3327
2025-06-29,Soybean,Indore,3347
2025-06-30,Soybean,Indore,3342
2025-07-01,Soybean,Indore,3359
2025-07-02,Soybean,Indore,3365
2025-07-03,Soybean,Indore,3378
2025-07-04,Soybean,Indore,3383
2025-07-05,Soybean,Indore,3398
2025-07-06,Soybean,Indore,3402
2025-07-07,Soybean,Indore,3387
2025-07-08,Soybean,Indore,3386
2025-07-09,Soybean,Indore,3383
2025-07-10,Soybean,Indore,3370
2025-07-11,Soybean,Indore,3370
2025-07-12,Soybean,Indore,3350
2025-07-13,Soybean,Indore,3366
2025-07-14,Soybean,Indore,3359
2025-07-15,Soybean,Indore,3379
2025-07-16,Soybean,Indore,3375
2025-07-17,Soybean,Indore,3376
2025-07-18,Soybean,Indore,3375
2025-07-19,Soybean,Indore,3390
2025-07-20,Soybean,Indore,3403
2025-07-21,Soybean,Indore,3424
2025-07-22,Soybean,Indore,3408
2025-07-23,Soybean,Indore,3425
2025-07-24,Soybean,Indore,3442
2025-07-25,Soybean,Indore,3444
2025-07-26,Soybean,Indore,3424
2025-07-27,Soybean,Indore,3423
2025-07-28,Soybean,Indore,3438
2025-07-29,Soybean,Indore,3443
2025-07-30,Soybean,Indore,3431
2025-07-31,Soybean,Indore,3450
2025-08-01,Soybean,Indore,3440
2025-08-02,Soybean,Indore,3446
2025-08-03,Soybean,Indore,3469
2025-08-04,Soybean,Indore,3452
2025-08-05,Soybean,Indore,3451
2025-08-06,Soybean,Indore,3471
2025-08-07,Soybean,Indore,3490
2025-08-08,Soybean,Indore,3508
2025-08-09,Soybean,Indore,3517
2025-08-10,Soybean,Indore,3505
2025-08-11,Soybean,Indore,3517
2025-08-12,Soybean,Indore,3541
2025-08-13,Soybean,Indore,3550
2025-08-14,Soybean,Indore,3560
2025-08-15,Soybean,Indore,3570
2025-08-16,Soybean,Indore,3588
2025-08-17,Soybean,Indore,3581
2025-08-18,Soybean,Indore,3596
2025-08-19,Soybean,Indore,3604
2025-08-20,Soybean,Indore,3611
2025-08-21,Soybean,Indore,3629
2025-08-22,Soybean,Indore,3640
2025-08-23,Soybean,Indore,3651
2025-08-24,Soybean,Indore,3635
2025-08-25,Soybean,Indore,3619
2025-08-26,Soybean,Indore,3615
2025-08-27,Soybean,Indore,3639
2025-08-28,Soybean,Indore,3647
2025-08-29,Soybean,Indore,3662
2025-08-30,Soybean,Indore,3646
2025-08-31,Soybean,Indore,3643
2025-09-01,Soybean,Indore,3642
2025-09-02,Soybean,Indore,3650
2025-09-03,Soybean,Indore,3666
2025-09-04,Soybean,Indore,3676
2025-09-05,Soybean,Indore,3697
2025-09-06,Soybean,Indore,3713
2025-09-07,Soybean,Indore,3717
2025-09-08,Soybean,Indore,3734
2025-09-09,Soybean,Indore,3719
2025-09-10,Soybean,Indore,3733
2025-09-11,Soybean,Indore,3729
2025-09-12,Soybean,Indore,3717
2025-09-13,Soybean,Indore,3736
2025-09-14,Soybean,Indore,3752
2025-09-15,Soybean,Indore,3769
2025-09-16,Soybean,Indore,3769
2025-09-17,Soybean,Indore,3767
2025-09-18,Soybean,Indore,3762
2025-09-19,Soybean,Indore,3777
2025-09-20,Soybean,Indore,3781
2025-09-21,Soybean,Indore,3766
2025-09-22,Soybean,Indore,3765
2025-09-23,Soybean,Indore,3785
2025-09-24,Soybean,Indore,3807
2025-09-25,Soybean,Indore,3814
2025-09-26,Soybean,Indore,3799
2025-09-27,Soybean,Indore,3806
2025-09-28,Soybean,Indore,3797
2025-09-29,Soybean,Indore,3819
2025-09-30,Soybean,Indore,3806
2025-10-01,Soybean,Indore,3791
2025-10-02,Soybean,Indore,3790
2025-10-03,Soybean,Indore,3776
2025-10-04,Soybean,Indore,3760
2025-10-05,Soybean,Indore,3770
2025-10-06,Soybean,Indore,3764
2025-10-07,Soybean,Indore,3760
2025-10-08,Soybean,Indore,3777
2025-10-09,Soybean,Indore,3791
2025-10-10,Soybean,Indore,3808
2025-10-11,Soybean,Indore,3798
2025-10-12,Soybean,Indore,3804
2025-10-13,Soybean,Indore,3811
2025-10-14,Soybean,Indore,3820
2025-10-15,Soybean,Indore,3835
2025-10-16,Soybean,Indore,3821
2025-10-17,Soybean,Indore,3802
2025-10-18,Soybean,Indore,3793
2025-10-19,Soybean,Indore,3783
2025-10-20,Soybean,Indore,3783
2025-10-21,Soybean,Indore,3798
2025-10-22,Soybean,Indore,3820
2025-10-23,Soybean,Indore,3833
2025-10-24,Soybean,Indore,3853
2025-10-25,Soybean,Indore,3875
2025-10-26,Soybean,Indore,3866
2025-10-27,Soybean,Indore,3850
2025-10-28,Soybean,Indore,3874
2025-10-29,Soybean,Indore,3883
2025-10-30,Soybean,Indore,3899
2025-10-31,Soybean,Indore,3896
2025-11-01,Soybean,Indore,3904
2025-11-02,Soybean,Indore,3904
2025-11-03,Soybean,Indore,3895
2025-11-04,Soybean,Indore,3900
2025-11-05,Soybean,Indore,3890
2025-11-06,Soybean,Indore,3913
2025-11-07,Soybean,Indore,3907
2025-11-08,Soybean,Indore,3918
2025-11-09,Soybean,Indore,3940
2025-11-10,Soybean,Indore,3935
2025-11-11,Soybean,Indore,3916
2025-11-12,Soybean,Indore,3936
2025-11-13,Soybean,Indore,3924
2025-11-14,Soybean,Indore,3906
2025-11-15,Soybean,Indore,3904
2025-11-16,Soybean,Indore,3906
2025-11-17,Soybean,Indore,3889
2025-11-18,Soybean,Indore,3887
2025-11-19,Soybean,Indore,3881
2025-11-20,Soybean,Indore,3902
2025-11-21,Soybean,Indore,3912
2025-11-22,Soybean,Indore,3925
2025-11-23,Soybean,Indore,3922
2025-11-24,Soybean,Indore,3939
2025-11-25,Soybean,Indore,3929
2025-11-26,Soybean,Indore,3914
2025-11-27,Soybean,Indore,3920
2025-11-28,Soybean,Indore,3903
2025-11-29,Soybean,Indore,3901
2025-11-30,Soybean,Indore,3892
2025-12-01,Soybean,Indore,3899
2025-12-02,Soybean,Indore,3887
2025-12-03,Soybean,Indore,3869
2025-12-04,Soybean,Indore,3877
2025-12-05,Soybean,Indore,3858
2025-12-06,Soybean,Indore,3844
2025-12-07,Soybean,Indore,3869
2025-12-08,Soybean,Indore,3890
2025-12-09,Soybean,Indore,3893
2025-12-10,Soybean,Indore,3901
2025-12-11,Soybean,Indore,3908
2025-12-12,Soybean,Indore,3912
2025-12-13,Soybean,Indore,3930
2025-12-14,Soybean,Indore,3929
2025-12-15,Soybean,Indore,3928
2025-12-16,Soybean,Indore,3930
2025-12-17,Soybean,Indore,3939
2025-12-18,Soybean,Indore,3932
2025-12-19,Soybean,Indore,3916
2025-12-20,Soybean,Indore,3939
2025-12-21,Soybean,Indore,3929
2025-12-22,Soybean,Indore,3916
2025-12-23,Soybean,Indore,3914
2025-12-24,Soybean,Indore,3896
2025-12-25,Soybean,Indore,3909
2025-12-26,Soybean,Indore,3899
2025-12-27,Soybean,Indore,3894
2025-12-28,Soybean,Indore,3908
2025-12-29,Soybean,Indore,3908
2025-12-30,Soybean,Indore,3906
2025-12-31,Soybean,Indore,3923
2024-01-01,Soybean,Jaipur,1868
2024-01-02,Soybean,Jaipur,1866
2024-01-03,Soybean,Jaipur,1879
2024-01-04,Soybean,Jaipur,1890
2024-01-05,Soybean,Jaipur,1905
2024-01-06,Soybean,Jaipur,1893
2024-01-07,Soybean,Jaipur,1880
2024-01-08,Soybean,Jaipur,1891
2024-01-09,Soybean,Jaipur,1900
2024-01-10,Soybean,Jaipur,1919
2024-01-11,Soybean,Jaipur,1939
2024-01-12,Soybean,Jaipur,1934
2024-01-13,Soybean,Jaipur,1940
2024-01-14,Soybean,Jaipur,1964
2024-01-15,Soybean,Jaipur,1948
2024-01-16,Soybean,Jaipur,1933
2024-01-17,Soybean,Jaipur,1926
2024-01-18,Soybean,Jaipur,1946
2024-01-19,Soybean,Jaipur,1938
2024-01-20,Soybean,Jaipur,1944
2024-01-21,Soybean,Jaipur,1943
2024-01-22,Soybean,Jaipur,1947
2024-01-23,Soybean,Jaipur,1928
2024-01-24,Soybean,Jaipur,1918
2024-01-25,Soybean,Jaipur,1899
2024-01-26,Soybean,Jaipur,1893
2024-01-27,Soybean,Jaipur,1876
2024-01-28,Soybean,Jaipur,1895
2024-01-29,Soybean,Jaipur,1916
2024-01-30,Soybean,Jaipur,1914
2024-01-31,Soybean,Jaipur,1911
2024-02-01,Soybean,Jaipur,1929
2024-02-02,Soybean,Jaipur,1932
2024-02-03,Soybean,Jaipur,1953
2024-02-04,Soybean,Jaipur,1949
2024-02-05,Soybean,Jaipur,1946
2024-02-06,Soybean,Jaipur,1952
2024-02-07,Soybean,Jaipur,1977
2024-02-08,Soybean,Jaipur,1963
2024-02-09,Soybean,Jaipur,1948
2024-02-10,Soybean,Jaipur,1945
2024-02-11,Soybean,Jaipur,1944
2024-02-12,Soybean,Jaipur,1935
2024-02-13,Soybean,Jaipur,1927
2024-02-14,Soybean,Jaipur,1934
2024-02-15,Soybean,Jaipur,1933
2024-02-16,Soybean,Jaipur,1931
2024-02-17,Soybean,Jaipur,1948
2024-02-18,Soybean,Jaipur,1932
2024-02-19,Soybean,Jaipur,1945
2024-02-20,Soybean,Jaipur,1931
2024-02-21,Soybean,Jaipur,1950
2024-02-22,Soybean,Jaipur,1947
2024-02-23,Soybean,Jaipur,1953
2024-02-24,Soybean,Jaipur,1962
2024-02-25,Soybean,Jaipur,1944
2024-02-26,Soybean,Jaipur,1959
2024-02-27,Soybean,Jaipur,1964
2024-02-28,Soybean,Jaipur,1964
2024-02-29,Soybean,Jaipur,1956
2024-03-01,Soybean,Jaipur,1973
2024-03-02,Soybean,Jaipur,1958
2024-03-03,Soybean,Jaipur,1947
2024-03-04,Soybean,Jaipur,1969
2024-03-05,Soybean,Jaipur,1988
2024-03-06,Soybean,Jaipur,1990
2024-03-07,Soybean,Jaipur,1978
2024-03-08,Soybean,Jaipur,1962
2024-03-09,Soybean,Jaipur,1982
2024-03-10,Soybean,Jaipur,1990
2024-03-11,Soybean,Jaipur,1983
2024-03-12,Soybean,Jaipur,1976
2024-03-13,Soybean,Jaipur,1983
2024-03-14,Soybean,Jaipur,2008
2024-03-15,Soybean,Jaipur,2000
2024-03-16,Soybean,Jaipur,1994
2024-03-17,Soybean,Jaipur,1974
2024-03-18,Soybean,Jaipur,1968
2024-03-19,Soybean,Jaipur,1950
2024-03-20,Soybean,Jaipur,1947
2024-03-21,Soybean,Jaipur,1971
2024-03-22,Soybean,Jaipur,1981
2024-03-23,Soybean,Jaipur,1983
2024-03-24,Soybean,Jaipur,1998
2024-03-25,Soybean,Jaipur,1998
2024-03-26,Soybean,Jaipur,2023
2024-03-27,Soybean,Jaipur,2034
2024-03-28,Soybean,Jaipur,2017
2024-03-29,Soybean,Jaipur,2004
2024-03-30,Soybean,Jaipur,2026
2024-03-31,Soybean,Jaipur,2033
2024-04-01,Soybean,Jaipur,2022
2024-04-02,Soybean,Jaipur,2027
2024-04-03,Soybean,Jaipur,2010
2024-04-04,Soybean,Jaipur,1990
2024-04-05,Soybean,Jaipur,1993
2024-04-06,Soybean,Jaipur,2008
2024-04-07,Soybean,Jaipur,1990
2024-04-08,Soybean,Jaipur,1996
2024-04-09,Soybean,Jaipur,2016
2024-04-10,Soybean,Jaipur,1996
2024-04-11,Soybean,Jaipur,2014
2024-04-12,Soybean,Jaipur,2025
2024-04-13,Soybean,Jaipur,2030
2024-04-14,Soybean,Jaipur,2044
2024-04-15,Soybean,Jaipur,2051
2024-04-16,Soybean,Jaipur,2047
2024-04-17,Soybean,Jaipur,2067
2024-04-18,Soybean,Jaipur,2091
2024-04-19,Soybean,Jaipur,2087
2024-04-20,Soybean,Jaipur,2081
2024-04-21,Soybean,Jaipur,2092
2024-04-22,Soybean,Jaipur,2095
2024-04-23,Soybean,Jaipur,2087
2024-04-24,Soybean,Jaipur,2095
2024-04-25,Soybean,Jaipur,2099
2024-04-26,Soybean,Jaipur,2115
2024-04-27,Soybean,Jaipur,2124
2024-04-28,Soybean,Jaipur,2128
2024-04-29,Soybean,Jaipur,2140
2024-04-30,Soybean,Jaipur,2142
2024-05-01,Soybean,Jaipur,2136
2024-05-02,Soybean,Jaipur,2129
2024-05-03,Soybean,Jaipur,2154
2024-05-04,Soybean,Jaipur,2146
2024-05-05,Soybean,Jaipur,2131
2024-05-06,Soybean,Jaipur,2129
2024-05-07,Soybean,Jaipur,2146
2024-05-08,Soybean,Jaipur,2128
2024-05-09,Soybean,Jaipur,2130
2024-05-10,Soybean,Jaipur,2114
2024-05-11,Soybean,Jaipur,2113
2024-05-12,Soybean,Jaipur,2138
2024-05-13,Soybean,Jaipur,2155
2024-05-14,Soybean,Jaipur,2170
2024-05-15,Soybean,Jaipur,2155
2024-05-16,Soybean,Jaipur,2139
2024-05-17,Soybean,Jaipur,2160
2024-05-18,Soybean,Jaipur,2176
2024-05-19,Soybean,Jaipur,2188
2024-05-20,Soybean,Jaipur,2206
2024-05-21,Soybean,Jaipur,2218
2024-05-22,Soybean,Jaipur,2209
2024-05-23,Soybean,Jaipur,2198
2024-05-24,Soybean,Jaipur,2216
2024-05-25,Soybean,Jaipur,2236
2024-05-26,Soybean,Jaipur,2223
2024-05-27,Soybean,Jaipur,2205
2024-05-28,Soybean,Jaipur,2224
2024-05-29,Soybean,Jaipur,2230
2024-05-30,Soybean,Jaipur,2238
2024-05-31,Soybean,Jaipur,2221
2024-06-01,Soybean,Jaipur,2239
2024-06-02,Soybean,Jaipur,2219
2024-06-03,Soybean,Jaipur,2244
2024-06-04,Soybean,Jaipur,2241
2024-06-05,Soybean,Jaipur,2261
2024-06-06,Soybean,Jaipur,2259
2024-06-07,Soybean,Jaipur,2242
2024-06-08,Soybean,Jaipur,2233
2024-06-09,Soybean,Jaipur,2225
2024-06-10,Soybean,Jaipur,2244
2024-06-11,Soybean,Jaipur,2252
2024-06-12,Soybean,Jaipur,2272
2024-06-13,Soybean,Jaipur,2268
2024-06-14,Soybean,Jaipur,2277
2024-06-15,Soybean,Jaipur,2260
2024-06-16,Soybean,Jaipur,2284
2024-06-17,Soybean,Jaipur,2289
2024-06-18,Soybean,Jaipur,2297
2024-06-19,Soybean,Jaipur,2277
2024-06-20,Soybean,Jaipur,2279
2024-06-21,Soybean,Jaipur,2279
2024-06-22,Soybean,Jaipur,2268
2024-06-23,Soybean,Jaipur,2259
2024-06-24,Soybean,Jaipur,2240
2024-06-25,Soybean,Jaipur,2246
2024-06-26,Soybean,Jaipur,2230
2024-06-27,Soybean,Jaipur,2250
2024-06-28,Soybean,Jaipur,2275
2024-06-29,Soybean,Jaipur,2297
2024-06-30,Soybean,Jaipur,2302
2024-07-01,Soybean,Jaipur,2301
2024-07-02,Soybean,Jaipur,2316
2024-07-03,Soybean,Jaipur,2311
2024-07-04,Soybean,Jaipur,2302
2024-07-05,Soybean,Jaipur,2299
2024-07-06,Soybean,Jaipur,2310
2024-07-07,Soybean,Jaipur,2324
2024-07-08,Soybean,Jaipur,2324
2024-07-09,Soybean,Jaipur,2321
2024-07-10,Soybean,Jaipur,2322
2024-07-11,Soybean,Jaipur,2328
2024-07-12,Soybean,Jaipur,2347
2024-07-13,Soybean,Jaipur,2357
2024-07-14,Soybean,Jaipur,2354
2024-07-15,Soybean,Jaipur,2337
2024-07-16,Soybean,Jaipur,2356
2024-07-17,Soybean,Jaipur,2363
2024-07-18,Soybean,Jaipur,2344
2024-07-19,Soybean,Jaipur,2355
2024-07-20,Soybean,Jaipur,2336
2024-07-21,Soybean,Jaipur,2317
2024-07-22,Soybean,Jaipur,2298
2024-07-23,Soybean,Jaipur,2286
2024-07-24,Soybean,Jaipur,2280
2024-07-25,Soybean,Jaipur,2271
2024-07-26,Soybean,Jaipur,2275
2024-07-27,Soybean,Jaipur,2295
2024-07-28,Soybean,Jaipur,2310
2024-07-29,Soybean,Jaipur,2308
2024-07-30,Soybean,Jaipur,2320
2024-07-31,Soybean,Jaipur,2334
2024-08-01,Soybean,Jaipur,2339
2024-08-02,Soybean,Jaipur,2328
2024-08-03,Soybean,Jaipur,2323
2024-08-04,Soybean,Jaipur,2329
2024-08-05,Soybean,Jaipur,2340
2024-08-06,Soybean,Jaipur,2341
2024-08-07,Soybean,Jaipur,2361
2024-08-08,Soybean,Jaipur,2352
2024-08-09,Soybean,Jaipur,2332
2024-08-10,Soybean,Jaipur,2342
2024-08-11,Soybean,Jaipur,2342
2024-08-12,Soybean,Jaipur,2348
2024-08-13,Soybean,Jaipur,2347
2024-08-14,Soybean,Jaipur,2347
2024-08-15,Soybean,Jaipur,2359
2024-08-16,Soybean,Jaipur,2355
2024-08-17,Soybean,Jaipur,2377
2024-08-18,Soybean,Jaipur,2397
2024-08-19,Soybean,Jaipur,2415
2024-08-20,Soybean,Jaipur,2413
2024-08-21,Soybean,Jaipur,2437
2024-08-22,Soybean,Jaipur,2460
2024-08-23,Soybean,Jaipur,2478
2024-08-24,Soybean,Jaipur,2481
2024-08-25,Soybean,Jaipur,2474
2024-08-26,Soybean,Jaipur,2488
2024-08-27,Soybean,Jaipur,2502
2024-08-28,Soybean,Jaipur,2504
2024-08-29,Soybean,Jaipur,2485
2024-08-30,Soybean,Jaipur,2472
2024-08-31,Soybean,Jaipur,2461
2024-09-01,Soybean,Jaipur,2482
2024-09-02,Soybean,Jaipur,2487
2024-09-03,Soybean,Jaipur,2503
2024-09-04,Soybean,Jaipur,2493
2024-09-05,Soybean,Jaipur,2492
2024-09-06,Soybean,Jaipur,2512
2024-09-07,Soybean,Jaipur,2521
2024-09-08,Soybean,Jaipur,2543
2024-09-09,Soybean,Jaipur,2535
2024-09-10,Soybean,Jaipur,2556
2024-09-11,Soybean,Jaipur,2553
2024-09-12,Soybean,Jaipur,2572
2024-09-13,Soybean,Jaipur,2590
2024-09-14,Soybean,Jaipur,2593
2024-09-15,Soybean,Jaipur,2594
2024-09-16,Soybean,Jaipur,2576
2024-09-17,Soybean,Jaipur,2564
2024-09-18,Soybean,Jaipur,2555
2024-09-19,Soybean,Jaipur,2574
2024-09-20,Soybean,Jaipur,2567
2024-09-21,Soybean,Jaipur,2582
2024-09-22,Soybean,Jaipur,2575
2024-09-23,Soybean,Jaipur,2599
2024-09-24,Soybean,Jaipur,2607
2024-09-25,Soybean,Jaipur,2595
2024-09-26,Soybean,Jaipur,2615
2024-09-27,Soybean,Jaipur,2618
2024-09-28,Soybean,Jaipur,2600
2024-09-29,Soybean,Jaipur,2614
2024-09-30,Soybean,Jaipur,2610
2024-10-01,Soybean,Jaipur,2609
2024-10-02,Soybean,Jaipur,2633
2024-10-03,Soybean,Jaipur,2648
2024-10-04,Soybean,Jaipur,2646
2024-10-05,Soybean,Jaipur,2657
2024-10-06,Soybean,Jaipur,2676
2024-10-07,Soybean,Jaipur,2701
2024-10-08,Soybean,Jaipur,2686
2024-10-09,Soybean,Jaipur,2687
2024-10-10,Soybean,Jaipur,2687
2024-10-11,Soybean,Jaipur,2671
2024-10-12,Soybean,Jaipur,2682
2024-10-13,Soybean,Jaipur,2669
2024-10-14,Soybean,Jaipur,2650
2024-10-15,Soybean,Jaipur,2655
2024-10-16,Soybean,Jaipur,2664
2024-10-17,Soybean,Jaipur,2673
2024-10-18,Soybean,Jaipur,2667
2024-10-19,Soybean,Jaipur,2676
2024-10-20,Soybean,Jaipur,2685
2024-10-21,Soybean,Jaipur,2684
2024-10-22,Soybean,Jaipur,2699
2024-10-23,Soybean,Jaipur,2695
2024-10-24,Soybean,Jaipur,2689
2024-10-25,Soybean,Jaipur,2698
2024-10-26,Soybean,Jaipur,2685
2024-10-27,Soybean,Jaipur,2682
2024-10-28,Soybean,Jaipur,2684
2024-10-29,Soybean,Jaipur,2686
2024-10-30,Soybean,Jaipur,2690
2024-10-31,Soybean,Jaipur,2683
2024-11-01,Soybean,Jaipur,2666
2024-11-02,Soybean,Jaipur,2662
2024-11-03,Soybean,Jaipur,2669
2024-11-04,Soybean,Jaipur,2652
2024-11-05,Soybean,Jaipur,2663
2024-11-06,Soybean,Jaipur,2658
2024-11-07,Soybean,Jaipur,2683
2024-11-08,Soybean,Jaipur,2677
2024-11-09,Soybean,Jaipur,2669
2024-11-10,Soybean,Jaipur,2668
2024-11-11,Soybean,Jaipur,2662
2024-11-12,Soybean,Jaipur,2651
2024-11-13,Soybean,Jaipur,2670
2024-11-14,Soybean,Jaipur,2658
2024-11-15,Soybean,Jaipur,2660
2024-11-16,Soybean,Jaipur,2644
2024-11-17,Soybean,Jaipur,2643
2024-11-18,Soybean,Jaipur,2649
2024-11-19,Soybean,Jaipur,2669
2024-11-20,Soybean,Jaipur,2656
2024-11-21,Soybean,Jaipur,2659
2024-11-22,Soybean,Jaipur,2670
2024-11-23,Soybean,Jaipur,2676
2024-11-24,Soybean,Jaipur,2669
2024-11-25,Soybean,Jaipur,2682
2024-11-26,Soybean,Jaipur,2684
2024-11-27,Soybean,Jaipur,2676
2024-11-28,Soybean,Jaipur,2693
2024-11-29,Soybean,Jaipur,2712
2024-11-30,Soybean,Jaipur,2706
2024-12-01,Soybean,Jaipur,2712
2024-12-02,Soybean,Jaipur,2734
2024-12-03,Soybean,Jaipur,2758
2024-12-04,Soybean,Jaipur,2762
2024-12-05,Soybean,Jaipur,2767
2024-12-06,Soybean,Jaipur,2752
2024-12-07,Soybean,Jaipur,2767
2024-12-08,Soybean,Jaipur,2747
2024-12-09,Soybean,Jaipur,2755
2024-12-10,Soybean,Jaipur,2758
2024-12-11,Soybean,Jaipur,2775
2024-12-12,Soybean,Jaipur,2772
2024-12-13,Soybean,Jaipur,2756
2024-12-14,Soybean,Jaipur,2739
2024-12-15,Soybean,Jaipur,2744
2024-12-16,Soybean,Jaipur,2752
2024-12-17,Soybean,Jaipur,2769
2024-12-18,Soybean,Jaipur,2779
2024-12-19,Soybean,Jaipur,2799
2024-12-20,Soybean,Jaipur,2806
2024-12-21,Soybean,Jaipur,2831
2024-12-22,Soybean,Jaipur,2817
2024-12-23,Soybean,Jaipur,2842
2024-12-24,Soybean,Jaipur,2830
2024-12-25,Soybean,Jaipur,2846
2024-12-26,Soybean,Jaipur,2870
2024-12-27,Soybean,Jaipur,2890
2024-12-28,Soybean,Jaipur,2890
2024-12-29,Soybean,Jaipur,2896
2024-12-30,Soybean,Jaipur,2909
2024-12-31,Soybean,Jaipur,2933
2025-01-01,Soybean,Jaipur,2954
2025-01-02,Soybean,Jaipur,2970
2025-01-03,Soybean,Jaipur,2986
2025-01-04,Soybean,Jaipur,2974
2025-01-05,Soybean,Jaipur,2975
2025-01-06,Soybean,Jaipur,2994
2025-01-07,Soybean,Jaipur,2976
2025-01-08,Soybean,Jaipur,2966
2025-01-09,Soybean,Jaipur,2979
2025-01-10,Soybean,Jaipur,2994
2025-01-11,Soybean,Jaipur,2995
2025-01-12,Soybean,Jaipur,3007
2025-01-13,Soybean,Jaipur,3019
2025-01-14,Soybean,Jaipur,3028
2025-01-15,Soybean,Jaipur,3030
2025-01-16,Soybean,Jaipur,3046
2025-01-17,Soybean,Jaipur,3038
2025-01-18,Soybean,Jaipur,3029
2025-01-19,Soybean,Jaipur,3017
2025-01-20,Soybean,Jaipur,3033
2025-01-21,Soybean,Jaipur,3052
2025-01-22,Soybean,Jaipur,3061
2025-01-23,Soybean,Jaipur,3070
2025-01-24,Soybean,Jaipur,3079
2025-01-25,Soybean,Jaipur,3099
2025-01-26,Soybean,Jaipur,3086
2025-01-27,Soybean,Jaipur,3085
2025-01-28,Soybean,Jaipur,3092
2025-01-29,Soybean,Jaipur,3108
2025-01-30,Soybean,Jaipur,3097
2025-01-31,Soybean,Jaipur,3091
2025-02-01,Soybean,Jaipur,3093
2025-02-02,Soybean,Jaipur,3107
2025-02-03,Soybean,Jaipur,3125
2025-02-04,Soybean,Jaipur,3124
2025-02-05,Soybean,Jaipur,3132
2025-02-06,Soybean,Jaipur,3125
2025-02-07,Soybean,Jaipur,3140
2025-02-08,Soybean,Jaipur,3120
2025-02-09,Soybean,Jaipur,3143
2025-02-10,Soybean,Jaipur,3140
2025-02-11,Soybean,Jaipur,3130
2025-02-12,Soybean,Jaipur,3127
2025-02-13,Soybean,Jaipur,3121
2025-02-14,Soybean,Jaipur,3116
2025-02-15,Soybean,Jaipur,3115
2025-02-16,Soybean,Jaipur,3137
2025-02-17,Soybean,Jaipur,3155
2025-02-18,Soybean,Jaipur,3141
2025-02-19,Soybean,Jaipur,3137
2025-02-20,Soybean,Jaipur,3128
2025-02-21,Soybean,Jaipur,3114
2025-02-22,Soybean,Jaipur,3113
2025-02-23,Soybean,Jaipur,3113
2025-02-24,Soybean,Jaipur,3101
2025-02-25,Soybean,Jaipur,3100
2025-02-26,Soybean,Jaipur,3097
2025-02-27,Soybean,Jaipur,3090
2025-02-28,Soybean,Jaipur,3071
2025-03-01,Soybean,Jaipur,3079
2025-03-02,Soybean,Jaipur,3061
2025-03-03,Soybean,Jaipur,3049
2025-03-04,Soybean,Jaipur,3033
2025-03-05,Soybean,Jaipur,3050
2025-03-06,Soybean,Jaipur,3051
2025-03-07,Soybean,Jaipur,3064
2025-03-08,Soybean,Jaipur,3074
2025-03-09,Soybean,Jaipur,3079
2025-03-10,Soybean,Jaipur,3102
2025-03-11,Soybean,Jaipur,3125
2025-03-12,Soybean,Jaipur,3128
2025-03-13,Soybean,Jaipur,3120
2025-03-14,Soybean,Jaipur,3124
2025-03-15,Soybean,Jaipur,3110
2025-03-16,Soybean,Jaipur,3119
2025-03-17,Soybean,Jaipur,3133
2025-03-18,Soybean,Jaipur,3133
2025-03-19,Soybean,Jaipur,3149
2025-03-20,Soybean,Jaipur,3165
2025-03-21,Soybean,Jaipur,3153
2025-03-22,Soybean,Jaipur,3133
2025-03-23,Soybean,Jaipur,3141
2025-03-24,Soybean,Jaipur,3142
2025-03-25,Soybean,Jaipur,3131
2025-03-26,Soybean,Jaipur,3120
2025-03-27,Soybean,Jaipur,3106
2025-03-28,Soybean,Jaipur,3093
2025-03-29,Soybean,Jaipur,3100
2025-03-30,Soybean,Jaipur,3117
2025-03-31,Soybean,Jaipur,3104
2025-04-01,Soybean,Jaipur,3128
2025-04-02,Soybean,Jaipur,3122
2025-04-03,Soybean,Jaipur,3139
2025-04-04,Soybean,Jaipur,3133
2025-04-05,Soybean,Jaipur,3119
2025-04-06,Soybean,Jaipur,3120
2025-04-07,Soybean,Jaipur,3107
2025-04-08,Soybean,Jaipur,3128
2025-04-09,Soybean,Jaipur,3128
2025-04-10,Soybean,Jaipur,3119
2025-04-11,Soybean,Jaipur,3141
2025-04-12,Soybean,Jaipur,3159
2025-04-13,Soybean,Jaipur,3183
2025-04-14,Soybean,Jaipur,3174
2025-04-15,Soybean,Jaipur,3164
2025-04-16,Soybean,Jaipur,3153
2025-04-17,Soybean,Jaipur,3136
2025-04-18,Soybean,Jaipur,3140
2025-04-19,Soybean,Jaipur,3128
2025-04-20,Soybean,Jaipur,3140
2025-04-21,Soybean,Jaipur,3133
2025-04-22,Soybean,Jaipur,3131
2025-04-23,Soybean,Jaipur,3126
2025-04-24,Soybean,Jaipur,3145
2025-04-25,Soybean,Jaipur,3156
2025-04-26,Soybean,Jaipur,3178
2025-04-27,Soybean,Jaipur,3180
2025-04-28,Soybean,Jaipur,3199
2025-04-29,Soybean,Jaipur,3222
2025-04-30,Soybean,Jaipur,3215
2025-05-01,Soybean,Jaipur,3234
2025-05-02,Soybean,Jaipur,3230
2025-05-03,Soybean,Jaipur,3252
2025-05-04,Soybean,Jaipur,3262
2025-05-05,Soybean,Jaipur,3268
2025-05-06,Soybean,Jaipur,3291
2025-05-07,Soybean,Jaipur,3297
2025-05-08,Soybean,Jaipur,3322
2025-05-09,Soybean,Jaipur,3304
2025-05-10,Soybean,Jaipur,3320
2025-05-11,Soybean,Jaipur,3345
2025-05-12,Soybean,Jaipur,3350
2025-05-13,Soybean,Jaipur,3342
2025-05-14,Soybean,Jaipur,3344
2025-05-15,Soybean,Jaipur,3366
2025-05-16,Soybean,Jaipur,3371
2025-05-17,Soybean,Jaipur,3393
2025-05-18,Soybean,Jaipur,3417
2025-05-19,Soybean,Jaipur,3408
2025-05-20,Soybean,Jaipur,3396
2025-05-21,Soybean,Jaipur,3381
2025-05-22,Soybean,Jaipur,3387
2025-05-23,Soybean,Jaipur,3394
2025-05-24,Soybean,Jaipur,3389
2025-05-25,Soybean,Jaipur,3397
2025-05-26,Soybean,Jaipur,3411
2025-05-27,Soybean,Jaipur,3433
2025-05-28,Soybean,Jaipur,3431
2025-05-29,Soybean,Jaipur,3450
2025-05-30,Soybean,Jaipur,3453
2025-05-31,Soybean,Jaipur,3451
2025-06-01,Soybean,Jaipur,3455
2025-06-02,Soybean,Jaipur,3464
2025-06-03,Soybean,Jaipur,3449
2025-06-04,Soybean,Jaipur,3467
2025-06-05,Soybean,Jaipur,3447
2025-06-06,Soybean,Jaipur,3466
2025-06-07,Soybean,Jaipur,3462
2025-06-08,Soybean,Jaipur,3446
2025-06-09,Soybean,Jaipur,3464
2025-06-10,Soybean,Jaipur,3458
2025-06-11,Soybean,Jaipur,3465
2025-06-12,Soybean,Jaipur,3472
2025-06-13,Soybean,Jaipur,3490
2025-06-14,Soybean,Jaipur,3487
2025-06-15,Soybean,Jaipur,3491
2025-06-16,Soybean,Jaipur,3486
2025-06-17,Soybean,Jaipur,3470
2025-06-18,Soybean,Jaipur,3458
2025-06-19,Soybean,Jaipur,3448
2025-06-20,Soybean,Jaipur,3453
2025-06-21,Soybean,Jaipur,3467
2025-06-22,Soybean,Jaipur,3448
2025-06-23,Soybean,Jaipur,3452
2025-06-24,Soybean,Jaipur,3434
2025-06-25,Soybean,Jaipur,3417
2025-06-26,Soybean,Jaipur,3407
2025-06-27,Soybean,Jaipur,3409
2025-06-28,Soybean,Jaipur,3421
2025-06-29,Soybean,Jaipur,3420
2025-06-30,Soybean,Jaipur,3407
2025-07-01,Soybean,Jaipur,3428
2025-07-02,Soybean,Jaipur,3449
2025-07-03,Soybean,Jaipur,3437
2025-07-04,Soybean,Jaipur,3452
2025-07-05,Soybean,Jaipur,3440
2025-07-06,Soybean,Jaipur,3449
2025-07-07,Soybean,Jaipur,3449
2025-07-08,Soybean,Jaipur,3464
2025-07-09,Soybean,Jaipur,3479
2025-07-10,Soybean,Jaipur,3467
2025-07-11,Soybean,Jaipur,3481
2025-07-12,Soybean,Jaipur,3490
2025-07-13,Soybean,Jaipur,3490
2025-07-14,Soybean,Jaipur,3479
2025-07-15,Soybean,Jaipur,3463
2025-07-16,Soybean,Jaipur,3451
2025-07-17,Soybean,Jaipur,3464
2025-07-18,Soybean,Jaipur,3463
2025-07-19,Soybean,Jaipur,3478
2025-07-20,Soybean,Jaipur,3476
2025-07-21,Soybean,Jaipur,3477
2025-07-22,Soybean,Jaipur,3477
2025-07-23,Soybean,Jaipur,3485
2025-07-24,Soybean,Jaipur,3472
2025-07-25,Soybean,Jaipur,3456
2025-07-26,Soybean,Jaipur,3442
2025-07-27,Soybean,Jaipur,3449
2025-07-28,Soybean,Jaipur,3455
2025-07-29,Soybean,Jaipur,3462
2025-07-30,Soybean,Jaipur,3483
2025-07-31,Soybean,Jaipur,3493
2025-08-01,Soybean,Jaipur,3493
2025-08-02,Soybean,Jaipur,3477
2025-08-03,Soybean,Jaipur,3502
2025-08-04,Soybean,Jaipur,3502
2025-08-05,Soybean,Jaipur,3494
2025-08-06,Soybean,Jaipur,3511
2025-08-07,Soybean,Jaipur,3495
2025-08-08,Soybean,Jaipur,3490
2025-08-09,Soybean,Jaipur,3504
2025-08-10,Soybean,Jaipur,3520
2025-08-11,Soybean,Jaipur,3520
2025-08-12,Soybean,Jaipur,3508
2025-08-13,Soybean,Jaipur,3511
2025-08-14,Soybean,Jaipur,3508
2025-08-15,Soybean,Jaipur,3495
2025-08-16,Soybean,Jaipur,3488
2025-08-17,Soybean,Jaipur,3499
2025-08-18,Soybean,Jaipur,3500
2025-08-19,Soybean,Jaipur,3503
2025-08-20,Soybean,Jaipur,3523
2025-08-21,Soybean,Jaipur,3516
2025-08-22,Soybean,Jaipur,3515
2025-08-23,Soybean,Jaipur,3529
2025-08-24,Soybean,Jaipur,3517
2025-08-25,Soybean,Jaipur,3497
2025-08-26,Soybean,Jaipur,3487
2025-08-27,Soybean,Jaipur,3482
2025-08-28,Soybean,Jaipur,3498
2025-08-29,Soybean,Jaipur,3484
2025-08-30,Soybean,Jaipur,3507
2025-08-31,Soybean,Jaipur,3530
2025-09-01,Soybean,Jaipur,3535
2025-09-02,Soybean,Jaipur,3556
2025-09-03,Soybean,Jaipur,3569
2025-09-04,Soybean,Jaipur,3558
2025-09-05,Soybean,Jaipur,3558
2025-09-06,Soybean,Jaipur,3571
2025-09-07,Soybean,Jaipur,3559
2025-09-08,Soybean,Jaipur,3562
2025-09-09,Soybean,Jaipur,3560
2025-09-10,Soybean,Jaipur,3540
2025-09-11,Soybean,Jaipur,3555
2025-09-12,Soybean,Jaipur,3537
2025-09-13,Soybean,Jaipur,3523
2025-09-14,Soybean,Jaipur,3532
2025-09-15,Soybean,Jaipur,3550
2025-09-16,Soybean,Jaipur,3564
2025-09-17,Soybean,Jaipur,3554
2025-09-18,Soybean,Jaipur,3542
2025-09-19,Soybean,Jaipur,3522
2025-09-20,Soybean,Jaipur,3520
2025-09-21,Soybean,Jaipur,3503
2025-09-22,Soybean,Jaipur,3518
2025-09-23,Soybean,Jaipur,3539
2025-09-24,Soybean,Jaipur,3525
2025-09-25,Soybean,Jaipur,3544
2025-09-26,Soybean,Jaipur,3551
2025-09-27,Soybean,Jaipur,3549
2025-09-28,Soybean,Jaipur,3556
2025-09-29,Soybean,Jaipur,3544
2025-09-30,Soybean,Jaipur,3545
2025-10-01,Soybean,Jaipur,3525
2025-10-02,Soybean,Jaipur,3507
2025-10-03,Soybean,Jaipur,3522
2025-10-04,Soybean,Jaipur,3513
2025-10-05,Soybean,Jaipur,3537
2025-10-06,Soybean,Jaipur,3545
2025-10-07,Soybean,Jaipur,3561
2025-10-08,Soybean,Jaipur,3542
2025-10-09,Soybean,Jaipur,3535
2025-10-10,Soybean,Jaipur,3523
2025-10-11,Soybean,Jaipur,3515
2025-10-12,Soybean,Jaipur,3536
2025-10-13,Soybean,Jaipur,3538
2025-10-14,Soybean,Jaipur,3540
2025-10-15,Soybean,Jaipur,3535
2025-10-16,Soybean,Jaipur,3526
2025-10-17,Soybean,Jaipur,3541
2025-10-18,Soybean,Jaipur,3547
2025-10-19,Soybean,Jaipur,3568
2025-10-20,Soybean,Jaipur,3573
2025-10-21,Soybean,Jaipur,3580
2025-10-22,Soybean,Jaipur,3602
2025-10-23,Soybean,Jaipur,3599
2025-10-24,Soybean,Jaipur,3609
2025-10-25,Soybean,Jaipur,3604
2025-10-26,Soybean,Jaipur,3616
2025-10-27,Soybean,Jaipur,3639
2025-10-28,Soybean,Jaipur,3653
2025-10-29,Soybean,Jaipur,3651
2025-10-30,Soybean,Jaipur,3669
2025-10-31,Soybean,Jaipur,3658
2025-11-01,Soybean,Jaipur,3683
2025-11-02,Soybean,Jaipur,3679
2025-11-03,Soybean,Jaipur,3688
2025-11-04,Soybean,Jaipur,3686
2025-11-05,Soybean,Jaipur,3686
2025-11-06,Soybean,Jaipur,3695
2025-11-07,Soybean,Jaipur,3688
2025-11-08,Soybean,Jaipur,3670
2025-11-09,Soybean,Jaipur,3655
2025-11-10,Soybean,Jaipur,3635
2025-11-11,Soybean,Jaipur,3620
2025-11-12,Soybean,Jaipur,3603
2025-11-13,Soybean,Jaipur,3620
2025-11-14,Soybean,Jaipur,3600
2025-11-15,Soybean,Jaipur,3603
2025-11-16,Soybean,Jaipur,3610
2025-11-17,Soybean,Jaipur,3603
2025-11-18,Soybean,Jaipur,3603
2025-11-19,Soybean,Jaipur,3625
2025-11-20,Soybean,Jaipur,3605
2025-11-21,Soybean,Jaipur,3598
2025-11-22,Soybean,Jaipur,3580
2025-11-23,Soybean,Jaipur,3561
2025-11-24,Soybean,Jaipur,3546
2025-11-25,Soybean,Jaipur,3527
2025-11-26,Soybean,Jaipur,3524
2025-11-27,Soybean,Jaipur,3510
2025-11-28,Soybean,Jaipur,3525
2025-11-29,Soybean,Jaipur,3527
2025-11-30,Soybean,Jaipur,3548
2025-12-01,Soybean,Jaipur,3565
2025-12-02,Soybean,Jaipur,3582
2025-12-03,Soybean,Jaipur,3590
2025-12-04,Soybean,Jaipur,3570
2025-12-05,Soybean,Jaipur,3576
2025-12-06,Soybean,Jaipur,3571
2025-12-07,Soybean,Jaipur,3561
2025-12-08,Soybean,Jaipur,3554
2025-12-09,Soybean,Jaipur,3541
2025-12-10,Soybean,Jaipur,3533
2025-12-11,Soybean,Jaipur,3538
2025-12-12,Soybean,Jaipur,3554
2025-12-13,Soybean,Jaipur,3536
2025-12-14,Soybean,Jaipur,3517
2025-12-15,Soybean,Jaipur,3514
2025-12-16,Soybean,Jaipur,3529
2025-12-17,Soybean,Jaipur,3527
2025-12-18,Soybean,Jaipur,3530
2025-12-19,Soybean,Jaipur,3520
2025-12-20,Soybean,Jaipur,3525
2025-12-21,Soybean,Jaipur,3523
2025-12-22,Soybean,Jaipur,3516
2025-12-23,Soybean,Jaipur,3526
2025-12-24,Soybean,Jaipur,3529
2025-12-25,Soybean,Jaipur,3553
2025-12-26,Soybean,Jaipur,3571
2025-12-27,Soybean,Jaipur,3596
2025-12-28,Soybean,Jaipur,3611
2025-12-29,Soybean,Jaipur,3593
2025-12-30,Soybean,Jaipur,3590
2025-12-31,Soybean,Jaipur,3589
2024-01-01,Maize,Pune,1407
2024-01-02,Maize,Pune,1418
2024-01-03,Maize,Pune,1426
2024-01-04,Maize,Pune,1423
2024-01-05,Maize,Pune,1403
2024-01-06,Maize,Pune,1404
2024-01-07,Maize,Pune,1391
2024-01-08,Maize,Pune,1392
2024-01-09,Maize,Pune,1376
2024-01-10,Maize,Pune,1400
2024-01-11,Maize,Pune,1401
2024-01-12,Maize,Pune,1417
2024-01-13,Maize,Pune,1412
2024-01-14,Maize,Pune,1421
2024-01-15,Maize,Pune,1429
2024-01-16,Maize,Pune,1432
2024-01-17,Maize,Pune,1451
2024-01-18,Maize,Pune,1475
2024-01-19,Maize,Pune,1479
2024-01-20,Maize,Pune,1498
2024-01-21,Maize,Pune,1499
2024-01-22,Maize,Pune,1487
2024-01-23,Maize,Pune,1501
2024-01-24,Maize,Pune,1513
2024-01-25,Maize,Pune,1538
2024-01-26,Maize,Pune,1520
2024-01-27,Maize,Pune,1543
2024-01-28,Maize,Pune,1534
2024-01-29,Maize,Pune,1547
2024-01-30,Maize,Pune,1562
2024-01-31,Maize,Pune,1546
2024-02-01,Maize,Pune,1564
2024-02-02,Maize,Pune,1547
2024-02-03,Maize,Pune,1529
2024-02-04,Maize,Pune,1540
2024-02-05,Maize,Pune,1541
2024-02-06,Maize,Pune,1562
2024-02-07,Maize,Pune,1567
2024-02-08,Maize,Pune,1566
2024-02-09,Maize,Pune,1589
2024-02-10,Maize,Pune,1601
2024-02-11,Maize,Pune,1584
2024-02-12,Maize,Pune,1574
2024-02-13,Maize,Pune,1596
2024-02-14,Maize,Pune,1602
2024-02-15,Maize,Pune,1602
2024-02-16,Maize,Pune,1622
2024-02-17,Maize,Pune,1638
2024-02-18,Maize,Pune,1636
2024-02-19,Maize,Pune,1617
2024-02-20,Maize,Pune,1597
2024-02-21,Maize,Pune,1581
2024-02-22,Maize,Pune,1593
2024-02-23,Maize,Pune,1598
2024-02-24,Maize,Pune,1603
2024-02-25,Maize,Pune,1613
2024-02-26,Maize,Pune,1595
2024-02-27,Maize,Pune,1608
2024-02-28,Maize,Pune,1629
2024-02-29,Maize,Pune,1620
2024-03-01,Maize,Pune,1635
2024-03-02,Maize,Pune,1630
2024-03-03,Maize,Pune,1619
2024-03-04,Maize,Pune,1638
2024-03-05,Maize,Pune,1618
2024-03-06,Maize,Pune,1640
2024-03-07,Maize,Pune,1645
2024-03-08,Maize,Pune,1644
2024-03-09,Maize,Pune,1625
2024-03-10,Maize,Pune,1637
2024-03-11,Maize,Pune,1649
2024-03-12,Maize,Pune,1670
2024-03-13,Maize,Pune,1671
2024-03-14,Maize,Pune,1678
2024-03-15,Maize,Pune,1693
2024-03-16,Maize,Pune,1679
2024-03-17,Maize,Pune,1680
2024-03-18,Maize,Pune,1686
2024-03-19,Maize,Pune,1679
2024-03-20,Maize,Pune,1659
2024-03-21,Maize,Pune,1653
2024-03-22,Maize,Pune,1664
2024-03-23,Maize,Pune,1663
2024-03-24,Maize,Pune,1680
2024-03-25,Maize,Pune,1698
2024-03-26,Maize,Pune,1690
2024-03-27,Maize,Pune,1684
2024-03-28,Maize,Pune,1704
2024-03-29,Maize,Pune,1695
2024-03-30,Maize,Pune,1706
2024-03-31,Maize,Pune,1691
2024-04-01,Maize,Pune,1715
2024-04-02,Maize,Pune,1704
2024-04-03,Maize,Pune,1722
2024-04-04,Maize,Pune,1709
2024-04-05,Maize,Pune,1719
2024-04-06,Maize,Pune,1700
2024-04-07,Maize,Pune,1687
2024-04-08,Maize,Pune,1696
2024-04-09,Maize,Pune,1714
2024-04-10,Maize,Pune,1726
2024-04-11,Maize,Pune,1737
2024-04-12,Maize,Pune,1727
2024-04-13,Maize,Pune,1745
2024-04-14,Maize,Pune,1745
2024-04-15,Maize,Pune,1766
2024-04-16,Maize,Pune,1774
2024-04-17,Maize,Pune,1774
2024-04-18,Maize,Pune,1765
2024-04-19,Maize,Pune,1765
2024-04-20,Maize,Pune,1767
2024-04-21,Maize,Pune,1763
2024-04-22,Maize,Pune,1769
2024-04-23,Maize,Pune,1752
2024-04-24,Maize,Pune,1737
2024-04-25,Maize,Pune,1723
2024-04-26,Maize,Pune,1722
2024-04-27,Maize,Pune,1728
2024-04-28,Maize,Pune,1714
2024-04-29,Maize,Pune,1708
2024-04-30,Maize,Pune,1726
2024-05-01,Maize,Pune,1726
2024-05-02,Maize,Pune,1720
2024-05-03,Maize,Pune,1735
2024-05-04,Maize,Pune,1742
2024-05-05,Maize,Pune,1732
2024-05-06,Maize,Pune,1752
2024-05-07,Maize,Pune,1771
2024-05-08,Maize,Pune,1766
2024-05-09,Maize,Pune,1778
2024-05-10,Maize,Pune,1777
2024-05-11,Maize,Pune,1782
2024-05-12,Maize,Pune,1776
2024-05-13,Maize,Pune,1785
2024-05-14,Maize,Pune,1786
2024-05-15,Maize,Pune,1809
2024-05-16,Maize,Pune,1805
2024-05-17,Maize,Pune,1816
2024-05-18,Maize,Pune,1837
2024-05-19,Maize,Pune,1820
2024-05-20,Maize,Pune,1819
2024-05-21,Maize,Pune,1814
2024-05-22,Maize,Pune,1834
2024-05-23,Maize,Pune,1819
2024-05-24,Maize,Pune,1843
2024-05-25,Maize,Pune,1848
2024-05-26,Maize,Pune,1869
2024-05-27,Maize,Pune,1884
2024-05-28,Maize,Pune,1878
2024-05-29,Maize,Pune,1882
2024-05-30,Maize,Pune,1882
2024-05-31,Maize,Pune,1903
2024-06-01,Maize,Pune,1904
2024-06-02,Maize,Pune,1929
2024-06-03,Maize,Pune,1917
2024-06-04,Maize,Pune,1941
2024-06-05,Maize,Pune,1934
2024-06-06,Maize,Pune,1939
2024-06-07,Maize,Pune,1926
2024-06-08,Maize,Pune,1907
2024-06-09,Maize,Pune,1927
2024-06-10,Maize,Pune,1927
2024-06-11,Maize,Pune,1907
2024-06-12,Maize,Pune,1914
2024-06-13,Maize,Pune,1902
2024-06-14,Maize,Pune,1913
2024-06-15,Maize,Pune,1897
2024-06-16,Maize,Pune,1889
2024-06-17,Maize,Pune,1881
2024-06-18,Maize,Pune,1880
2024-06-19,Maize,Pune,1882
2024-06-20,Maize,Pune,1894
2024-06-21,Maize,Pune,1917
2024-06-22,Maize,Pune,1897
2024-06-23,Maize,Pune,1905
2024-06-24,Maize,Pune,1891
2024-06-25,Maize,Pune,1881
2024-06-26,Maize,Pune,1886
2024-06-27,Maize,Pune,1908
2024-06-28,Maize,Pune,1901
2024-06-29,Maize,Pune,1903
2024-06-30,Maize,Pune,1905
2024-07-01,Maize,Pune,1885
2024-07-02,Maize,Pune,1890
2024-07-03,Maize,Pune,1898
2024-07-04,Maize,Pune,1880
2024-07-05,Maize,Pune,1899
2024-07-06,Maize,Pune,1881
2024-07-07,Maize,Pune,1878
2024-07-08,Maize,Pune,1859
2024-07-09,Maize,Pune,1877
2024-07-10,Maize,Pune,1861
2024-07-11,Maize,Pune,1880
2024-07-12,Maize,Pune,1887
2024-07-13,Maize,Pune,1873
2024-07-14,Maize,Pune,1870
2024-07-15,Maize,Pune,1875
2024-07-16,Maize,Pune,1862
2024-07-17,Maize,Pune,1852
2024-07-18,Maize,Pune,1859
2024-07-19,Maize,Pune,1870
2024-07-20,Maize,Pune,1884
2024-07-21,Maize,Pune,1869
2024-07-22,Maize,Pune,1889
2024-07-23,Maize,Pune,1898
2024-07-24,Maize,Pune,1889
2024-07-25,Maize,Pune,1877
2024-07-26,Maize,Pune,1885
2024-07-27,Maize,Pune,1900
2024-07-28,Maize,Pune,1905
2024-07-29,Maize,Pune,1902
2024-07-30,Maize,Pune,1902
2024-07-31,Maize,Pune,1882
2024-08-01,Maize,Pune,1869
2024-08-02,Maize,Pune,1874
2024-08-03,Maize,Pune,1865
2024-08-04,Maize,Pune,1873
2024-08-05,Maize,Pune,1854
2024-08-06,Maize,Pune,1863
2024-08-07,Maize,Pune,1856
2024-08-08,Maize,Pune,1849
2024-08-09,Maize,Pune,1863
2024-08-10,Maize,Pune,1878
2024-08-11,Maize,Pune,1861
2024-08-12,Maize,Pune,1875
2024-08-13,Maize,Pune,1900
2024-08-14,Maize,Pune,1914
2024-08-15,Maize,Pune,1936
2024-08-16,Maize,Pune,1942
2024-08-17,Maize,Pune,1943
2024-08-18,Maize,Pune,1960
2024-08-19,Maize,Pune,1948
2024-08-20,Maize,Pune,1952
2024-08-21,Maize,Pune,1954
2024-08-22,Maize,Pune,1969
2024-08-23,Maize,Pune,1963
2024-08-24,Maize,Pune,1988
2024-08-25,Maize,Pune,2003
2024-08-26,Maize,Pune,1988
2024-08-27,Maize,Pune,1978
2024-08-28,Maize,Pune,1967
2024-08-29,Maize,Pune,1972
2024-08-30,Maize,Pune,1982
2024-08-31,Maize,Pune,2005
2024-09-01,Maize,Pune,2003
2024-09-02,Maize,Pune,2003
2024-09-03,Maize,Pune,1999
2024-09-04,Maize,Pune,1994
2024-09-05,Maize,Pune,1993
2024-09-06,Maize,Pune,1994
2024-09-07,Maize,Pune,1979
2024-09-08,Maize,Pune,1974
2024-09-09,Maize,Pune,1988
2024-09-10,Maize,Pune,1990
2024-09-11,Maize,Pune,1970
2024-09-12,Maize,Pune,1995
2024-09-13,Maize,Pune,1993
2024-09-14,Maize,Pune,2003
2024-09-15,Maize,Pune,1987
2024-09-16,Maize,Pune,2011
2024-09-17,Maize,Pune,2001
2024-09-18,Maize,Pune,2013
2024-09-19,Maize,Pune,2018
2024-09-20,Maize,Pune,2009
2024-09-21,Maize,Pune,2030
2024-09-22,Maize,Pune,2052
2024-09-23,Maize,Pune,2077
2024-09-24,Maize,Pune,2066
2024-09-25,Maize,Pune,2070
2024-09-26,Maize,Pune,2056
2024-09-27,Maize,Pune,2064
2024-09-28,Maize,Pune,2044
2024-09-29,Maize,Pune,2032
2024-09-30,Maize,Pune,2024
2024-10-01,Maize,Pune,2024
2024-10-02,Maize,Pune,2030
2024-10-03,Maize,Pune,2041
2024-10-04,Maize,Pune,2056
2024-10-05,Maize,Pune,2068
2024-10-06,Maize,Pune,2082
2024-10-07,Maize,Pune,2067
2024-10-08,Maize,Pune,2049
2024-10-09,Maize,Pune,2061
2024-10-10,Maize,Pune,2059
2024-10-11,Maize,Pune,2083
2024-10-12,Maize,Pune,2082
2024-10-13,Maize,Pune,2106
2024-10-14,Maize,Pune,2086
2024-10-15,Maize,Pune,2102
2024-10-16,Maize,Pune,2114
2024-10-17,Maize,Pune,2111
2024-10-18,Maize,Pune,2098
2024-10-19,Maize,Pune,2121
2024-10-20,Maize,Pune,2133
2024-10-21,Maize,Pune,2132
2024-10-22,Maize,Pune,2142
2024-10-23,Maize,Pune,2135
2024-10-24,Maize,Pune,2124
2024-10-25,Maize,Pune,2114
2024-10-26,Maize,Pune,2116
2024-10-27,Maize,Pune,2102
2024-10-28,Maize,Pune,2098
2024-10-29,Maize,Pune,2089
2024-10-30,Maize,Pune,2081
2024-10-31,Maize,Pune,2066
2024-11-01,Maize,Pune,2061
2024-11-02,Maize,Pune,2060
2024-11-03,Maize,Pune,2041
2024-11-04,Maize,Pune,2045
2024-11-05,Maize,Pune,2053
2024-11-06,Maize,Pune,2039
2024-11-07,Maize,Pune,2027
2024-11-08,Maize,Pune,2047
2024-11-09,Maize,Pune,2028
2024-11-10,Maize,Pune,2013
2024-11-11,Maize,Pune,2007
2024-11-12,Maize,Pune,2017
2024-11-13,Maize,Pune,2015
2024-11-14,Maize,Pune,2038
2024-11-15,Maize,Pune,2035
2024-11-16,Maize,Pune,2038
2024-11-17,Maize,Pune,2047
2024-11-18,Maize,Pune,2042
2024-11-19,Maize,Pune,2041
2024-11-20,Maize,Pune,2037
2024-11-21,Maize,Pune,2061
2024-11-22,Maize,Pune,2060
2024-11-23,Maize,Pune,2042
2024-11-24,Maize,Pune,2028
2024-11-25,Maize,Pune,2041
2024-11-26,Maize,Pune,2022
2024-11-27,Maize,Pune,2015
2024-11-28,Maize,Pune,2000
2024-11-29,Maize,Pune,2004
2024-11-30,Maize,Pune,2003
2024-12-01,Maize,Pune,1991
2024-12-02,Maize,Pune,1996
2024-12-03,Maize,Pune,1990
2024-12-04,Maize,Pune,1992
2024-12-05,Maize,Pune,2004
2024-12-06,Maize,Pune,2006
2024-12-07,Maize,Pune,2015
2024-12-08,Maize,Pune,2014
2024-12-09,Maize,Pune,2016
2024-12-10,Maize,Pune,2037
2024-12-11,Maize,Pune,2044
2024-12-12,Maize,Pune,2064
2024-12-13,Maize,Pune,2063
2024-12-14,Maize,Pune,2072
2024-12-15,Maize,Pune,2071
2024-12-16,Maize,Pune,2091
2024-12-17,Maize,Pune,2100
2024-12-18,Maize,Pune,2100
2024-12-19,Maize,Pune,2096
2024-12-20,Maize,Pune,2120
2024-12-21,Maize,Pune,2126
2024-12-22,Maize,Pune,2124
2024-12-23,Maize,Pune,2110
2024-12-24,Maize,Pune,2104
2024-12-25,Maize,Pune,2098
2024-12-26,Maize,Pune,2078
2024-12-27,Maize,Pune,2092
2024-12-28,Maize,Pune,2111
2024-12-29,Maize,Pune,2108
2024-12-30,Maize,Pune,2109
2024-12-31,Maize,Pune,2100
2025-01-01,Maize,Pune,2114
2025-01-02,Maize,Pune,2097
2025-01-03,Maize,Pune,2122
2025-01-04,Maize,Pune,2110
2025-01-05,Maize,Pune,2113
2025-01-06,Maize,Pune,2097
2025-01-07,Maize,Pune,2113
2025-01-08,Maize,Pune,2138
2025-01-09,Maize,Pune,2139
2025-01-10,Maize,Pune,2154
2025-01-11,Maize,Pune,2148
2025-01-12,Maize,Pune,2167
2025-01-13,Maize,Pune,2150
2025-01-14,Maize,Pune,2162
2025-01-15,Maize,Pune,2157
2025-01-16,Maize,Pune,2161
2025-01-17,Maize,Pune,2142
2025-01-18,Maize,Pune,2131
2025-01-19,Maize,Pune,2122
2025-01-20,Maize,Pune,2114
2025-01-21,Maize,Pune,2111
2025-01-22,Maize,Pune,2091
2025-01-23,Maize,Pune,2109
2025-01-24,Maize,Pune,2098
2025-01-25,Maize,Pune,2111
2025-01-26,Maize,Pune,2095
2025-01-27,Maize,Pune,2117
2025-01-28,Maize,Pune,2114
2025-01-29,Maize,Pune,2125
2025-01-30,Maize,Pune,2132
2025-01-31,Maize,Pune,2116
2025-02-01,Maize,Pune,2137
2025-02-02,Maize,Pune,2152
2025-02-03,Maize,Pune,2154
2025-02-04,Maize,Pune,2152
2025-02-05,Maize,Pune,2169
2025-02-06,Maize,Pune,2154
2025-02-07,Maize,Pune,2159
2025-02-08,Maize,Pune,2163
2025-02-09,Maize,Pune,2168
2025-02-10,Maize,Pune,2183
2025-02-11,Maize,Pune,2188
2025-02-12,Maize,Pune,2198
2025-02-13,Maize,Pune,2209
2025-02-14,Maize,Pune,2223
2025-02-15,Maize,Pune,2239
2025-02-16,Maize,Pune,2253
2025-02-17,Maize,Pune,2246
2025-02-18,Maize,Pune,2260
2025-02-19,Maize,Pune,2271
2025-02-20,Maize,Pune,2282
2025-02-21,Maize,Pune,2262
2025-02-22,Maize,Pune,2285
2025-02-23,Maize,Pune,2295
2025-02-24,Maize,Pune,2290
2025-02-25,Maize,Pune,2312
2025-02-26,Maize,Pune,2298
2025-02-27,Maize,Pune,2281
2025-02-28,Maize,Pune,2263
2025-03-01,Maize,Pune,2248
2025-03-02,Maize,Pune,2270
2025-03-03,Maize,Pune,2286
2025-03-04,Maize,Pune,2299
2025-03-05,Maize,Pune,2295
2025-03-06,Maize,Pune,2277
2025-03-07,Maize,Pune,2279
2025-03-08,Maize,Pune,2287
2025-03-09,Maize,Pune,2273
2025-03-10,Maize,Pune,2262
2025-03-11,Maize,Pune,2243
2025-03-12,Maize,Pune,2268
2025-03-13,Maize,Pune,2256
2025-03-14,Maize,Pune,2277
2025-03-15,Maize,Pune,2263
2025-03-16,Maize,Pune,2246
2025-03-17,Maize,Pune,2265
2025-03-18,Maize,Pune,2290
2025-03-19,Maize,Pune,2295
2025-03-20,Maize,Pune,2305
2025-03-21,Maize,Pune,2301
2025-03-22,Maize,Pune,2295
2025-03-23,Maize,Pune,2282
2025-03-24,Maize,Pune,2264
2025-03-25,Maize,Pune,2281
2025-03-26,Maize,Pune,2303
2025-03-27,Maize,Pune,2300
2025-03-28,Maize,Pune,2304
2025-03-29,Maize,Pune,2292
2025-03-30,Maize,Pune,2306
2025-03-31,Maize,Pune,2299
2025-04-01,Maize,Pune,2286
2025-04-02,Maize,Pune,2289
2025-04-03,Maize,Pune,2305
2025-04-04,Maize,Pune,2303
2025-04-05,Maize,Pune,2323
2025-04-06,Maize,Pune,2314
2025-04-07,Maize,Pune,2336
2025-04-08,Maize,Pune,2323
2025-04-09,Maize,Pune,2314
2025-04-10,Maize,Pune,2305
2025-04-11,Maize,Pune,2318
2025-04-12,Maize,Pune,2329
2025-04-13,Maize,Pune,2343
2025-04-14,Maize,Pune,2360
2025-04-15,Maize,Pune,2340
2025-04-16,Maize,Pune,2330
2025-04-17,Maize,Pune,2352
2025-04-18,Maize,Pune,2349
2025-04-19,Maize,Pune,2349
2025-04-20,Maize,Pune,2361
2025-04-21,Maize,Pune,2346
2025-04-22,Maize,Pune,2352
2025-04-23,Maize,Pune,2359
2025-04-24,Maize,Pune,2347
2025-04-25,Maize,Pune,2350
2025-04-26,Maize,Pune,2334
2025-04-27,Maize,Pune,2316
2025-04-28,Maize,Pune,2325
2025-04-29,Maize,Pune,2322
2025-04-30,Maize,Pune,2335
2025-05-01,Maize,Pune,2354
2025-05-02,Maize,Pune,2337
2025-05-03,Maize,Pune,2358
2025-05-04,Maize,Pune,2381
2025-05-05,Maize,Pune,2389
2025-05-06,Maize,Pune,2397
2025-05-07,Maize,Pune,2391
2025-05-08,Maize,Pune,2397
2025-05-09,Maize,Pune,2400
2025-05-10,Maize,Pune,2392
2025-05-11,Maize,Pune,2385
2025-05-12,Maize,Pune,2372
2025-05-13,Maize,Pune,2368
2025-05-14,Maize,Pune,2387
2025-05-15,Maize,Pune,2398
2025-05-16,Maize,Pune,2382
2025-05-17,Maize,Pune,2376
2025-05-18,Maize,Pune,2382
2025-05-19,Maize,Pune,2391
2025-05-20,Maize,Pune,2407
2025-05-21,Maize,Pune,2412
2025-05-22,Maize,Pune,2394
2025-05-23,Maize,Pune,2386
2025-05-24,Maize,Pune,2400
2025-05-25,Maize,Pune,2388
2025-05-26,Maize,Pune,2381
2025-05-27,Maize,Pune,2406
2025-05-28,Maize,Pune,2400
2025-05-29,Maize,Pune,2392
2025-05-30,Maize,Pune,2399
2025-05-31,Maize,Pune,2424
2025-06-01,Maize,Pune,2409
2025-06-02,Maize,Pune,2429
2025-06-03,Maize,Pune,2411
2025-06-04,Maize,Pune,2398
2025-06-05,Maize,Pune,2420
2025-06-06,Maize,Pune,2433
2025-06-07,Maize,Pune,2432
2025-06-08,Maize,Pune,2416
2025-06-09,Maize,Pune,2437
2025-06-10,Maize,Pune,2432
2025-06-11,Maize,Pune,2422
2025-06-12,Maize,Pune,2416
2025-06-13,Maize,Pune,2404
2025-06-14,Maize,Pune,2426
2025-06-15,Maize,Pune,2427
2025-06-16,Maize,Pune,2448
2025-06-17,Maize,Pune,2445
2025-06-18,Maize,Pune,2467
2025-06-19,Maize,Pune,2449
2025-06-20,Maize,Pune,2447
2025-06-21,Maize,Pune,2429
2025-06-22,Maize,Pune,2419
2025-06-23,Maize,Pune,2435
2025-06-24,Maize,Pune,2427
2025-06-25,Maize,Pune,2447
2025-06-26,Maize,Pune,2447
2025-06-27,Maize,Pune,2451
2025-06-28,Maize,Pune,2463
2025-06-29,Maize,Pune,2483
2025-06-30,Maize,Pune,2474
2025-07-01,Maize,Pune,2482
2025-07-02,Maize,Pune,2495
2025-07-03,Maize,Pune,2499
2025-07-04,Maize,Pune,2512
2025-07-05,Maize,Pune,2535
2025-07-06,Maize,Pune,2533
2025-07-07,Maize,Pune,2518
2025-07-08,Maize,Pune,2537
2025-07-09,Maize,Pune,2545
2025-07-10,Maize,Pune,2561
2025-07-11,Maize,Pune,2565
2025-07-12,Maize,Pune,2571
2025-07-13,Maize,Pune,2569
2025-07-14,Maize,Pune,2587
2025-07-15,Maize,Pune,2593
2025-07-16,Maize,Pune,2573
2025-07-17,Maize,Pune,2554
2025-07-18,Maize,Pune,2540
2025-07-19,Maize,Pune,2555
2025-07-20,Maize,Pune,2548
2025-07-21,Maize,Pune,2548
2025-07-22,Maize,Pune,2532
2025-07-23,Maize,Pune,2550
2025-07-24,Maize,Pune,2534
2025-07-25,Maize,Pune,2559
2025-07-26,Maize,Pune,2553
2025-07-27,Maize,Pune,2574
2025-07-28,Maize,Pune,2583
2025-07-29,Maize,Pune,2572
2025-07-30,Maize,Pune,2582
2025-07-31,Maize,Pune,2591
2025-08-01,Maize,Pune,2593
2025-08-02,Maize,Pune,2583
2025-08-03,Maize,Pune,2594
2025-08-04,Maize,Pune,2589
2025-08-05,Maize,Pune,2599
2025-08-06,Maize,Pune,2615
2025-08-07,Maize,Pune,2639
2025-08-08,Maize,Pune,2652
2025-08-09,Maize,Pune,2671
2025-08-10,Maize,Pune,2680
2025-08-11,Maize,Pune,2688
2025-08-12,Maize,Pune,2687
2025-08-13,Maize,Pune,2686
2025-08-14,Maize,Pune,2706
2025-08-15,Maize,Pune,2727
2025-08-16,Maize,Pune,2720
2025-08-17,Maize,Pune,2700
2025-08-18,Maize,Pune,2687
2025-08-19,Maize,Pune,2672
2025-08-20,Maize,Pune,2667
2025-08-21,Maize,Pune,2687
2025-08-22,Maize,Pune,2704
2025-08-23,Maize,Pune,2715
2025-08-24,Maize,Pune,2713
2025-08-25,Maize,Pune,2709
2025-08-26,Maize,Pune,2715
2025-08-27,Maize,Pune,2725
2025-08-28,Maize,Pune,2735
2025-08-29,Maize,Pune,2737
2025-08-30,Maize,Pune,2740
2025-08-31,Maize,Pune,2720
2025-09-01,Maize,Pune,2732
2025-09-02,Maize,Pune,2755
2025-09-03,Maize,Pune,2765
2025-09-04,Maize,Pune,2789
2025-09-05,Maize,Pune,2791
2025-09-06,Maize,Pune,2783
2025-09-07,Maize,Pune,2774
2025-09-08,Maize,Pune,2769
2025-09-09,Maize,Pune,2787
2025-09-10,Maize,Pune,2776
2025-09-11,Maize,Pune,2793
2025-09-12,Maize,Pune,2792
2025-09-13,Maize,Pune,2775
2025-09-14,Maize,Pune,2757
2025-09-15,Maize,Pune,2761
2025-09-16,Maize,Pune,2781
2025-09-17,Maize,Pune,2784
2025-09-18,Maize,Pune,2794
2025-09-19,Maize,Pune,2803
2025-09-20,Maize,Pune,2793
2025-09-21,Maize,Pune,2787
2025-09-22,Maize,Pune,2776
2025-09-23,Maize,Pune,2764
2025-09-24,Maize,Pune,2789
2025-09-25,Maize,Pune,2784
2025-09-26,Maize,Pune,2795
2025-09-27,Maize,Pune,2806
2025-09-28,Maize,Pune,2786
2025-09-29,Maize,Pune,2778
2025-09-30,Maize,Pune,2760
2025-10-01,Maize,Pune,2761
2025-10-02,Maize,Pune,2745
2025-10-03,Maize,Pune,2730
2025-10-04,Maize,Pune,2732
2025-10-05,Maize,Pune,2738
2025-10-06,Maize,Pune,2720
2025-10-07,Maize,Pune,2708
2025-10-08,Maize,Pune,2703
2025-10-09,Maize,Pune,2686
2025-10-10,Maize,Pune,2693
2025-10-11,Maize,Pune,2676
2025-10-12,Maize,Pune,2657
2025-10-13,Maize,Pune,2675
2025-10-14,Maize,Pune,2671
2025-10-15,Maize,Pune,2661
2025-10-16,Maize,Pune,2656
2025-10-17,Maize,Pune,2644
2025-10-18,Maize,Pune,2668
2025-10-19,Maize,Pune,2666
2025-10-20,Maize,Pune,2681
2025-10-21,Maize,Pune,2665
2025-10-22,Maize,Pune,2655
2025-10-23,Maize,Pune,2675
2025-10-24,Maize,Pune,2659
2025-10-25,Maize,Pune,2643
2025-10-26,Maize,Pune,2627
2025-10-27,Maize,Pune,2631
2025-10-28,Maize,Pune,2648
2025-10-29,Maize,Pune,2630
2025-10-30,Maize,Pune,2647
2025-10-31,Maize,Pune,2665
2025-11-01,Maize,Pune,2670
2025-11-02,Maize,Pune,2690
2025-11-03,Maize,Pune,2677
2025-11-04,Maize,Pune,2694
2025-11-05,Maize,Pune,2684
2025-11-06,Maize,Pune,2685
2025-11-07,Maize,Pune,2691
2025-11-08,Maize,Pune,2687
2025-11-09,Maize,Pune,2690
2025-11-10,Maize,Pune,2679
2025-11-11,Maize,Pune,2691
2025-11-12,Maize,Pune,2677
2025-11-13,Maize,Pune,2658
2025-11-14,Maize,Pune,2655
2025-11-15,Maize,Pune,2679
2025-11-16,Maize,Pune,2689
2025-11-17,Maize,Pune,2705
2025-11-18,Maize,Pune,2694
2025-11-19,Maize,Pune,2680
2025-11-20,Maize,Pune,2670
2025-11-21,Maize,Pune,2688
2025-11-22,Maize,Pune,2699
2025-11-23,Maize,Pune,2711
2025-11-24,Maize,Pune,2699
2025-11-25,Maize,Pune,2716
2025-11-26,Maize,Pune,2718
2025-11-27,Maize,Pune,2740
2025-11-28,Maize,Pune,2725
2025-11-29,Maize,Pune,2712
2025-11-30,Maize,Pune,2718
2025-12-01,Maize,Pune,2734
2025-12-02,Maize,Pune,2747
2025-12-03,Maize,Pune,2749
2025-12-04,Maize,Pune,2753
2025-12-05,Maize,Pune,2752
2025-12-06,Maize,Pune,2762
2025-12-07,Maize,Pune,2754
2025-12-08,Maize,Pune,2741
2025-12-09,Maize,Pune,2765
2025-12-10,Maize,Pune,2788
2025-12-11,Maize,Pune,2785
2025-12-12,Maize,Pune,2804
2025-12-13,Maize,Pune,2784
2025-12-14,Maize,Pune,2780
2025-12-15,Maize,Pune,2765
2025-12-16,Maize,Pune,2772
2025-12-17,Maize,Pune,2756
2025-12-18,Maize,Pune,2746
2025-12-19,Maize,Pune,2751
2025-12-20,Maize,Pune,2762
2025-12-21,Maize,Pune,2756
2025-12-22,Maize,Pune,2758
2025-12-23,Maize,Pune,2751
2025-12-24,Maize,Pune,2759
2025-12-25,Maize,Pune,2768
2025-12-26,Maize,Pune,2768
2025-12-27,Maize,Pune,2751
2025-12-28,Maize,Pune,2767
2025-12-29,Maize,Pune,2781
2025-12-30,Maize,Pune,2796
2025-12-31,Maize,Pune,2815
2024-01-01,Maize,Mumbai,1409
2024-01-02,Maize,Mumbai,1416
2024-01-03,Maize,Mumbai,1408
2024-01-04,Maize,Mumbai,1406
2024-01-05,Maize,Mumbai,1389
2024-01-06,Maize,Mumbai,1407
2024-01-07,Maize,Mumbai,1407
2024-01-08,Maize,Mumbai,1426
2024-01-09,Maize,Mumbai,1451
2024-01-10,Maize,Mumbai,1453
2024-01-11,Maize,Mumbai,1466
2024-01-12,Maize,Mumbai,1458
2024-01-13,Maize,Mumbai,1446
2024-01-14,Maize,Mumbai,1463
2024-01-15,Maize,Mumbai,1467
2024-01-16,Maize,Mumbai,1486
2024-01-17,Maize,Mumbai,1488
2024-01-18,Maize,Mumbai,1500
2024-01-19,Maize,Mumbai,1505
2024-01-20,Maize,Mumbai,1501
2024-01-21,Maize,Mumbai,1482
2024-01-22,Maize,Mumbai,1482
2024-01-23,Maize,Mumbai,1488
2024-01-24,Maize,Mumbai,1473
2024-01-25,Maize,Mumbai,1471
2024-01-26,Maize,Mumbai,1452
2024-01-27,Maize,Mumbai,1459
2024-01-28,Maize,Mumbai,1476
2024-01-29,Maize,Mumbai,1487
2024-01-30,Maize,Mumbai,1511
2024-01-31,Maize,Mumbai,1491
2024-02-01,Maize,Mumbai,1481
2024-02-02,Maize,Mumbai,1490
2024-02-03,Maize,Mumbai,1501
2024-02-04,Maize,Mumbai,1510
2024-02-05,Maize,Mumbai,1528
2024-02-06,Maize,Mumbai,1535
2024-02-07,Maize,Mumbai,1542
2024-02-08,Maize,Mumbai,1530
2024-02-09,Maize,Mumbai,1544
2024-02-10,Maize,Mumbai,1536
2024-02-11,Maize,Mumbai,1527
2024-02-12,Maize,Mumbai,1523
2024-02-13,Maize,Mumbai,1521
2024-02-14,Maize,Mumbai,1545
2024-02-15,Maize,Mumbai,1543
2024-02-16,Maize,Mumbai,1567
2024-02-17,Maize,Mumbai,1563
2024-02-18,Maize,Mumbai,1565
2024-02-19,Maize,Mumbai,1574
2024-02-20,Maize,Mumbai,1584
2024-02-21,Maize,Mumbai,1592
2024-02-22,Maize,Mumbai,1596
2024-02-23,Maize,Mumbai,1577
2024-02-24,Maize,Mumbai,1569
2024-02-25,Maize,Mumbai,1560
2024-02-26,Maize,Mumbai,1573
2024-02-27,Maize,Mumbai,1565
2024-02-28,Maize,Mumbai,1585
2024-02-29,Maize,Mumbai,1575
2024-03-01,Maize,Mumbai,1571
2024-03-02,Maize,Mumbai,1563
2024-03-03,Maize,Mumbai,1583
2024-03-04,Maize,Mumbai,1588
2024-03-05,Maize,Mumbai,1596
2024-03-06,Maize,Mumbai,1582
2024-03-07,Maize,Mumbai,1568
2024-03-08,Maize,Mumbai,1553
2024-03-09,Maize,Mumbai,1546
2024-03-10,Maize,Mumbai,1533
2024-03-11,Maize,Mumbai,1541
2024-03-12,Maize,Mumbai,1559
2024-03-13,Maize,Mumbai,1542
2024-03-14,Maize,Mumbai,1536
2024-03-15,Maize,Mumbai,1541
2024-03-16,Maize,Mumbai,1549
2024-03-17,Maize,Mumbai,1535
2024-03-18,Maize,Mumbai,1548
2024-03-19,Maize,Mumbai,1560
2024-03-20,Maize,Mumbai,1574
2024-03-21,Maize,Mumbai,1561
2024-03-22,Maize,Mumbai,1543
2024-03-23,Maize,Mumbai,1540
2024-03-24,Maize,Mumbai,1555
2024-03-25,Maize,Mumbai,1540
2024-03-26,Maize,Mumbai,1559
2024-03-27,Maize,Mumbai,1541
2024-03-28,Maize,Mumbai,1528
2024-03-29,Maize,Mumbai,1535
2024-03-30,Maize,Mumbai,1515
2024-03-31,Maize,Mumbai,1510
2024-04-01,Maize,Mumbai,1502
2024-04-02,Maize,Mumbai,1501
2024-04-03,Maize,Mumbai,1506
2024-04-04,Maize,Mumbai,1508
2024-04-05,Maize,Mumbai,1515
2024-04-06,Maize,Mumbai,1512
2024-04-07,Maize,Mumbai,1511
2024-04-08,Maize,Mumbai,1528
2024-04-09,Maize,Mumbai,1542
2024-04-10,Maize,Mumbai,1549
2024-04-11,Maize,Mumbai,1566
2024-04-12,Maize,Mumbai,1550
2024-04-13,Maize,Mumbai,1569
2024-04-14,Maize,Mumbai,1589
2024-04-15,Maize,Mumbai,1607
2024-04-16,Maize,Mumbai,1630
2024-04-17,Maize,Mumbai,1614
2024-04-18,Maize,Mumbai,1638
2024-04-19,Maize,Mumbai,1655
2024-04-20,Maize,Mumbai,1651
2024-04-21,Maize,Mumbai,1645
2024-04-22,Maize,Mumbai,1634
2024-04-23,Maize,Mumbai,1615
2024-04-24,Maize,Mumbai,1603
2024-04-25,Maize,Mumbai,1592
2024-04-26,Maize,Mumbai,1578
2024-04-27,Maize,Mumbai,1593
2024-04-28,Maize,Mumbai,1599
2024-04-29,Maize,Mumbai,1586
2024-04-30,Maize,Mumbai,1575
2024-05-01,Maize,Mumbai,1583
2024-05-02,Maize,Mumbai,1607
2024-05-03,Maize,Mumbai,1607
2024-05-04,Maize,Mumbai,1622
2024-05-05,Maize,Mumbai,1647
2024-05-06,Maize,Mumbai,1641
2024-05-07,Maize,Mumbai,1643
2024-05-08,Maize,Mumbai,1641
2024-05-09,Maize,Mumbai,1640
2024-05-10,Maize,Mumbai,1622
2024-05-11,Maize,Mumbai,1609
2024-05-12,Maize,Mumbai,1602
2024-05-13,Maize,Mumbai,1620
2024-05-14,Maize,Mumbai,1637
2024-05-15,Maize,Mumbai,1617
2024-05-16,Maize,Mumbai,1611
2024-05-17,Maize,Mumbai,1591
2024-05-18,Maize,Mumbai,1577
2024-05-19,Maize,Mumbai,1578
2024-05-20,Maize,Mumbai,1584
2024-05-21,Maize,Mumbai,1609
2024-05-22,Maize,Mumbai,1593
2024-05-23,Maize,Mumbai,1577
2024-05-24,Maize,Mumbai,1585
2024-05-25,Maize,Mumbai,1589
2024-05-26,Maize,Mumbai,1583
2024-05-27,Maize,Mumbai,1578
2024-05-28,Maize,Mumbai,1598
2024-05-29,Maize,Mumbai,1595
2024-05-30,Maize,Mumbai,1601
2024-05-31,Maize,Mumbai,1621
2024-06-01,Maize,Mumbai,1632
2024-06-02,Maize,Mumbai,1620
2024-06-03,Maize,Mumbai,1629
2024-06-04,Maize,Mumbai,1622
2024-06-05,Maize,Mumbai,1617
2024-06-06,Maize,Mumbai,1621
2024-06-07,Maize,Mumbai,1603
2024-06-08,Maize,Mumbai,1592
2024-06-09,Maize,Mumbai,1583
2024-06-10,Maize,Mumbai,1571
2024-06-11,Maize,Mumbai,1593
2024-06-12,Maize,Mumbai,1611
2024-06-13,Maize,Mumbai,1600
2024-06-14,Maize,Mumbai,1584
2024-06-15,Maize,Mumbai,1590
2024-06-16,Maize,Mumbai,1576
2024-06-17,Maize,Mumbai,1581
2024-06-18,Maize,Mumbai,1584
2024-06-19,Maize,Mumbai,1575
2024-06-20,Maize,Mumbai,1593
2024-06-21,Maize,Mumbai,1603
2024-06-22,Maize,Mumbai,1628
2024-06-23,Maize,Mumbai,1642
2024-06-24,Maize,Mumbai,1650
2024-06-25,Maize,Mumbai,1652
2024-06-26,Maize,Mumbai,1672
2024-06-27,Maize,Mumbai,1682
2024-06-28,Maize,Mumbai,1689
2024-06-29,Maize,Mumbai,1675
2024-06-30,Maize,Mumbai,1665
2024-07-01,Maize,Mumbai,1686
2024-07-02,Maize,Mumbai,1671
2024-07-03,Maize,Mumbai,1685
2024-07-04,Maize,Mumbai,1684
2024-07-05,Maize,Mumbai,1699
2024-07-06,Maize,Mumbai,1718
2024-07-07,Maize,Mumbai,1735
2024-07-08,Maize,Mumbai,1725
2024-07-09,Maize,Mumbai,1739
2024-07-10,Maize,Mumbai,1728
2024-07-11,Maize,Mumbai,1727
2024-07-12,Maize,Mumbai,1721
2024-07-13,Maize,Mumbai,1740
2024-07-14,Maize,Mumbai,1723
2024-07-15,Maize,Mumbai,1748
2024-07-16,Maize,Mumbai,1746
2024-07-17,Maize,Mumbai,1745
2024-07-18,Maize,Mumbai,1756
2024-07-19,Maize,Mumbai,1770
2024-07-20,Maize,Mumbai,1776
2024-07-21,Maize,Mumbai,1777
2024-07-22,Maize,Mumbai,1785
2024-07-23,Maize,Mumbai,1782
2024-07-24,Maize,Mumbai,1764
2024-07-25,Maize,Mumbai,1756
2024-07-26,Maize,Mumbai,1751
2024-07-27,Maize,Mumbai,1747
2024-07-28,Maize,Mumbai,1764
2024-07-29,Maize,Mumbai,1754
2024-07-30,Maize,Mumbai,1734
2024-07-31,Maize,Mumbai,1752
2024-08-01,Maize,Mumbai,1777
2024-08-02,Maize,Mumbai,1797
2024-08-03,Maize,Mumbai,1813
2024-08-04,Maize,Mumbai,1817
2024-08-05,Maize,Mumbai,1802
2024-08-06,Maize,Mumbai,1820
2024-08-07,Maize,Mumbai,1838
2024-08-08,Maize,Mumbai,1822
2024-08-09,Maize,Mumbai,1812
2024-08-10,Maize,Mumbai,1818
2024-08-11,Maize,Mumbai,1798
2024-08-12,Maize,Mumbai,1821
2024-08-13,Maize,Mumbai,1831
2024-08-14,Maize,Mumbai,1848
2024-08-15,Maize,Mumbai,1842
2024-08-16,Maize,Mumbai,1836
2024-08-17,Maize,Mumbai,1853
2024-08-18,Maize,Mumbai,1850
2024-08-19,Maize,Mumbai,1848
2024-08-20,Maize,Mumbai,1850
2024-08-21,Maize,Mumbai,1873
2024-08-22,Maize,Mumbai,1871
2024-08-23,Maize,Mumbai,1873
2024-08-24,Maize,Mumbai,1892
2024-08-25,Maize,Mumbai,1872
2024-08-26,Maize,Mumbai,1894
2024-08-27,Maize,Mumbai,1913
2024-08-28,Maize,Mumbai,1936
2024-08-29,Maize,Mumbai,1925
2024-08-30,Maize,Mumbai,1907
2024-08-31,Maize,Mumbai,1915
2024-09-01,Maize,Mumbai,1912
2024-09-02,Maize,Mumbai,1909
2024-09-03,Maize,Mumbai,1890
2024-09-04,Maize,Mumbai,1873
2024-09-05,Maize,Mumbai,1862
2024-09-06,Maize,Mumbai,1866
2024-09-07,Maize,Mumbai,1873
2024-09-08,Maize,Mumbai,1886
2024-09-09,Maize,Mumbai,1882
2024-09-10,Maize,Mumbai,1873
2024-09-11,Maize,Mumbai,1886
2024-09-12,Maize,Mumbai,1874
2024-09-13,Maize,Mumbai,1880
2024-09-14,Maize,Mumbai,1890
2024-09-15,Maize,Mumbai,1873
2024-09-16,Maize,Mumbai,1878
2024-09-17,Maize,Mumbai,1861
2024-09-18,Maize,Mumbai,1849
2024-09-19,Maize,Mumbai,1845
2024-09-20,Maize,Mumbai,1863
2024-09-21,Maize,Mumbai,1855
2024-09-22,Maize,Mumbai,1836
2024-09-23,Maize,Mumbai,1831
2024-09-24,Maize,Mumbai,1840
2024-09-25,Maize,Mumbai,1830
2024-09-26,Maize,Mumbai,1817
2024-09-27,Maize,Mumbai,1798
2024-09-28,Maize,Mumbai,1807
2024-09-29,Maize,Mumbai,1816
2024-09-30,Maize,Mumbai,1841
2024-10-01,Maize,Mumbai,1866
2024-10-02,Maize,Mumbai,1850
2024-10-03,Maize,Mumbai,1851
2024-10-04,Maize,Mumbai,1839
2024-10-05,Maize,Mumbai,1858
2024-10-06,Maize,Mumbai,1877
2024-10-07,Maize,Mumbai,1878
2024-10-08,Maize,Mumbai,1898
2024-10-09,Maize,Mumbai,1906
2024-10-10,Maize,Mumbai,1928
2024-10-11,Maize,Mumbai,1937
2024-10-12,Maize,Mumbai,1930
2024-10-13,Maize,Mumbai,1921
2024-10-14,Maize,Mumbai,1924
2024-10-15,Maize,Mumbai,1907
2024-10-16,Maize,Mumbai,1905
2024-10-17,Maize,Mumbai,1893
2024-10-18,Maize,Mumbai,1903
2024-10-19,Maize,Mumbai,1895
2024-10-20,Maize,Mumbai,1882
2024-10-21,Maize,Mumbai,1872
2024-10-22,Maize,Mumbai,1860
2024-10-23,Maize,Mumbai,1849
2024-10-24,Maize,Mumbai,1830
2024-10-25,Maize,Mumbai,1827
2024-10-26,Maize,Mumbai,1831
2024-10-27,Maize,Mumbai,1813
2024-10-28,Maize,Mumbai,1815
2024-10-29,Maize,Mumbai,1810
2024-10-30,Maize,Mumbai,1807
2024-10-31,Maize,Mumbai,1790
2024-11-01,Maize,Mumbai,1799
2024-11-02,Maize,Mumbai,1801
2024-11-03,Maize,Mumbai,1809
2024-11-04,Maize,Mumbai,1794
2024-11-05,Maize,Mumbai,1818
2024-11-06,Maize,Mumbai,1819
2024-11-07,Maize,Mumbai,1839
2024-11-08,Maize,Mumbai,1830
2024-11-09,Maize,Mumbai,1818
2024-11-10,Maize,Mumbai,1816
2024-11-11,Maize,Mumbai,1796
2024-11-12,Maize,Mumbai,1797
2024-11-13,Maize,Mumbai,1815
2024-11-14,Maize,Mumbai,1808
2024-11-15,Maize,Mumbai,1821
2024-11-16,Maize,Mumbai,1843
2024-11-17,Maize,Mumbai,1823
2024-11-18,Maize,Mumbai,1841
2024-11-19,Maize,Mumbai,1843
2024-11-20,Maize,Mumbai,1854
2024-11-21,Maize,Mumbai,1852
2024-11-22,Maize,Mumbai,1863
2024-11-23,Maize,Mumbai,1869
2024-11-24,Maize,Mumbai,1883
2024-11-25,Maize,Mumbai,1868
2024-11-26,Maize,Mumbai,1875
2024-11-27,Maize,Mumbai,1874
2024-11-28,Maize,Mumbai,1875
2024-11-29,Maize,Mumbai,1896
2024-11-30,Maize,Mumbai,1897
2024-12-01,Maize,Mumbai,1894
2024-12-02,Maize,Mumbai,1898
2024-12-03,Maize,Mumbai,1882
2024-12-04,Maize,Mumbai,1879
2024-12-05,Maize,Mumbai,1876
2024-12-06,Maize,Mumbai,1861
2024-12-07,Maize,Mumbai,1878
2024-12-08,Maize,Mumbai,1859
2024-12-09,Maize,Mumbai,1845
2024-12-10,Maize,Mumbai,1870
2024-12-11,Maize,Mumbai,1893
2024-12-12,Maize,Mumbai,1875
2024-12-13,Maize,Mumbai,1862
2024-12-14,Maize,Mumbai,1875
2024-12-15,Maize,Mumbai,1872
2024-12-16,Maize,Mumbai,1895
2024-12-17,Maize,Mumbai,1897
2024-12-18,Maize,Mumbai,1890
2024-12-19,Maize,Mumbai,1873
2024-12-20,Maize,Mumbai,1853
2024-12-21,Maize,Mumbai,1843
2024-12-22,Maize,Mumbai,1855
2024-12-23,Maize,Mumbai,1880
2024-12-24,Maize,Mumbai,1904
2024-12-25,Maize,Mumbai,1908
2024-12-26,Maize,Mumbai,1896
2024-12-27,Maize,Mumbai,1909
2024-12-28,Maize,Mumbai,1906
2024-12-29,Maize,Mumbai,1903
2024-12-30,Maize,Mumbai,1886
2024-12-31,Maize,Mumbai,1891
2025-01-01,Maize,Mumbai,1901
2025-01-02,Maize,Mumbai,1883
2025-01-03,Maize,Mumbai,1883
2025-01-04,Maize,Mumbai,1885
2025-01-05,Maize,Mumbai,1868
2025-01-06,Maize,Mumbai,1876
2025-01-07,Maize,Mumbai,1863
2025-01-08,Maize,Mumbai,1846
2025-01-09,Maize,Mumbai,1845
2025-01-10,Maize,Mumbai,1869
2025-01-11,Maize,Mumbai,1849
2025-01-12,Maize,Mumbai,1868
2025-01-13,Maize,Mumbai,1854
2025-01-14,Maize,Mumbai,1865
2025-01-15,Maize,Mumbai,1856
2025-01-16,Maize,Mumbai,1863
2025-01-17,Maize,Mumbai,1881
2025-01-18,Maize,Mumbai,1861
2025-01-19,Maize,Mumbai,1859
2025-01-20,Maize,Mumbai,1862
2025-01-21,Maize,Mumbai,1857
2025-01-22,Maize,Mumbai,1874
2025-01-23,Maize,Mumbai,1892
2025-01-24,Maize,Mumbai,1882
2025-01-25,Maize,Mumbai,1868
2025-01-26,Maize,Mumbai,1886
2025-01-27,Maize,Mumbai,1893
2025-01-28,Maize,Mumbai,1880
2025-01-29,Maize,Mumbai,1891
2025-01-30,Maize,Mumbai,1898
2025-01-31,Maize,Mumbai,1920
2025-02-01,Maize,Mumbai,1924
2025-02-02,Maize,Mumbai,1936
2025-02-03,Maize,Mumbai,1919
2025-02-04,Maize,Mumbai,1903
2025-02-05,Maize,Mumbai,1916
2025-02-06,Maize,Mumbai,1910
2025-02-07,Maize,Mumbai,1929
2025-02-08,Maize,Mumbai,1912
2025-02-09,Maize,Mumbai,1920
2025-02-10,Maize,Mumbai,1940
2025-02-11,Maize,Mumbai,1927
2025-02-12,Maize,Mumbai,1928
2025-02-13,Maize,Mumbai,1937
2025-02-14,Maize,Mumbai,1921
2025-02-15,Maize,Mumbai,1911
2025-02-16,Maize,Mumbai,1899
2025-02-17,Maize,Mumbai,1910
2025-02-18,Maize,Mumbai,1931
2025-02-19,Maize,Mumbai,1953
2025-02-20,Maize,Mumbai,1957
2025-02-21,Maize,Mumbai,1966
2025-02-22,Maize,Mumbai,1971
2025-02-23,Maize,Mumbai,1967
2025-02-24,Maize,Mumbai,1961
2025-02-25,Maize,Mumbai,1957
2025-02-26,Maize,Mumbai,1937
2025-02-27,Maize,Mumbai,1958
2025-02-28,Maize,Mumbai,1938
2025-03-01,Maize,Mumbai,1960
2025-03-02,Maize,Mumbai,1978
2025-03-03,Maize,Mumbai,1996
2025-03-04,Maize,Mumbai,1977
2025-03-05,Maize,Mumbai,1966
2025-03-06,Maize,Mumbai,1951
2025-03-07,Maize,Mumbai,1963
2025-03-08,Maize,Mumbai,1975
2025-03-09,Maize,Mumbai,1980
2025-03-10,Maize,Mumbai,1961
2025-03-11,Maize,Mumbai,1973
2025-03-12,Maize,Mumbai,1964
2025-03-13,Maize,Mumbai,1983
2025-03-14,Maize,Mumbai,2003
2025-03-15,Maize,Mumbai,2020
2025-03-16,Maize,Mumbai,2045
2025-03-17,Maize,Mumbai,2058
2025-03-18,Maize,Mumbai,2049
2025-03-19,Maize,Mumbai,2034
2025-03-20,Maize,Mumbai,2021
2025-03-21,Maize,Mumbai,2030
2025-03-22,Maize,Mumbai,2036
2025-03-23,Maize,Mumbai,2038
2025-03-24,Maize,Mumbai,2059
2025-03-25,Maize,Mumbai,2051
2025-03-26,Maize,Mumbai,2061
2025-03-27,Maize,Mumbai,2051
2025-03-28,Maize,Mumbai,2036
2025-03-29,Maize,Mumbai,2017
2025-03-30,Maize,Mumbai,2004
2025-03-31,Maize,Mumbai,1986
2025-04-01,Maize,Mumbai,1977
2025-04-02,Maize,Mumbai,1987
2025-04-03,Maize,Mumbai,1988
2025-04-04,Maize,Mumbai,2013
2025-04-05,Maize,Mumbai,2017
2025-04-06,Maize,Mumbai,2003
2025-04-07,Maize,Mumbai,1994
2025-04-08,Maize,Mumbai,2003
2025-04-09,Maize,Mumbai,1990
2025-04-10,Maize,Mumbai,1992
2025-04-11,Maize,Mumbai,1977
2025-04-12,Maize,Mumbai,1994
2025-04-13,Maize,Mumbai,2010
2025-04-14,Maize,Mumbai,1999
2025-04-15,Maize,Mumbai,2018
2025-04-16,Maize,Mumbai,2013
2025-04-17,Maize,Mumbai,2004
2025-04-18,Maize,Mumbai,1986
2025-04-19,Maize,Mumbai,1974
2025-04-20,Maize,Mumbai,1977
2025-04-21,Maize,Mumbai,1964
2025-04-22,Maize,Mumbai,1956
2025-04-23,Maize,Mumbai,1963
2025-04-24,Maize,Mumbai,1955
2025-04-25,Maize,Mumbai,1967
2025-04-26,Maize,Mumbai,1950
2025-04-27,Maize,Mumbai,1971
2025-04-28,Maize,Mumbai,1951
2025-04-29,Maize,Mumbai,1963
2025-04-30,Maize,Mumbai,1960
2025-05-01,Maize,Mumbai,1946
2025-05-02,Maize,Mumbai,1960
2025-05-03,Maize,Mumbai,1968
2025-05-04,Maize,Mumbai,1948
2025-05-05,Maize,Mumbai,1939
2025-05-06,Maize,Mumbai,1961
2025-05-07,Maize,Mumbai,1957
2025-05-08,Maize,Mumbai,1979
2025-05-09,Maize,Mumbai,1971
2025-05-10,Maize,Mumbai,1970
2025-05-11,Maize,Mumbai,1975
2025-05-12,Maize,Mumbai,1994
2025-05-13,Maize,Mumbai,2005
2025-05-14,Maize,Mumbai,2015
2025-05-15,Maize,Mumbai,2005
2025-05-16,Maize,Mumbai,2010
2025-05-17,Maize,Mumbai,2033
2025-05-18,Maize,Mumbai,2018
2025-05-19,Maize,Mumbai,2016
2025-05-20,Maize,Mumbai,2013
2025-05-21,Maize,Mumbai,2008
2025-05-22,Maize,Mumbai,2026
2025-05-23,Maize,Mumbai,2039
2025-05-24,Maize,Mumbai,2036
2025-05-25,Maize,Mumbai,2023
2025-05-26,Maize,Mumbai,2010
2025-05-27,Maize,Mumbai,1993
2025-05-28,Maize,Mumbai,2015
2025-05-29,Maize,Mumbai,2039
2025-05-30,Maize,Mumbai,2048
2025-05-31,Maize,Mumbai,2034
2025-06-01,Maize,Mumbai,2026
2025-06-02,Maize,Mumbai,2043
2025-06-03,Maize,Mumbai,2045
2025-06-04,Maize,Mumbai,2034
2025-06-05,Maize,Mumbai,2042
2025-06-06,Maize,Mumbai,2027
2025-06-07,Maize,Mumbai,2012
2025-06-08,Maize,Mumbai,1993
2025-06-09,Maize,Mumbai,1986
2025-06-10,Maize,Mumbai,1991
2025-06-11,Maize,Mumbai,2010
2025-06-12,Maize,Mumbai,1999
2025-06-13,Maize,Mumbai,1991
2025-06-14,Maize,Mumbai,1996
2025-06-15,Maize,Mumbai,2017
2025-06-16,Maize,Mumbai,1999
2025-06-17,Maize,Mumbai,2009
2025-06-18,Maize,Mumbai,2021
2025-06-19,Maize,Mumbai,2016
2025-06-20,Maize,Mumbai,2002
2025-06-21,Maize,Mumbai,1983
2025-06-22,Maize,Mumbai,1991
2025-06-23,Maize,Mumbai,1974
2025-06-24,Maize,Mumbai,1994
2025-06-25,Maize,Mumbai,2009
2025-06-26,Maize,Mumbai,1990
2025-06-27,Maize,Mumbai,1994
2025-06-28,Maize,Mumbai,1983
2025-06-29,Maize,Mumbai,2001
2025-06-30,Maize,Mumbai,1990
2025-07-01,Maize,Mumbai,2010
2025-07-02,Maize,Mumbai,2009
2025-07-03,Maize,Mumbai,2029
2025-07-04,Maize,Mumbai,2053
2025-07-05,Maize,Mumbai,2066
2025-07-06,Maize,Mumbai,2086
2025-07-07,Maize,Mumbai,2088
2025-07-08,Maize,Mumbai,2100
2025-07-09,Maize,Mumbai,2094
2025-07-10,Maize,Mumbai,2105
2025-07-11,Maize,Mumbai,2122
2025-07-12,Maize,Mumbai,2110
2025-07-13,Maize,Mumbai,2130
2025-07-14,Maize,Mumbai,2145
2025-07-15,Maize,Mumbai,2135
2025-07-16,Maize,Mumbai,2143
2025-07-17,Maize,Mumbai,2149
2025-07-18,Maize,Mumbai,2169
2025-07-19,Maize,Mumbai,2185
2025-07-20,Maize,Mumbai,2186
2025-07-21,Maize,Mumbai,2209
2025-07-22,Maize,Mumbai,2227
2025-07-23,Maize,Mumbai,2221
2025-07-24,Maize,Mumbai,2233
2025-07-25,Maize,Mumbai,2225
2025-07-26,Maize,Mumbai,2205
2025-07-27,Maize,Mumbai,2210
2025-07-28,Maize,Mumbai,2212
2025-07-29,Maize,Mumbai,2220
2025-07-30,Maize,Mumbai,2240
2025-07-31,Maize,Mumbai,2227
2025-08-01,Maize,Mumbai,2233
2025-08-02,Maize,Mumbai,2249
2025-08-03,Maize,Mumbai,2261
2025-08-04,Maize,Mumbai,2283
2025-08-05,Maize,Mumbai,2275
2025-08-06,Maize,Mumbai,2257
2025-08-07,Maize,Mumbai,2255
2025-08-08,Maize,Mumbai,2236
2025-08-09,Maize,Mumbai,2253
2025-08-10,Maize,Mumbai,2242
2025-08-11,Maize,Mumbai,2241
2025-08-12,Maize,Mumbai,2257
2025-08-13,Maize,Mumbai,2247
2025-08-14,Maize,Mumbai,2239
2025-08-15,Maize,Mumbai,2246
2025-08-16,Maize,Mumbai,2250
2025-08-17,Maize,Mumbai,2247
2025-08-18,Maize,Mumbai,2249
2025-08-19,Maize,Mumbai,2256
2025-08-20,Maize,Mumbai,2270
2025-08-21,Maize,Mumbai,2254
2025-08-22,Maize,Mumbai,2269
2025-08-23,Maize,Mumbai,2264
2025-08-24,Maize,Mumbai,2268
2025-08-25,Maize,Mumbai,2262
2025-08-26,Maize,Mumbai,2243
2025-08-27,Maize,Mumbai,2250
2025-08-28,Maize,Mumbai,2265
2025-08-29,Maize,Mumbai,2281
2025-08-30,Maize,Mumbai,2299
2025-08-31,Maize,Mumbai,2311
2025-09-01,Maize,Mumbai,2321
2025-09-02,Maize,Mumbai,2320
2025-09-03,Maize,Mumbai,2320
2025-09-04,Maize,Mumbai,2331
2025-09-05,Maize,Mumbai,2311
2025-09-06,Maize,Mumbai,2329
2025-09-07,Maize,Mumbai,2344
2025-09-08,Maize,Mumbai,2325
2025-09-09,Maize,Mumbai,2349
2025-09-10,Maize,Mumbai,2351
2025-09-11,Maize,Mumbai,2336
2025-09-12,Maize,Mumbai,2339
2025-09-13,Maize,Mumbai,2359
2025-09-14,Maize,Mumbai,2351
2025-09-15,Maize,Mumbai,2361
2025-09-16,Maize,Mumbai,2360
2025-09-17,Maize,Mumbai,2362
2025-09-18,Maize,Mumbai,2364
2025-09-19,Maize,Mumbai,2365
2025-09-20,Maize,Mumbai,2346
2025-09-21,Maize,Mumbai,2337
2025-09-22,Maize,Mumbai,2349
2025-09-23,Maize,Mumbai,2342
2025-09-24,Maize,Mumbai,2341
2025-09-25,Maize,Mumbai,2361
2025-09-26,Maize,Mumbai,2342
2025-09-27,Maize,Mumbai,2334
2025-09-28,Maize,Mumbai,2314
2025-09-29,Maize,Mumbai,2316
2025-09-30,Maize,Mumbai,2299
2025-10-01,Maize,Mumbai,2321
2025-10-02,Maize,Mumbai,2335
2025-10-03,Maize,Mumbai,2346
2025-10-04,Maize,Mumbai,2339
2025-10-05,Maize,Mumbai,2328
2025-10-06,Maize,Mumbai,2333
2025-10-07,Maize,Mumbai,2339
2025-10-08,Maize,Mumbai,2360
2025-10-09,Maize,Mumbai,2358
2025-10-10,Maize,Mumbai,2378
2025-10-11,Maize,Mumbai,2358
2025-10-12,Maize,Mumbai,2343
2025-10-13,Maize,Mumbai,2348
2025-10-14,Maize,Mumbai,2328
2025-10-15,Maize,Mumbai,2321
2025-10-16,Maize,Mumbai,2314
2025-10-17,Maize,Mumbai,2299
2025-10-18,Maize,Mumbai,2280
2025-10-19,Maize,Mumbai,2262
2025-10-20,Maize,Mumbai,2272
2025-10-21,Maize,Mumbai,2270
2025-10-22,Maize,Mumbai,2253
2025-10-23,Maize,Mumbai,2241
2025-10-24,Maize,Mumbai,2229
2025-10-25,Maize,Mumbai,2227
2025-10-26,Maize,Mumbai,2229
2025-10-27,Maize,Mumbai,2213
2025-10-28,Maize,Mumbai,2193
2025-10-29,Maize,Mumbai,2199
2025-10-30,Maize,Mumbai,2189
2025-10-31,Maize,Mumbai,2176
2025-11-01,Maize,Mumbai,2196
2025-11-02,Maize,Mumbai,2181
2025-11-03,Maize,Mumbai,2173
2025-11-04,Maize,Mumbai,2186
2025-11-05,Maize,Mumbai,2185
2025-11-06,Maize,Mumbai,2198
2025-11-07,Maize,Mumbai,2209
2025-11-08,Maize,Mumbai,2203
2025-11-09,Maize,Mumbai,2198
2025-11-10,Maize,Mumbai,2199
2025-11-11,Maize,Mumbai,2186
2025-11-12,Maize,Mumbai,2199
2025-11-13,Maize,Mumbai,2184
2025-11-14,Maize,Mumbai,2207
2025-11-15,Maize,Mumbai,2216
2025-11-16,Maize,Mumbai,2205
2025-11-17,Maize,Mumbai,2226
2025-11-18,Maize,Mumbai,2216
2025-11-19,Maize,Mumbai,2196
2025-11-20,Maize,Mumbai,2178
2025-11-21,Maize,Mumbai,2203
2025-11-22,Maize,Mumbai,2216
2025-11-23,Maize,Mumbai,2215
2025-11-24,Maize,Mumbai,2198
2025-11-25,Maize,Mumbai,2179
2025-11-26,Maize,Mumbai,2166
2025-11-27,Maize,Mumbai,2165
2025-11-28,Maize,Mumbai,2153
2025-11-29,Maize,Mumbai,2141
2025-11-30,Maize,Mumbai,2164
2025-12-01,Maize,Mumbai,2151
2025-12-02,Maize,Mumbai,2176
2025-12-03,Maize,Mumbai,2169
2025-12-04,Maize,Mumbai,2166
2025-12-05,Maize,Mumbai,2179
2025-12-06,Maize,Mumbai,2174
2025-12-07,Maize,Mumbai,2166
2025-12-08,Maize,Mumbai,2166
2025-12-09,Maize,Mumbai,2155
2025-12-10,Maize,Mumbai,2167
2025-12-11,Maize,Mumbai,2152
2025-12-12,Maize,Mumbai,2155
2025-12-13,Maize,Mumbai,2165
2025-12-14,Maize,Mumbai,2146
2025-12-15,Maize,Mumbai,2136
2025-12-16,Maize,Mumbai,2119
2025-12-17,Maize,Mumbai,2122
2025-12-18,Maize,Mumbai,2112
2025-12-19,Maize,Mumbai,2125
2025-12-20,Maize,Mumbai,2149
2025-12-21,Maize,Mumbai,2158
2025-12-22,Maize,Mumbai,2145
2025-12-23,Maize,Mumbai,2158
2025-12-24,Maize,Mumbai,2175
2025-12-25,Maize,Mumbai,2193
2025-12-26,Maize,Mumbai,2199
2025-12-27,Maize,Mumbai,2192
2025-12-28,Maize,Mumbai,2211
2025-12-29,Maize,Mumbai,2216
2025-12-30,Maize,Mumbai,2211
2025-12-31,Maize,Mumbai,2208
2024-01-01,Maize,Nagpur,1410
2024-01-02,Maize,Nagpur,1412
2024-01-03,Maize,Nagpur,1432
2024-01-04,Maize,Nagpur,1420
2024-01-05,Maize,Nagpur,1402
2024-01-06,Maize,Nagpur,1395
2024-01-07,Maize,Nagpur,1395
2024-01-08,Maize,Nagpur,1414
2024-01-09,Maize,Nagpur,1421
2024-01-10,Maize,Nagpur,1442
2024-01-11,Maize,Nagpur,1461
2024-01-12,Maize,Nagpur,1467
2024-01-13,Maize,Nagpur,1468
2024-01-14,Maize,Nagpur,1483
2024-01-15,Maize,Nagpur,1500
2024-01-16,Maize,Nagpur,1518
2024-01-17,Maize,Nagpur,1537
2024-01-18,Maize,Nagpur,1552
2024-01-19,Maize,Nagpur,1544
2024-01-20,Maize,Nagpur,1552
2024-01-21,Maize,Nagpur,1569
2024-01-22,Maize,Nagpur,1575
2024-01-23,Maize,Nagpur,1582
2024-01-24,Maize,Nagpur,1586
2024-01-25,Maize,Nagpur,1586
2024-01-26,Maize,Nagpur,1601
2024-01-27,Maize,Nagpur,1606
2024-01-28,Maize,Nagpur,1588
2024-01-29,Maize,Nagpur,1606
2024-01-30,Maize,Nagpur,1587
2024-01-31,Maize,Nagpur,1603
2024-02-01,Maize,Nagpur,1596
2024-02-02,Maize,Nagpur,1610
2024-02-03,Maize,Nagpur,1613
2024-02-04,Maize,Nagpur,1614
2024-02-05,Maize,Nagpur,1613
2024-02-06,Maize,Nagpur,1634
2024-02-07,Maize,Nagpur,1659
2024-02-08,Maize,Nagpur,1667
2024-02-09,Maize,Nagpur,1665
2024-02-10,Maize,Nagpur,1670
2024-02-11,Maize,Nagpur,1676
2024-02-12,Maize,Nagpur,1664
2024-02-13,Maize,Nagpur,1670
2024-02-14,Maize,Nagpur,1688
2024-02-15,Maize,Nagpur,1702
2024-02-16,Maize,Nagpur,1711
2024-02-17,Maize,Nagpur,1699
2024-02-18,Maize,Nagpur,1700
2024-02-19,Maize,Nagpur,1719
2024-02-20,Maize,Nagpur,1717
2024-02-21,Maize,Nagpur,1738
2024-02-22,Maize,Nagpur,1749
2024-02-23,Maize,Nagpur,1762
2024-02-24,Maize,Nagpur,1744
2024-02-25,Maize,Nagpur,1766
2024-02-26,Maize,Nagpur,1776
2024-02-27,Maize,Nagpur,1781
2024-02-28,Maize,Nagpur,1804
2024-02-29,Maize,Nagpur,1808
2024-03-01,Maize,Nagpur,1809
2024-03-02,Maize,Nagpur,1829
2024-03-03,Maize,Nagpur,1814
2024-03-04,Maize,Nagpur,1805
2024-03-05,Maize,Nagpur,1821
2024-03-06,Maize,Nagpur,1840
2024-03-07,Maize,Nagpur,1833
2024-03-08,Maize,Nagpur,1838
2024-03-09,Maize,Nagpur,1863
2024-03-10,Maize,Nagpur,1869
2024-03-11,Maize,Nagpur,1865
2024-03-12,Maize,Nagpur,1878
2024-03-13,Maize,Nagpur,1873
2024-03-14,Maize,Nagpur,1884
2024-03-15,Maize,Nagpur,1888
2024-03-16,Maize,Nagpur,1911
2024-03-17,Maize,Nagpur,1894
2024-03-18,Maize,Nagpur,1884
2024-03-19,Maize,Nagpur,1905
2024-03-20,Maize,Nagpur,1897
2024-03-21,Maize,Nagpur,1889
2024-03-22,Maize,Nagpur,1912
2024-03-23,Maize,Nagpur,1903
2024-03-24,Maize,Nagpur,1905
2024-03-25,Maize,Nagpur,1918
2024-03-26,Maize,Nagpur,1910
2024-03-27,Maize,Nagpur,1921
2024-03-28,Maize,Nagpur,1901
2024-03-29,Maize,Nagpur,1907
2024-03-30,Maize,Nagpur,1907
2024-03-31,Maize,Nagpur,1908
2024-04-01,Maize,Nagpur,1905
2024-04-02,Maize,Nagpur,1886
2024-04-03,Maize,Nagpur,1871
2024-04-04,Maize,Nagpur,1878
2024-04-05,Maize,Nagpur,1902
2024-04-06,Maize,Nagpur,1899
2024-04-07,Maize,Nagpur,1919
2024-04-08,Maize,Nagpur,1936
2024-04-09,Maize,Nagpur,1951
2024-04-10,Maize,Nagpur,1935
2024-04-11,Maize,Nagpur,1938
2024-04-12,Maize,Nagpur,1947
2024-04-13,Maize,Nagpur,1970
2024-04-14,Maize,Nagpur,1968
2024-04-15,Maize,Nagpur,1992
2024-04-16,Maize,Nagpur,1973
2024-04-17,Maize,Nagpur,1975
2024-04-18,Maize,Nagpur,1972
2024-04-19,Maize,Nagpur,1968
2024-04-20,Maize,Nagpur,1952
2024-04-21,Maize,Nagpur,1966
2024-04-22,Maize,Nagpur,1977
2024-04-23,Maize,Nagpur,1975
2024-04-24,Maize,Nagpur,1970
2024-04-25,Maize,Nagpur,1955
2024-04-26,Maize,Nagpur,1952
2024-04-27,Maize,Nagpur,1960
2024-04-28,Maize,Nagpur,1969
2024-04-29,Maize,Nagpur,1976
2024-04-30,Maize,Nagpur,1966
2024-05-01,Maize,Nagpur,1955
2024-05-02,Maize,Nagpur,1959
2024-05-03,Maize,Nagpur,1955
2024-05-04,Maize,Nagpur,1942
2024-05-05,Maize,Nagpur,1940
2024-05-06,Maize,Nagpur,1940
2024-05-07,Maize,Nagpur,1940
2024-05-08,Maize,Nagpur,1924
2024-05-09,Maize,Nagpur,1939
2024-05-10,Maize,Nagpur,1934
2024-05-11,Maize,Nagpur,1957
2024-05-12,Maize,Nagpur,1974
2024-05-13,Maize,Nagpur,1958
2024-05-14,Maize,Nagpur,1977
2024-05-15,Maize,Nagpur,1986
2024-05-16,Maize,Nagpur,1972
2024-05-17,Maize,Nagpur,1967
2024-05-18,Maize,Nagpur,1954
2024-05-19,Maize,Nagpur,1945
2024-05-20,Maize,Nagpur,1953
2024-05-21,Maize,Nagpur,1959
2024-05-22,Maize,Nagpur,1950
2024-05-23,Maize,Nagpur,1938
2024-05-24,Maize,Nagpur,1943
2024-05-25,Maize,Nagpur,1937
2024-05-26,Maize,Nagpur,1931
2024-05-27,Maize,Nagpur,1949
2024-05-28,Maize,Nagpur,1960
2024-05-29,Maize,Nagpur,1960
2024-05-30,Maize,Nagpur,1961
2024-05-31,Maize,Nagpur,1960
2024-06-01,Maize,Nagpur,1957
2024-06-02,Maize,Nagpur,1939
2024-06-03,Maize,Nagpur,1919
2024-06-04,Maize,Nagpur,1902
2024-06-05,Maize,Nagpur,1901
2024-06-06,Maize,Nagpur,1900
2024-06-07,Maize,Nagpur,1893
2024-06-08,Maize,Nagpur,1900
2024-06-09,Maize,Nagpur,1889
2024-06-10,Maize,Nagpur,1914
2024-06-11,Maize,Nagpur,1934
2024-06-12,Maize,Nagpur,1927
2024-06-13,Maize,Nagpur,1917
2024-06-14,Maize,Nagpur,1923
2024-06-15,Maize,Nagpur,1914
2024-06-16,Maize,Nagpur,1923
2024-06-17,Maize,Nagpur,1945
2024-06-18,Maize,Nagpur,1945
2024-06-19,Maize,Nagpur,1931
2024-06-20,Maize,Nagpur,1929
2024-06-21,Maize,Nagpur,1919
2024-06-22,Maize,Nagpur,1938
2024-06-23,Maize,Nagpur,1947
2024-06-24,Maize,Nagpur,1951
2024-06-25,Maize,Nagpur,1971
2024-06-26,Maize,Nagpur,1956
2024-06-27,Maize,Nagpur,1967
2024-06-28,Maize,Nagpur,1959
2024-06-29,Maize,Nagpur,1973
2024-06-30,Maize,Nagpur,1964
2024-07-01,Maize,Nagpur,1967
2024-07-02,Maize,Nagpur,1971
2024-07-03,Maize,Nagpur,1955
2024-07-04,Maize,Nagpur,1977
2024-07-05,Maize,Nagpur,1959
2024-07-06,Maize,Nagpur,1966
2024-07-07,Maize,Nagpur,1985
2024-07-08,Maize,Nagpur,1965
2024-07-09,Maize,Nagpur,1975
2024-07-10,Maize,Nagpur,1979
2024-07-11,Maize,Nagpur,1965
2024-07-12,Maize,Nagpur,1987
2024-07-13,Maize,Nagpur,2010
2024-07-14,Maize,Nagpur,1998
2024-07-15,Maize,Nagpur,2011
2024-07-16,Maize,Nagpur,1994
2024-07-17,Maize,Nagpur,1991
2024-07-18,Maize,Nagpur,2012
2024-07-19,Maize,Nagpur,2031
2024-07-20,Maize,Nagpur,2036
2024-07-21,Maize,Nagpur,2023
2024-07-22,Maize,Nagpur,2020
2024-07-23,Maize,Nagpur,2042
2024-07-24,Maize,Nagpur,2033
2024-07-25,Maize,Nagpur,2055
2024-07-26,Maize,Nagpur,2072
2024-07-27,Maize,Nagpur,2077
2024-07-28,Maize,Nagpur,2099
2024-07-29,Maize,Nagpur,2106
2024-07-30,Maize,Nagpur,2096
2024-07-31,Maize,Nagpur,2098
2024-08-01,Maize,Nagpur,2106
2024-08-02,Maize,Nagpur,2118
2024-08-03,Maize,Nagpur,2125
2024-08-04,Maize,Nagpur,2125
2024-08-05,Maize,Nagpur,2120
2024-08-06,Maize,Nagpur,2144
2024-08-07,Maize,Nagpur,2154
2024-08-08,Maize,Nagpur,2157
2024-08-09,Maize,Nagpur,2160
2024-08-10,Maize,Nagpur,2179
2024-08-11,Maize,Nagpur,2202
2024-08-12,Maize,Nagpur,2212
2024-08-13,Maize,Nagpur,2201
2024-08-14,Maize,Nagpur,2222
2024-08-15,Maize,Nagpur,2220
2024-08-16,Maize,Nagpur,2210
2024-08-17,Maize,Nagpur,2192
2024-08-18,Maize,Nagpur,2195
2024-08-19,Maize,Nagpur,2204
2024-08-20,Maize,Nagpur,2195
2024-08-21,Maize,Nagpur,2185
2024-08-22,Maize,Nagpur,2206
2024-08-23,Maize,Nagpur,2228
2024-08-24,Maize,Nagpur,2217
2024-08-25,Maize,Nagpur,2214
2024-08-26,Maize,Nagpur,2210
2024-08-27,Maize,Nagpur,2211
2024-08-28,Maize,Nagpur,2204
2024-08-29,Maize,Nagpur,2189
2024-08-30,Maize,Nagpur,2197
2024-08-31,Maize,Nagpur,2202
2024-09-01,Maize,Nagpur,2225
2024-09-02,Maize,Nagpur,2224
2024-09-03,Maize,Nagpur,2229
2024-09-04,Maize,Nagpur,2218
2024-09-05,Maize,Nagpur,2233
2024-09-06,Maize,Nagpur,2218
2024-09-07,Maize,Nagpur,2203
2024-09-08,Maize,Nagpur,2210
2024-09-09,Maize,Nagpur,2210
2024-09-10,Maize,Nagpur,2208
2024-09-11,Maize,Nagpur,2189
2024-09-12,Maize,Nagpur,2172
2024-09-13,Maize,Nagpur,2167
2024-09-14,Maize,Nagpur,2188
2024-09-15,Maize,Nagpur,2169
2024-09-16,Maize,Nagpur,2174
2024-09-17,Maize,Nagpur,2178
2024-09-18,Maize,Nagpur,2198
2024-09-19,Maize,Nagpur,2184
2024-09-20,Maize,Nagpur,2171
2024-09-21,Maize,Nagpur,2159
2024-09-22,Maize,Nagpur,2174
2024-09-23,Maize,Nagpur,2175
2024-09-24,Maize,Nagpur,2191
2024-09-25,Maize,Nagpur,2175
2024-09-26,Maize,Nagpur,2159
2024-09-27,Maize,Nagpur,2165
2024-09-28,Maize,Nagpur,2146
2024-09-29,Maize,Nagpur,2152
2024-09-30,Maize,Nagpur,2158
2024-10-01,Maize,Nagpur,2139
2024-10-02,Maize,Nagpur,2150
2024-10-03,Maize,Nagpur,2172
2024-10-04,Maize,Nagpur,2179
2024-10-05,Maize,Nagpur,2167
2024-10-06,Maize,Nagpur,2165
2024-10-07,Maize,Nagpur,2175
2024-10-08,Maize,Nagpur,2185
2024-10-09,Maize,Nagpur,2188
2024-10-10,Maize,Nagpur,2192
2024-10-11,Maize,Nagpur,2211
2024-10-12,Maize,Nagpur,2201
2024-10-13,Maize,Nagpur,2189
2024-10-14,Maize,Nagpur,2171
2024-10-15,Maize,Nagpur,2173
2024-10-16,Maize,Nagpur,2155
2024-10-17,Maize,Nagpur,2172
2024-10-18,Maize,Nagpur,2176
2024-10-19,Maize,Nagpur,2190
2024-10-20,Maize,Nagpur,2212
2024-10-21,Maize,Nagpur,2209
2024-10-22,Maize,Nagpur,2196
2024-10-23,Maize,Nagpur,2194
2024-10-24,Maize,Nagpur,2204
2024-10-25,Maize,Nagpur,2198
2024-10-26,Maize,Nagpur,2210
2024-10-27,Maize,Nagpur,2206
2024-10-28,Maize,Nagpur,2198
2024-10-29,Maize,Nagpur,2185
2024-10-30,Maize,Nagpur,2180
2024-10-31,Maize,Nagpur,2183
2024-11-01,Maize,Nagpur,2197
2024-11-02,Maize,Nagpur,2204
2024-11-03,Maize,Nagpur,2215
2024-11-04,Maize,Nagpur,2215
2024-11-05,Maize,Nagpur,2240
2024-11-06,Maize,Nagpur,2253
2024-11-07,Maize,Nagpur,2244
2024-11-08,Maize,Nagpur,2252
2024-11-09,Maize,Nagpur,2242
2024-11-10,Maize,Nagpur,2226
2024-11-11,Maize,Nagpur,2245
2024-11-12,Maize,Nagpur,2228
2024-11-13,Maize,Nagpur,2235
2024-11-14,Maize,Nagpur,2245
2024-11-15,Maize,Nagpur,2270
2024-11-16,Maize,Nagpur,2269
2024-11-17,Maize,Nagpur,2286
2024-11-18,Maize,Nagpur,2294
2024-11-19,Maize,Nagpur,2316
2024-11-20,Maize,Nagpur,2318
2024-11-21,Maize,Nagpur,2304
2024-11-22,Maize,Nagpur,2304
2024-11-23,Maize,Nagpur,2284
2024-11-24,Maize,Nagpur,2287
2024-11-25,Maize,Nagpur,2299
2024-11-26,Maize,Nagpur,2295
2024-11-27,Maize,Nagpur,2285
2024-11-28,Maize,Nagpur,2300
2024-11-29,Maize,Nagpur,2297
2024-11-30,Maize,Nagpur,2278
2024-12-01,Maize,Nagpur,2282
2024-12-02,Maize,Nagpur,2291
2024-12-03,Maize,Nagpur,2296
2024-12-04,Maize,Nagpur,2279
2024-12-05,Maize,Nagpur,2300
2024-12-06,Maize,Nagpur,2282
2024-12-07,Maize,Nagpur,2301
2024-12-08,Maize,Nagpur,2307
2024-12-09,Maize,Nagpur,2322
2024-12-10,Maize,Nagpur,2342
2024-12-11,Maize,Nagpur,2333
2024-12-12,Maize,Nagpur,2326
2024-12-13,Maize,Nagpur,2306
2024-12-14,Maize,Nagpur,2326
2024-12-15,Maize,Nagpur,2351
2024-12-16,Maize,Nagpur,2357
2024-12-17,Maize,Nagpur,2353
2024-12-18,Maize,Nagpur,2337
2024-12-19,Maize,Nagpur,2351
2024-12-20,Maize,Nagpur,2348
2024-12-21,Maize,Nagpur,2349
2024-12-22,Maize,Nagpur,2360
2024-12-23,Maize,Nagpur,2383
2024-12-24,Maize,Nagpur,2408
2024-12-25,Maize,Nagpur,2412
2024-12-26,Maize,Nagpur,2404
2024-12-27,Maize,Nagpur,2409
2024-12-28,Maize,Nagpur,2406
2024-12-29,Maize,Nagpur,2388
2024-12-30,Maize,Nagpur,2372
2024-12-31,Maize,Nagpur,2383
2025-01-01,Maize,Nagpur,2378
2025-01-02,Maize,Nagpur,2389
2025-01-03,Maize,Nagpur,2392
2025-01-04,Maize,Nagpur,2406
2025-01-05,Maize,Nagpur,2415
2025-01-06,Maize,Nagpur,2401
2025-01-07,Maize,Nagpur,2421
2025-01-08,Maize,Nagpur,2438
2025-01-09,Maize,Nagpur,2456
2025-01-10,Maize,Nagpur,2470
2025-01-11,Maize,Nagpur,2469
2025-01-12,Maize,Nagpur,2456
2025-01-13,Maize,Nagpur,2439
2025-01-14,Maize,Nagpur,2462
2025-01-15,Maize,Nagpur,2487
2025-01-16,Maize,Nagpur,2506
2025-01-17,Maize,Nagpur,2505
2025-01-18,Maize,Nagpur,2506
2025-01-19,Maize,Nagpur,2490
2025-01-20,Maize,Nagpur,2486
2025-01-21,Maize,Nagpur,2466
2025-01-22,Maize,Nagpur,2449
2025-01-23,Maize,Nagpur,2456
2025-01-24,Maize,Nagpur,2466
2025-01-25,Maize,Nagpur,2453
2025-01-26,Maize,Nagpur,2473
2025-01-27,Maize,Nagpur,2467
2025-01-28,Maize,Nagpur,2461
2025-01-29,Maize,Nagpur,2443
2025-01-30,Maize,Nagpur,2431
2025-01-31,Maize,Nagpur,2439
2025-02-01,Maize,Nagpur,2424
2025-02-02,Maize,Nagpur,2416
2025-02-03,Maize,Nagpur,2408
2025-02-04,Maize,Nagpur,2394
2025-02-05,Maize,Nagpur,2381
2025-02-06,Maize,Nagpur,2371
2025-02-07,Maize,Nagpur,2395
2025-02-08,Maize,Nagpur,2419
2025-02-09,Maize,Nagpur,2437
2025-02-10,Maize,Nagpur,2448
2025-02-11,Maize,Nagpur,2460
2025-02-12,Maize,Nagpur,2453
2025-02-13,Maize,Nagpur,2468
2025-02-14,Maize,Nagpur,2451
2025-02-15,Maize,Nagpur,2440
2025-02-16,Maize,Nagpur,2446
2025-02-17,Maize,Nagpur,2441
2025-02-18,Maize,Nagpur,2425
2025-02-19,Maize,Nagpur,2424
2025-02-20,Maize,Nagpur,2410
2025-02-21,Maize,Nagpur,2431
2025-02-22,Maize,Nagpur,2411
2025-02-23,Maize,Nagpur,2408
2025-02-24,Maize,Nagpur,2410
2025-02-25,Maize,Nagpur,2410
2025-02-26,Maize,Nagpur,2431
2025-02-27,Maize,Nagpur,2429
2025-02-28,Maize,Nagpur,2449
2025-03-01,Maize,Nagpur,2436
2025-03-02,Maize,Nagpur,2451
2025-03-03,Maize,Nagpur,2441
2025-03-04,Maize,Nagpur,2453
2025-03-05,Maize,Nagpur,2472
2025-03-06,Maize,Nagpur,2458
2025-03-07,Maize,Nagpur,2438
2025-03-08,Maize,Nagpur,2418
2025-03-09,Maize,Nagpur,2433
2025-03-10,Maize,Nagpur,2452
2025-03-11,Maize,Nagpur,2439
2025-03-12,Maize,Nagpur,2438
2025-03-13,Maize,Nagpur,2454
2025-03-14,Maize,Nagpur,2443
2025-03-15,Maize,Nagpur,2460
2025-03-16,Maize,Nagpur,2445
2025-03-17,Maize,Nagpur,2461
2025-03-18,Maize,Nagpur,2475
2025-03-19,Maize,Nagpur,2457
2025-03-20,Maize,Nagpur,2452
2025-03-21,Maize,Nagpur,2451
2025-03-22,Maize,Nagpur,2434
2025-03-23,Maize,Nagpur,2426
2025-03-24,Maize,Nagpur,2449
2025-03-25,Maize,Nagpur,2449
2025-03-26,Maize,Nagpur,2472
2025-03-27,Maize,Nagpur,2455
2025-03-28,Maize,Nagpur,2457
2025-03-29,Maize,Nagpur,2472
2025-03-30,Maize,Nagpur,2492
2025-03-31,Maize,Nagpur,2507
2025-04-01,Maize,Nagpur,2524
2025-04-02,Maize,Nagpur,2532
2025-04-03,Maize,Nagpur,2553
2025-04-04,Maize,Nagpur,2557
2025-04-05,Maize,Nagpur,2564
2025-04-06,Maize,Nagpur,2560
2025-04-07,Maize,Nagpur,2546
2025-04-08,Maize,Nagpur,2562
2025-04-09,Maize,Nagpur,2544
2025-04-10,Maize,Nagpur,2524
2025-04-11,Maize,Nagpur,2528
2025-04-12,Maize,Nagpur,2543
2025-04-13,Maize,Nagpur,2553
2025-04-14,Maize,Nagpur,2572
2025-04-15,Maize,Nagpur,2556
2025-04-16,Maize,Nagpur,2567
2025-04-17,Maize,Nagpur,2568
2025-04-18,Maize,Nagpur,2568
2025-04-19,Maize,Nagpur,2578
2025-04-20,Maize,Nagpur,2595
2025-04-21,Maize,Nagpur,2611
2025-04-22,Maize,Nagpur,2603
2025-04-23,Maize,Nagpur,2603
2025-04-24,Maize,Nagpur,2623
2025-04-25,Maize,Nagpur,2625
2025-04-26,Maize,Nagpur,2627
2025-04-27,Maize,Nagpur,2625
2025-04-28,Maize,Nagpur,2639
2025-04-29,Maize,Nagpur,2624
2025-04-30,Maize,Nagpur,2649
2025-05-01,Maize,Nagpur,2647
2025-05-02,Maize,Nagpur,2647
2025-05-03,Maize,Nagpur,2635
2025-05-04,Maize,Nagpur,2655
2025-05-05,Maize,Nagpur,2673
2025-05-06,Maize,Nagpur,2684
2025-05-07,Maize,Nagpur,2705
2025-05-08,Maize,Nagpur,2710
2025-05-09,Maize,Nagpur,2715
2025-05-10,Maize,Nagpur,2720
2025-05-11,Maize,Nagpur,2729
2025-05-12,Maize,Nagpur,2710
2025-05-13,Maize,Nagpur,2735
2025-05-14,Maize,Nagpur,2724
2025-05-15,Maize,Nagpur,2737
2025-05-16,Maize,Nagpur,2725
2025-05-17,Maize,Nagpur,2707
2025-05-18,Maize,Nagpur,2724
2025-05-19,Maize,Nagpur,2709
2025-05-20,Maize,Nagpur,2697
2025-05-21,Maize,Nagpur,2716
2025-05-22,Maize,Nagpur,2712
2025-05-23,Maize,Nagpur,2697
2025-05-24,Maize,Nagpur,2715
2025-05-25,Maize,Nagpur,2719
2025-05-26,Maize,Nagpur,2731
2025-05-27,Maize,Nagpur,2729
2025-05-28,Maize,Nagpur,2736
2025-05-29,Maize,Nagpur,2760
2025-05-30,Maize,Nagpur,2765
2025-05-31,Maize,Nagpur,2780
2025-06-01,Maize,Nagpur,2798
2025-06-02,Maize,Nagpur,2819
2025-06-03,Maize,Nagpur,2815
2025-06-04,Maize,Nagpur,2811
2025-06-05,Maize,Nagpur,2833
2025-06-06,Maize,Nagpur,2837
2025-06-07,Maize,Nagpur,2822
2025-06-08,Maize,Nagpur,2816
2025-06-09,Maize,Nagpur,2824
2025-06-10,Maize,Nagpur,2838
2025-06-11,Maize,Nagpur,2846
2025-06-12,Maize,Nagpur,2827
2025-06-13,Maize,Nagpur,2815
2025-06-14,Maize,Nagpur,2802
2025-06-15,Maize,Nagpur,2804
2025-06-16,Maize,Nagpur,2791
2025-06-17,Maize,Nagpur,2785
2025-06-18,Maize,Nagpur,2802
2025-06-19,Maize,Nagpur,2785
2025-06-20,Maize,Nagpur,2787
2025-06-21,Maize,Nagpur,2807
2025-06-22,Maize,Nagpur,2787
2025-06-23,Maize,Nagpur,2801
2025-06-24,Maize,Nagpur,2786
2025-06-25,Maize,Nagpur,2807
2025-06-26,Maize,Nagpur,2801
2025-06-27,Maize,Nagpur,2800
2025-06-28,Maize,Nagpur,2797
2025-06-29,Maize,Nagpur,2807
2025-06-30,Maize,Nagpur,2796
2025-07-01,Maize,Nagpur,2793
2025-07-02,Maize,Nagpur,2802
2025-07-03,Maize,Nagpur,2790
2025-07-04,Maize,Nagpur,2813
2025-07-05,Maize,Nagpur,2796
2025-07-06,Maize,Nagpur,2817
2025-07-07,Maize,Nagpur,2814
2025-07-08,Maize,Nagpur,2810
2025-07-09,Maize,Nagpur,2830
2025-07-10,Maize,Nagpur,2852
2025-07-11,Maize,Nagpur,2843
2025-07-12,Maize,Nagpur,2828
2025-07-13,Maize,Nagpur,2831
2025-07-14,Maize,Nagpur,2856
2025-07-15,Maize,Nagpur,2840
2025-07-16,Maize,Nagpur,2847
2025-07-17,Maize,Nagpur,2845
2025-07-18,Maize,Nagpur,2858
2025-07-19,Maize,Nagpur,2852
2025-07-20,Maize,Nagpur,2840
2025-07-21,Maize,Nagpur,2848
2025-07-22,Maize,Nagpur,2839
2025-07-23,Maize,Nagpur,2854
2025-07-24,Maize,Nagpur,2841
2025-07-25,Maize,Nagpur,2826
2025-07-26,Maize,Nagpur,2820
2025-07-27,Maize,Nagpur,2808
2025-07-28,Maize,Nagpur,2810
2025-07-29,Maize,Nagpur,2813
2025-07-30,Maize,Nagpur,2803
2025-07-31,Maize,Nagpur,2828
2025-08-01,Maize,Nagpur,2818
2025-08-02,Maize,Nagpur,2836
2025-08-03,Maize,Nagpur,2860
2025-08-04,Maize,Nagpur,2884
2025-08-05,Maize,Nagpur,2876
2025-08-06,Maize,Nagpur,2858
2025-08-07,Maize,Nagpur,2867
2025-08-08,Maize,Nagpur,2869
2025-08-09,Maize,Nagpur,2862
2025-08-10,Maize,Nagpur,2865
2025-08-11,Maize,Nagpur,2890
2025-08-12,Maize,Nagpur,2914
2025-08-13,Maize,Nagpur,2922
2025-08-14,Maize,Nagpur,2918
2025-08-15,Maize,Nagpur,2923
2025-08-16,Maize,Nagpur,2904
2025-08-17,Maize,Nagpur,2889
2025-08-18,Maize,Nagpur,2885
2025-08-19,Maize,Nagpur,2905
2025-08-20,Maize,Nagpur,2897
2025-08-21,Maize,Nagpur,2888
2025-08-22,Maize,Nagpur,2876
2025-08-23,Maize,Nagpur,2887
2025-08-24,Maize,Nagpur,2869
2025-08-25,Maize,Nagpur,2880
2025-08-26,Maize,Nagpur,2863
2025-08-27,Maize,Nagpur,2886
2025-08-28,Maize,Nagpur,2889
2025-08-29,Maize,Nagpur,2889
2025-08-30,Maize,Nagpur,2871
2025-08-31,Maize,Nagpur,2863
2025-09-01,Maize,Nagpur,2859
2025-09-02,Maize,Nagpur,2865
2025-09-03,Maize,Nagpur,2857
2025-09-04,Maize,Nagpur,2869
2025-09-05,Maize,Nagpur,2855
2025-09-06,Maize,Nagpur,2843
2025-09-07,Maize,Nagpur,2866
2025-09-08,Maize,Nagpur,2868
2025-09-09,Maize,Nagpur,2866
2025-09-10,Maize,Nagpur,2869
2025-09-11,Maize,Nagpur,2870
2025-09-12,Maize,Nagpur,2850
2025-09-13,Maize,Nagpur,2830
2025-09-14,Maize,Nagpur,2811
2025-09-15,Maize,Nagpur,2819
2025-09-16,Maize,Nagpur,2829
2025-09-17,Maize,Nagpur,2811
2025-09-18,Maize,Nagpur,2805
2025-09-19,Maize,Nagpur,2805
2025-09-20,Maize,Nagpur,2827
2025-09-21,Maize,Nagpur,2813
2025-09-22,Maize,Nagpur,2825
2025-09-23,Maize,Nagpur,2825
2025-09-24,Maize,Nagpur,2807
2025-09-25,Maize,Nagpur,2793
2025-09-26,Maize,Nagpur,2799
2025-09-27,Maize,Nagpur,2793
2025-09-28,Maize,Nagpur,2818
2025-09-29,Maize,Nagpur,2830
2025-09-30,Maize,Nagpur,2824
2025-10-01,Maize,Nagpur,2842
2025-10-02,Maize,Nagpur,2831
2025-10-03,Maize,Nagpur,2850
2025-10-04,Maize,Nagpur,2868
2025-10-05,Maize,Nagpur,2860
2025-10-06,Maize,Nagpur,2873
2025-10-07,Maize,Nagpur,2874
2025-10-08,Maize,Nagpur,2883
2025-10-09,Maize,Nagpur,2906
2025-10-10,Maize,Nagpur,2890
2025-10-11,Maize,Nagpur,2890
2025-10-12,Maize,Nagpur,2888
2025-10-13,Maize,Nagpur,2875
2025-10-14,Maize,Nagpur,2855
2025-10-15,Maize,Nagpur,2836
2025-10-16,Maize,Nagpur,2820
2025-10-17,Maize,Nagpur,2805
2025-10-18,Maize,Nagpur,2800
2025-10-19,Maize,Nagpur,2811
2025-10-20,Maize,Nagpur,2794
2025-10-21,Maize,Nagpur,2808
2025-10-22,Maize,Nagpur,2806
2025-10-23,Maize,Nagpur,2820
2025-10-24,Maize,Nagpur,2801
2025-10-25,Maize,Nagpur,2816
2025-10-26,Maize,Nagpur,2838
2025-10-27,Maize,Nagpur,2843
2025-10-28,Maize,Nagpur,2852
2025-10-29,Maize,Nagpur,2848
2025-10-30,Maize,Nagpur,2834
2025-10-31,Maize,Nagpur,2849
2025-11-01,Maize,Nagpur,2838
2025-11-02,Maize,Nagpur,2820
2025-11-03,Maize,Nagpur,2819
2025-11-04,Maize,Nagpur,2807
2025-11-05,Maize,Nagpur,2821
2025-11-06,Maize,Nagpur,2839
2025-11-07,Maize,Nagpur,2829
2025-11-08,Maize,Nagpur,2828
2025-11-09,Maize,Nagpur,2837
2025-11-10,Maize,Nagpur,2851
2025-11-11,Maize,Nagpur,2854
2025-11-12,Maize,Nagpur,2865
2025-11-13,Maize,Nagpur,2864
2025-11-14,Maize,Nagpur,2852
2025-11-15,Maize,Nagpur,2834
2025-11-16,Maize,Nagpur,2815
2025-11-17,Maize,Nagpur,2811
2025-11-18,Maize,Nagpur,2798
2025-11-19,Maize,Nagpur,2806
2025-11-20,Maize,Nagpur,2825
2025-11-21,Maize,Nagpur,2815
2025-11-22,Maize,Nagpur,2812
2025-11-23,Maize,Nagpur,2828
2025-11-24,Maize,Nagpur,2839
2025-11-25,Maize,Nagpur,2845
2025-11-26,Maize,Nagpur,2842
2025-11-27,Maize,Nagpur,2856
2025-11-28,Maize,Nagpur,2840
2025-11-29,Maize,Nagpur,2856
2025-11-30,Maize,Nagpur,2869
2025-12-01,Maize,Nagpur,2884
2025-12-02,Maize,Nagpur,2888
2025-12-03,Maize,Nagpur,2901
2025-12-04,Maize,Nagpur,2910
2025-12-05,Maize,Nagpur,2904
2025-12-06,Maize,Nagpur,2908
2025-12-07,Maize,Nagpur,2898
2025-12-08,Maize,Nagpur,2918
2025-12-09,Maize,Nagpur,2921
2025-12-10,Maize,Nagpur,2913
2025-12-11,Maize,Nagpur,2927
2025-12-12,Maize,Nagpur,2937
2025-12-13,Maize,Nagpur,2962
2025-12-14,Maize,Nagpur,2985
2025-12-15,Maize,Nagpur,3000
2025-12-16,Maize,Nagpur,3001
2025-12-17,Maize,Nagpur,3014
2025-12-18,Maize,Nagpur,2994
2025-12-19,Maize,Nagpur,3017
2025-12-20,Maize,Nagpur,3016
2025-12-21,Maize,Nagpur,3025
2025-12-22,Maize,Nagpur,3019
2025-12-23,Maize,Nagpur,3024
2025-12-24,Maize,Nagpur,3010
2025-12-25,Maize,Nagpur,3001
2025-12-26,Maize,Nagpur,2996
2025-12-27,Maize,Nagpur,3014
2025-12-28,Maize,Nagpur,3031
2025-12-29,Maize,Nagpur,3024
2025-12-30,Maize,Nagpur,3012
2025-12-31,Maize,Nagpur,3002
2024-01-01,Maize,Indore,1403
2024-01-02,Maize,Indore,1416
2024-01-03,Maize,Indore,1403
2024-01-04,Maize,Indore,1402
2024-01-05,Maize,Indore,1407
2024-01-06,Maize,Indore,1399
2024-01-07,Maize,Indore,1412
2024-01-08,Maize,Indore,1392
2024-01-09,Maize,Indore,1391
2024-01-10,Maize,Indore,1390
2024-01-11,Maize,Indore,1396
2024-01-12,Maize,Indore,1419
2024-01-13,Maize,Indore,1425
2024-01-14,Maize,Indore,1406
2024-01-15,Maize,Indore,1386
2024-01-16,Maize,Indore,1405
2024-01-17,Maize,Indore,1400
2024-01-18,Maize,Indore,1404
2024-01-19,Maize,Indore,1392
2024-01-20,Maize,Indore,1372
2024-01-21,Maize,Indore,1360
2024-01-22,Maize,Indore,1364
2024-01-23,Maize,Indore,1370
2024-01-24,Maize,Indore,1373
2024-01-25,Maize,Indore,1374
2024-01-26,Maize,Indore,1391
2024-01-27,Maize,Indore,1392
2024-01-28,Maize,Indore,1379
2024-01-29,Maize,Indore,1366
2024-01-30,Maize,Indore,1360
2024-01-31,Maize,Indore,1378
2024-02-01,Maize,Indore,1361
2024-02-02,Maize,Indore,1385
2024-02-03,Maize,Indore,1388
2024-02-04,Maize,Indore,1393
2024-02-05,Maize,Indore,1385
2024-02-06,Maize,Indore,1365
2024-02-07,Maize,Indore,1367
2024-02-08,Maize,Indore,1379
2024-02-09,Maize,Indore,1382
2024-02-10,Maize,Indore,1384
2024-02-11,Maize,Indore,1379
2024-02-12,Maize,Indore,1396
2024-02-13,Maize,Indore,1421
2024-02-14,Maize,Indore,1435
2024-02-15,Maize,Indore,1457
2024-02-16,Maize,Indore,1477
2024-02-17,Maize,Indore,1457
2024-02-18,Maize,Indore,1452
2024-02-19,Maize,Indore,1467
2024-02-20,Maize,Indore,1454
2024-02-21,Maize,Indore,1445
2024-02-22,Maize,Indore,1445
2024-02-23,Maize,Indore,1448
2024-02-24,Maize,Indore,1455
2024-02-25,Maize,Indore,1456
2024-02-26,Maize,Indore,1451
2024-02-27,Maize,Indore,1468
2024-02-28,Maize,Indore,1470
2024-02-29,Maize,Indore,1461
2024-03-01,Maize,Indore,1460
2024-03-02,Maize,Indore,1442
2024-03-03,Maize,Indore,1459
2024-03-04,Maize,Indore,1467
2024-03-05,Maize,Indore,1488
2024-03-06,Maize,Indore,1485
2024-03-07,Maize,Indore,1467
2024-03-08,Maize,Indore,1470
2024-03-09,Maize,Indore,1463
2024-03-10,Maize,Indore,1463
2024-03-11,Maize,Indore,1479
2024-03-12,Maize,Indore,1475
2024-03-13,Maize,Indore,1491
2024-03-14,Maize,Indore,1507
2024-03-15,Maize,Indore,1496
2024-03-16,Maize,Indore,1512
2024-03-17,Maize,Indore,1521
2024-03-18,Maize,Indore,1522
2024-03-19,Maize,Indore,1529
2024-03-20,Maize,Indore,1537
2024-03-21,Maize,Indore,1527
2024-03-22,Maize,Indore,1542
2024-03-23,Maize,Indore,1553
2024-03-24,Maize,Indore,1548
2024-03-25,Maize,Indore,1539
2024-03-26,Maize,Indore,1534
2024-03-27,Maize,Indore,1535
2024-03-28,Maize,Indore,1519
2024-03-29,Maize,Indore,1527
2024-03-30,Maize,Indore,1513
2024-03-31,Maize,Indore,1500
2024-04-01,Maize,Indore,1485
2024-04-02,Maize,Indore,1482
2024-04-03,Maize,Indore,1481
2024-04-04,Maize,Indore,1469
2024-04-05,Maize,Indore,1454
2024-04-06,Maize,Indore,1441
2024-04-07,Maize,Indore,1460
2024-04-08,Maize,Indore,1462
2024-04-09,Maize,Indore,1487
2024-04-10,Maize,Indore,1492
2024-04-11,Maize,Indore,1515
2024-04-12,Maize,Indore,1524
2024-04-13,Maize,Indore,1547
2024-04-14,Maize,Indore,1569
2024-04-15,Maize,Indore,1556
2024-04-16,Maize,Indore,1536
2024-04-17,Maize,Indore,1558
2024-04-18,Maize,Indore,1580
2024-04-19,Maize,Indore,1604
2024-04-20,Maize,Indore,1593
2024-04-21,Maize,Indore,1615
2024-04-22,Maize,Indore,1608
2024-04-23,Maize,Indore,1600
2024-04-24,Maize,Indore,1605
2024-04-25,Maize,Indore,1612
2024-04-26,Maize,Indore,1632
2024-04-27,Maize,Indore,1641
2024-04-28,Maize,Indore,1632
2024-04-29,Maize,Indore,1648
2024-04-30,Maize,Indore,1641
2024-05-01,Maize,Indore,1630
2024-05-02,Maize,Indore,1630
2024-05-03,Maize,Indore,1625
2024-05-04,Maize,Indore,1623
2024-05-05,Maize,Indore,1621
2024-05-06,Maize,Indore,1636
2024-05-07,Maize,Indore,1626
2024-05-08,Maize,Indore,1610
2024-05-09,Maize,Indore,1618
2024-05-10,Maize,Indore,1636
2024-05-11,Maize,Indore,1640
2024-05-12,Maize,Indore,1646
2024-05-13,Maize,Indore,1657
2024-05-14,Maize,Indore,1669
2024-05-15,Maize,Indore,1655
2024-05-16,Maize,Indore,1665
2024-05-17,Maize,Indore,1647
2024-05-18,Maize,Indore,1641
2024-05-19,Maize,Indore,1629
2024-05-20,Maize,Indore,1612
2024-05-21,Maize,Indore,1596
2024-05-22,Maize,Indore,1582
2024-05-23,Maize,Indore,1600
2024-05-24,Maize,Indore,1621
2024-05-25,Maize,Indore,1614
2024-05-26,Maize,Indore,1605
2024-05-27,Maize,Indore,1610
2024-05-28,Maize,Indore,1607
2024-05-29,Maize,Indore,1606
2024-05-30,Maize,Indore,1607
2024-05-31,Maize,Indore,1593
2024-06-01,Maize,Indore,1581
2024-06-02,Maize,Indore,1576
2024-06-03,Maize,Indore,1566
2024-06-04,Maize,Indore,1578
2024-06-05,Maize,Indore,1577
2024-06-06,Maize,Indore,1573
2024-06-07,Maize,Indore,1588
2024-06-08,Maize,Indore,1600
2024-06-09,Maize,Indore,1613
2024-06-10,Maize,Indore,1624
2024-06-11,Maize,Indore,1631
2024-06-12,Maize,Indore,1612
2024-06-13,Maize,Indore,1628
2024-06-14,Maize,Indore,1626
2024-06-15,Maize,Indore,1635
2024-06-16,Maize,Indore,1640
2024-06-17,Maize,Indore,1623
2024-06-18,Maize,Indore,1626
2024-06-19,Maize,Indore,1627
2024-06-20,Maize,Indore,1614
2024-06-21,Maize,Indore,1603
2024-06-22,Maize,Indore,1607
2024-06-23,Maize,Indore,1590
2024-06-24,Maize,Indore,1594
2024-06-25,Maize,Indore,1608
2024-06-26,Maize,Indore,1614
2024-06-27,Maize,Indore,1601
2024-06-28,Maize,Indore,1591
2024-06-29,Maize,Indore,1592
2024-06-30,Maize,Indore,1586
2024-07-01,Maize,Indore,1610
2024-07-02,Maize,Indore,1594
2024-07-03,Maize,Indore,1613
2024-07-04,Maize,Indore,1594
2024-07-05,Maize,Indore,1593
2024-07-06,Maize,Indore,1583
2024-07-07,Maize,Indore,1598
2024-07-08,Maize,Indore,1580
2024-07-09,Maize,Indore,1560
2024-07-10,Maize,Indore,1558
2024-07-11,Maize,Indore,1558
2024-07-12,Maize,Indore,1573
2024-07-13,Maize,Indore,1590
2024-07-14,Maize,Indore,1594
2024-07-15,Maize,Indore,1584
2024-07-16,Maize,Indore,1566
2024-07-17,Maize,Indore,1574
2024-07-18,Maize,Indore,1596
2024-07-19,Maize,Indore,1598
2024-07-20,Maize,Indore,1586
2024-07-21,Maize,Indore,1571
2024-07-22,Maize,Indore,1582
2024-07-23,Maize,Indore,1603
2024-07-24,Maize,Indore,1594
2024-07-25,Maize,Indore,1613
2024-07-26,Maize,Indore,1616
2024-07-27,Maize,Indore,1599
2024-07-28,Maize,Indore,1597
2024-07-29,Maize,Indore,1586
2024-07-30,Maize,Indore,1595
2024-07-31,Maize,Indore,1593
2024-08-01,Maize,Indore,1616
2024-08-02,Maize,Indore,1615
2024-08-03,Maize,Indore,1619
2024-08-04,Maize,Indore,1628
2024-08-05,Maize,Indore,1610
2024-08-06,Maize,Indore,1624
2024-08-07,Maize,Indore,1633
2024-08-08,Maize,Indore,1634
2024-08-09,Maize,Indore,1621
2024-08-10,Maize,Indore,1623
2024-08-11,Maize,Indore,1625
2024-08-12,Maize,Indore,1617
2024-08-13,Maize,Indore,1631
2024-08-14,Maize,Indore,1655
2024-08-15,Maize,Indore,1677
2024-08-16,Maize,Indore,1694
2024-08-17,Maize,Indore,1680
2024-08-18,Maize,Indore,1697
2024-08-19,Maize,Indore,1718
2024-08-20,Maize,Indore,1714
2024-08-21,Maize,Indore,1697
2024-08-22,Maize,Indore,1679
2024-08-23,Maize,Indore,1667
2024-08-24,Maize,Indore,1673
2024-08-25,Maize,Indore,1671
2024-08-26,Maize,Indore,1694
2024-08-27,Maize,Indore,1695
2024-08-28,Maize,Indore,1705
2024-08-29,Maize,Indore,1691
2024-08-30,Maize,Indore,1708
2024-08-31,Maize,Indore,1731
2024-09-01,Maize,Indore,1717
2024-09-02,Maize,Indore,1699
2024-09-03,Maize,Indore,1723
2024-09-04,Maize,Indore,1738
2024-09-05,Maize,Indore,1754
2024-09-06,Maize,Indore,1761
2024-09-07,Maize,Indore,1762
2024-09-08,Maize,Indore,1779
2024-09-09,Maize,Indore,1763
2024-09-10,Maize,Indore,1776
2024-09-11,Maize,Indore,1800
2024-09-12,Maize,Indore,1817
2024-09-13,Maize,Indore,1828
2024-09-14,Maize,Indore,1838
2024-09-15,Maize,Indore,1853
2024-09-16,Maize,Indore,1861
2024-09-17,Maize,Indore,1872
2024-09-18,Maize,Indore,1861
2024-09-19,Maize,Indore,1867
2024-09-20,Maize,Indore,1883
2024-09-21,Maize,Indore,1899
2024-09-22,Maize,Indore,1882
2024-09-23,Maize,Indore,1893
2024-09-24,Maize,Indore,1903
2024-09-25,Maize,Indore,1917
2024-09-26,Maize,Indore,1903
2024-09-27,Maize,Indore,1903
2024-09-28,Maize,Indore,1914
2024-09-29,Maize,Indore,1894
2024-09-30,Maize,Indore,1878
2024-10-01,Maize,Indore,1882
2024-10-02,Maize,Indore,1866
2024-10-03,Maize,Indore,1868
2024-10-04,Maize,Indore,1866
2024-10-05,Maize,Indore,1881
2024-10-06,Maize,Indore,1897
2024-10-07,Maize,Indore,1884
2024-10-08,Maize,Indore,1903
2024-10-09,Maize,Indore,1898
2024-10-10,Maize,Indore,1914
2024-10-11,Maize,Indore,1923
2024-10-12,Maize,Indore,1931
2024-10-13,Maize,Indore,1928
2024-10-14,Maize,Indore,1922
2024-10-15,Maize,Indore,1935
2024-10-16,Maize,Indore,1943
2024-10-17,Maize,Indore,1935
2024-10-18,Maize,Indore,1935
2024-10-19,Maize,Indore,1923
2024-10-20,Maize,Indore,1926
2024-10-21,Maize,Indore,1919
2024-10-22,Maize,Indore,1909
2024-10-23,Maize,Indore,1925
2024-10-24,Maize,Indore,1926
2024-10-25,Maize,Indore,1924
2024-10-26,Maize,Indore,1909
2024-10-27,Maize,Indore,1917
2024-10-28,Maize,Indore,1921
2024-10-29,Maize,Indore,1926
2024-10-30,Maize,Indore,1920
2024-10-31,Maize,Indore,1908
2024-11-01,Maize,Indore,1932
2024-11-02,Maize,Indore,1938
2024-11-03,Maize,Indore,1957
2024-11-04,Maize,Indore,1966
2024-11-05,Maize,Indore,1981
2024-11-06,Maize,Indore,1998
2024-11-07,Maize,Indore,2003
2024-11-08,Maize,Indore,2018
2024-11-09,Maize,Indore,2034
2024-11-10,Maize,Indore,2028
2024-11-11,Maize,Indore,2023
2024-11-12,Maize,Indore,2029
2024-11-13,Maize,Indore,2035
2024-11-14,Maize,Indore,2037
2024-11-15,Maize,Indore,2059
2024-11-16,Maize,Indore,2058
2024-11-17,Maize,Indore,2047
2024-11-18,Maize,Indore,2048
2024-11-19,Maize,Indore,2065
2024-11-20,Maize,Indore,2070
2024-11-21,Maize,Indore,2057
2024-11-22,Maize,Indore,2051
2024-11-23,Maize,Indore,2060
2024-11-24,Maize,Indore,2073
2024-11-25,Maize,Indore,2079
2024-11-26,Maize,Indore,2061
2024-11-27,Maize,Indore,2064
2024-11-28,Maize,Indore,2076
2024-11-29,Maize,Indore,2059
2024-11-30,Maize,Indore,2060
2024-12-01,Maize,Indore,2067
2024-12-02,Maize,Indore,2058
2024-12-03,Maize,Indore,2038
2024-12-04,Maize,Indore,2051
2024-12-05,Maize,Indore,2039
2024-12-06,Maize,Indore,2039
2024-12-07,Maize,Indore,2023
2024-12-08,Maize,Indore,2009
2024-12-09,Maize,Indore,2032
2024-12-10,Maize,Indore,2046
2024-12-11,Maize,Indore,2034
2024-12-12,Maize,Indore,2049
2024-12-13,Maize,Indore,2034
2024-12-14,Maize,Indore,2017
2024-12-15,Maize,Indore,2021
2024-12-16,Maize,Indore,2026
2024-12-17,Maize,Indore,2044
2024-12-18,Maize,Indore,2053
2024-12-19,Maize,Indore,2051
2024-12-20,Maize,Indore,2041
2024-12-21,Maize,Indore,2035
2024-12-22,Maize,Indore,2031
2024-12-23,Maize,Indore,2053
2024-12-24,Maize,Indore,2045
2024-12-25,Maize,Indore,2060
2024-12-26,Maize,Indore,2071
2024-12-27,Maize,Indore,2063
2024-12-28,Maize,Indore,2071
2024-12-29,Maize,Indore,2065
2024-12-30,Maize,Indore,2059
2024-12-31,Maize,Indore,2072
2025-01-01,Maize,Indore,2071
2025-01-02,Maize,Indore,2094
2025-01-03,Maize,Indore,2085
2025-01-04,Maize,Indore,2078
2025-01-05,Maize,Indore,2074
2025-01-06,Maize,Indore,2074
2025-01-07,Maize,Indore,2090
2025-01-08,Maize,Indore,2114
2025-01-09,Maize,Indore,2112
2025-01-10,Maize,Indore,2102
2025-01-11,Maize,Indore,2091
2025-01-12,Maize,Indore,2080
2025-01-13,Maize,Indore,2101
2025-01-14,Maize,Indore,2124
2025-01-15,Maize,Indore,2127
2025-01-16,Maize,Indore,2137
2025-01-17,Maize,Indore,2127
2025-01-18,Maize,Indore,2143
2025-01-19,Maize,Indore,2155
2025-01-20,Maize,Indore,2144
2025-01-21,Maize,Indore,2138
2025-01-22,Maize,Indore,2155
2025-01-23,Maize,Indore,2162
2025-01-24,Maize,Indore,2183
2025-01-25,Maize,Indore,2184
2025-01-26,Maize,Indore,2195
2025-01-27,Maize,Indore,2218
2025-01-28,Maize,Indore,2208
2025-01-29,Maize,Indore,2209
2025-01-30,Maize,Indore,2195
2025-01-31,Maize,Indore,2219
2025-02-01,Maize,Indore,2222
2025-02-02,Maize,Indore,2230
2025-02-03,Maize,Indore,2234
2025-02-04,Maize,Indore,2220
2025-02-05,Maize,Indore,2228
2025-02-06,Maize,Indore,2208
2025-02-07,Maize,Indore,2226
2025-02-08,Maize,Indore,2249
2025-02-09,Maize,Indore,2237
2025-02-10,Maize,Indore,2223
2025-02-11,Maize,Indore,2230
2025-02-12,Maize,Indore,2210
2025-02-13,Maize,Indore,2222
2025-02-14,Maize,Indore,2236
2025-02-15,Maize,Indore,2247
2025-02-16,Maize,Indore,2241
2025-02-17,Maize,Indore,2231
2025-02-18,Maize,Indore,2214
2025-02-19,Maize,Indore,2205
2025-02-20,Maize,Indore,2216
2025-02-21,Maize,Indore,2199
2025-02-22,Maize,Indore,2191
2025-02-23,Maize,Indore,2200
2025-02-24,Maize,Indore,2208
2025-02-25,Maize,Indore,2222
2025-02-26,Maize,Indore,2235
2025-02-27,Maize,Indore,2215
2025-02-28,Maize,Indore,2226
2025-03-01,Maize,Indore,2230
2025-03-02,Maize,Indore,2237
2025-03-03,Maize,Indore,2246
2025-03-04,Maize,Indore,2254
2025-03-05,Maize,Indore,2243
2025-03-06,Maize,Indore,2241
2025-03-07,Maize,Indore,2231
2025-03-08,Maize,Indore,2232
2025-03-09,Maize,Indore,2217
2025-03-10,Maize,Indore,2197
2025-03-11,Maize,Indore,2194
2025-03-12,Maize,Indore,2216
2025-03-13,Maize,Indore,2203
2025-03-14,Maize,Indore,2226
2025-03-15,Maize,Indore,2239
2025-03-16,Maize,Indore,2236
2025-03-17,Maize,Indore,2237
2025-03-18,Maize,Indore,2226
2025-03-19,Maize,Indore,2214
2025-03-20,Maize,Indore,2239
2025-03-21,Maize,Indore,2251
2025-03-22,Maize,Indore,2253
2025-03-23,Maize,Indore,2278
2025-03-24,Maize,Indore,2261
2025-03-25,Maize,Indore,2246
2025-03-26,Maize,Indore,2271
2025-03-27,Maize,Indore,2269
2025-03-28,Maize,Indore,2282
2025-03-29,Maize,Indore,2302
2025-03-30,Maize,Indore,2291
2025-03-31,Maize,Indore,2278
2025-04-01,Maize,Indore,2274
2025-04-02,Maize,Indore,2268
2025-04-03,Maize,Indore,2251
2025-04-04,Maize,Indore,2242
2025-04-05,Maize,Indore,2248
2025-04-06,Maize,Indore,2271
2025-04-07,Maize,Indore,2287
2025-04-08,Maize,Indore,2301
2025-04-09,Maize,Indore,2324
2025-04-10,Maize,Indore,2304
2025-04-11,Maize,Indore,2310
2025-04-12,Maize,Indore,2291
2025-04-13,Maize,Indore,2291
2025-04-14,Maize,Indore,2294
2025-04-15,Maize,Indore,2294
2025-04-16,Maize,Indore,2283
2025-04-17,Maize,Indore,2295
2025-04-18,Maize,Indore,2289
2025-04-19,Maize,Indore,2287
2025-04-20,Maize,Indore,2285
2025-04-21,Maize,Indore,2290
2025-04-22,Maize,Indore,2296
2025-04-23,Maize,Indore,2321
2025-04-24,Maize,Indore,2315
2025-04-25,Maize,Indore,2328
2025-04-26,Maize,Indore,2328
2025-04-27,Maize,Indore,2308
2025-04-28,Maize,Indore,2313
2025-04-29,Maize,Indore,2303
2025-04-30,Maize,Indore,2286
2025-05-01,Maize,Indore,2270
2025-05-02,Maize,Indore,2251
2025-05-03,Maize,Indore,2268
2025-05-04,Maize,Indore,2283
2025-05-05,Maize,Indore,2308
2025-05-06,Maize,Indore,2324
2025-05-07,Maize,Indore,2331
2025-05-08,Maize,Indore,2317
2025-05-09,Maize,Indore,2311
2025-05-10,Maize,Indore,2298
2025-05-11,Maize,Indore,2295
2025-05-12,Maize,Indore,2313
2025-05-13,Maize,Indore,2315
2025-05-14,Maize,Indore,2332
2025-05-15,Maize,Indore,2337
2025-05-16,Maize,Indore,2360
2025-05-17,Maize,Indore,2383
2025-05-18,Maize,Indore,2405
2025-05-19,Maize,Indore,2422
2025-05-20,Maize,Indore,2445
2025-05-21,Maize,Indore,2460
2025-05-22,Maize,Indore,2461
2025-05-23,Maize,Indore,2444
2025-05-24,Maize,Indore,2451
2025-05-25,Maize,Indore,2453
2025-05-26,Maize,Indore,2473
2025-05-27,Maize,Indore,2488
2025-05-28,Maize,Indore,2497
2025-05-29,Maize,Indore,2487
2025-05-30,Maize,Indore,2495
2025-05-31,Maize,Indore,2491
2025-06-01,Maize,Indore,2483
2025-06-02,Maize,Indore,2495
2025-06-03,Maize,Indore,2495
2025-06-04,Maize,Indore,2489
2025-06-05,Maize,Indore,2475
2025-06-06,Maize,Indore,2497
2025-06-07,Maize,Indore,2507
2025-06-08,Maize,Indore,2503
2025-06-09,Maize,Indore,2494
2025-06-10,Maize,Indore,2494
2025-06-11,Maize,Indore,2499
2025-06-12,Maize,Indore,2497
2025-06-13,Maize,Indore,2496
2025-06-14,Maize,Indore,2497
2025-06-15,Maize,Indore,2506
2025-06-16,Maize,Indore,2492
2025-06-17,Maize,Indore,2513
2025-06-18,Maize,Indore,2518
2025-06-19,Maize,Indore,2527
2025-06-20,Maize,Indore,2524
2025-06-21,Maize,Indore,2546
2025-06-22,Maize,Indore,2566
2025-06-23,Maize,Indore,2566
2025-06-24,Maize,Indore,2559
2025-06-25,Maize,Indore,2565
2025-06-26,Maize,Indore,2588
2025-06-27,Maize,Indore,2568
2025-06-28,Maize,Indore,2589
2025-06-29,Maize,Indore,2573
2025-06-30,Maize,Indore,2564
2025-07-01,Maize,Indore,2578
2025-07-02,Maize,Indore,2582
2025-07-03,Maize,Indore,2564
2025-07-04,Maize,Indore,2578
2025-07-05,Maize,Indore,2567
2025-07-06,Maize,Indore,2565
2025-07-07,Maize,Indore,2589
2025-07-08,Maize,Indore,2589
2025-07-09,Maize,Indore,2602
2025-07-10,Maize,Indore,2582
2025-07-11,Maize,Indore,2592
2025-07-12,Maize,Indore,2597
2025-07-13,Maize,Indore,2590
2025-07-14,Maize,Indore,2580
2025-07-15,Maize,Indore,2604
2025-07-16,Maize,Indore,2601
2025-07-17,Maize,Indore,2620
2025-07-18,Maize,Indore,2608
2025-07-19,Maize,Indore,2601
2025-07-20,Maize,Indore,2591
2025-07-21,Maize,Indore,2611
2025-07-22,Maize,Indore,2613
2025-07-23,Maize,Indore,2615
2025-07-24,Maize,Indore,2615
2025-07-25,Maize,Indore,2626
2025-07-26,Maize,Indore,2610
2025-07-27,Maize,Indore,2634
2025-07-28,Maize,Indore,2647
2025-07-29,Maize,Indore,2628
2025-07-30,Maize,Indore,2627
2025-07-31,Maize,Indore,2616
2025-08-01,Maize,Indore,2633
2025-08-02,Maize,Indore,2628
2025-08-03,Maize,Indore,2650
2025-08-04,Maize,Indore,2630
2025-08-05,Maize,Indore,2626
2025-08-06,Maize,Indore,2632
2025-08-07,Maize,Indore,2632
2025-08-08,Maize,Indore,2649
2025-08-09,Maize,Indore,2671
2025-08-10,Maize,Indore,2676
2025-08-11,Maize,Indore,2689
2025-08-12,Maize,Indore,2696
2025-08-13,Maize,Indore,2707
2025-08-14,Maize,Indore,2692
2025-08-15,Maize,Indore,2688
2025-08-16,Maize,Indore,2681
2025-08-17,Maize,Indore,2670
2025-08-18,Maize,Indore,2690
2025-08-19,Maize,Indore,2688
2025-08-20,Maize,Indore,2689
2025-08-21,Maize,Indore,2706
2025-08-22,Maize,Indore,2703
2025-08-23,Maize,Indore,2716
2025-08-24,Maize,Indore,2734
2025-08-25,Maize,Indore,2721
2025-08-26,Maize,Indore,2707
2025-08-27,Maize,Indore,2694
2025-08-28,Maize,Indore,2692
2025-08-29,Maize,Indore,2690
2025-08-30,Maize,Indore,2674
2025-08-31,Maize,Indore,2657
2025-09-01,Maize,Indore,2661
2025-09-02,Maize,Indore,2641
2025-09-03,Maize,Indore,2643
2025-09-04,Maize,Indore,2631
2025-09-05,Maize,Indore,2650
2025-09-06,Maize,Indore,2632
2025-09-07,Maize,Indore,2636
2025-09-08,Maize,Indore,2626
2025-09-09,Maize,Indore,2625
2025-09-10,Maize,Indore,2622
2025-09-11,Maize,Indore,2633
2025-09-12,Maize,Indore,2658
2025-09-13,Maize,Indore,2655
2025-09-14,Maize,Indore,2677
2025-09-15,Maize,Indore,2662
2025-09-16,Maize,Indore,2658
2025-09-17,Maize,Indore,2673
2025-09-18,Maize,Indore,2694
2025-09-19,Maize,Indore,2674
2025-09-20,Maize,Indore,2656
2025-09-21,Maize,Indore,2679
2025-09-22,Maize,Indore,2662
2025-09-23,Maize,Indore,2652
2025-09-24,Maize,Indore,2674
2025-09-25,Maize,Indore,2658
2025-09-26,Maize,Indore,2652
2025-09-27,Maize,Indore,2643
2025-09-28,Maize,Indore,2641
2025-09-29,Maize,Indore,2623
2025-09-30,Maize,Indore,2622
2025-10-01,Maize,Indore,2646
2025-10-02,Maize,Indore,2631
2025-10-03,Maize,Indore,2621
2025-10-04,Maize,Indore,2609
2025-10-05,Maize,Indore,2603
2025-10-06,Maize,Indore,2608
2025-10-07,Maize,Indore,2631
2025-10-08,Maize,Indore,2654
2025-10-09,Maize,Indore,2645
2025-10-10,Maize,Indore,2658
2025-10-11,Maize,Indore,2680
2025-10-12,Maize,Indore,2662
2025-10-13,Maize,Indore,2648
2025-10-14,Maize,Indore,2669
2025-10-15,Maize,Indore,2649
2025-10-16,Maize,Indore,2648
2025-10-17,Maize,Indore,2658
2025-10-18,Maize,Indore,2656
2025-10-19,Maize,Indore,2643
2025-10-20,Maize,Indore,2637
2025-10-21,Maize,Indore,2643
2025-10-22,Maize,Indore,2625
2025-10-23,Maize,Indore,2622
2025-10-24,Maize,Indore,2640
2025-10-25,Maize,Indore,2654
2025-10-26,Maize,Indore,2667
2025-10-27,Maize,Indore,2670
2025-10-28,Maize,Indore,2679
2025-10-29,Maize,Indore,2682
2025-10-30,Maize,Indore,2669
2025-10-31,Maize,Indore,2663
2025-11-01,Maize,Indore,2662
2025-11-02,Maize,Indore,2658
2025-11-03,Maize,Indore,2660
2025-11-04,Maize,Indore,2681
2025-11-05,Maize,Indore,2677
2025-11-06,Maize,Indore,2682
2025-11-07,Maize,Indore,2695
2025-11-08,Maize,Indore,2697
2025-11-09,Maize,Indore,2717
2025-11-10,Maize,Indore,2735
2025-11-11,Maize,Indore,2745
2025-11-12,Maize,Indore,2746
2025-11-13,Maize,Indore,2729
2025-11-14,Maize,Indore,2713
2025-11-15,Maize,Indore,2707
2025-11-16,Maize,Indore,2711
2025-11-17,Maize,Indore,2709
2025-11-18,Maize,Indore,2690
2025-11-19,Maize,Indore,2697
2025-11-20,Maize,Indore,2717
2025-11-21,Maize,Indore,2724
2025-11-22,Maize,Indore,2743
2025-11-23,Maize,Indore,2767
2025-11-24,Maize,Indore,2780
2025-11-25,Maize,Indore,2761
2025-11-26,Maize,Indore,2749
2025-11-27,Maize,Indore,2759
2025-11-28,Maize,Indore,2740
2025-11-29,Maize,Indore,2751
2025-11-30,Maize,Indore,2765
2025-12-01,Maize,Indore,2768
2025-12-02,Maize,Indore,2781
2025-12-03,Maize,Indore,2783
2025-12-04,Maize,Indore,2786
2025-12-05,Maize,Indore,2778
2025-12-06,Maize,Indore,2766
2025-12-07,Maize,Indore,2775
2025-12-08,Maize,Indore,2787
2025-12-09,Maize,Indore,2774
2025-12-10,Maize,Indore,2759
2025-12-11,Maize,Indore,2776
2025-12-12,Maize,Indore,2769
2025-12-13,Maize,Indore,2769
2025-12-14,Maize,Indore,2757
2025-12-15,Maize,Indore,2737
2025-12-16,Maize,Indore,2727
2025-12-17,Maize,Indore,2717
2025-12-18,Maize,Indore,2731
2025-12-19,Maize,Indore,2747
2025-12-20,Maize,Indore,2731
2025-12-21,Maize,Indore,2725
2025-12-22,Maize,Indore,2709
2025-12-23,Maize,Indore,2696
2025-12-24,Maize,Indore,2701
2025-12-25,Maize,Indore,2686
2025-12-26,Maize,Indore,2687
2025-12-27,Maize,Indore,2681
2025-12-28,Maize,Indore,2669
2025-12-29,Maize,Indore,2682
2025-12-30,Maize,Indore,2693
2025-12-31,Maize,Indore,2686
2024-01-01,Maize,Jaipur,1443
2024-01-02,Maize,Jaipur,1445
2024-01-03,Maize,Jaipur,1467
2024-01-04,Maize,Jaipur,1455
2024-01-05,Maize,Jaipur,1439
2024-01-06,Maize,Jaipur,1454
2024-01-07,Maize,Jaipur,1440
2024-01-08,Maize,Jaipur,1428
2024-01-09,Maize,Jaipur,1411
2024-01-10,Maize,Jaipur,1407
2024-01-11,Maize,Jaipur,1396
2024-01-12,Maize,Jaipur,1411
2024-01-13,Maize,Jaipur,1410
2024-01-14,Maize,Jaipur,1411
2024-01-15,Maize,Jaipur,1404
2024-01-16,Maize,Jaipur,1423
2024-01-17,Maize,Jaipur,1442
2024-01-18,Maize,Jaipur,1457
2024-01-19,Maize,Jaipur,1475
2024-01-20,Maize,Jaipur,1456
2024-01-21,Maize,Jaipur,1439
2024-01-22,Maize,Jaipur,1444
2024-01-23,Maize,Jaipur,1462
2024-01-24,Maize,Jaipur,1465
2024-01-25,Maize,Jaipur,1463
2024-01-26,Maize,Jaipur,1458
2024-01-27,Maize,Jaipur,1482
2024-01-28,Maize,Jaipur,1497
2024-01-29,Maize,Jaipur,1496
2024-01-30,Maize,Jaipur,1507
2024-01-31,Maize,Jaipur,1490
2024-02-01,Maize,Jaipur,1514
2024-02-02,Maize,Jaipur,1494
2024-02-03,Maize,Jaipur,1482
2024-02-04,Maize,Jaipur,1468
2024-02-05,Maize,Jaipur,1487
2024-02-06,Maize,Jaipur,1487
2024-02-07,Maize,Jaipur,1471
2024-02-08,Maize,Jaipur,1491
2024-02-09,Maize,Jaipur,1475
2024-02-10,Maize,Jaipur,1481
2024-02-11,Maize,Jaipur,1489
2024-02-12,Maize,Jaipur,1495
2024-02-13,Maize,Jaipur,1482
2024-02-14,Maize,Jaipur,1483
2024-02-15,Maize,Jaipur,1493
2024-02-16,Maize,Jaipur,1474
2024-02-17,Maize,Jaipur,1461
2024-02-18,Maize,Jaipur,1467
2024-02-19,Maize,Jaipur,1481
2024-02-20,Maize,Jaipur,1468
2024-02-21,Maize,Jaipur,1450
2024-02-22,Maize,Jaipur,1472
2024-02-23,Maize,Jaipur,1479
2024-02-24,Maize,Jaipur,1469
2024-02-25,Maize,Jaipur,1458
2024-02-26,Maize,Jaipur,1459
2024-02-27,Maize,Jaipur,1439
2024-02-28,Maize,Jaipur,1453
2024-02-29,Maize,Jaipur,1440
2024-03-01,Maize,Jaipur,1445
2024-03-02,Maize,Jaipur,1468
2024-03-03,Maize,Jaipur,1459
2024-03-04,Maize,Jaipur,1446
2024-03-05,Maize,Jaipur,1462
2024-03-06,Maize,Jaipur,1485
2024-03-07,Maize,Jaipur,1483
2024-03-08,Maize,Jaipur,1506
2024-03-09,Maize,Jaipur,1531
2024-03-10,Maize,Jaipur,1512
2024-03-11,Maize,Jaipur,1504
2024-03-12,Maize,Jaipur,1523
2024-03-13,Maize,Jaipur,1519
2024-03-14,Maize,Jaipur,1542
2024-03-15,Maize,Jaipur,1535
2024-03-16,Maize,Jaipur,1527
2024-03-17,Maize,Jaipur,1540
2024-03-18,Maize,Jaipur,1547
2024-03-19,Maize,Jaipur,1561
2024-03-20,Maize,Jaipur,1581
2024-03-21,Maize,Jaipur,1600
2024-03-22,Maize,Jaipur,1584
2024-03-23,Maize,Jaipur,1606
2024-03-24,Maize,Jaipur,1628
2024-03-25,Maize,Jaipur,1620
2024-03-26,Maize,Jaipur,1639
2024-03-27,Maize,Jaipur,1643
2024-03-28,Maize,Jaipur,1640
2024-03-29,Maize,Jaipur,1643
2024-03-30,Maize,Jaipur,1668
2024-03-31,Maize,Jaipur,1672
2024-04-01,Maize,Jaipur,1689
2024-04-02,Maize,Jaipur,1673
2024-04-03,Maize,Jaipur,1675
2024-04-04,Maize,Jaipur,1686
2024-04-05,Maize,Jaipur,1704
2024-04-06,Maize,Jaipur,1705
2024-04-07,Maize,Jaipur,1728
2024-04-08,Maize,Jaipur,1747
2024-04-09,Maize,Jaipur,1754
2024-04-10,Maize,Jaipur,1743
2024-04-11,Maize,Jaipur,1762
2024-04-12,Maize,Jaipur,1755
2024-04-13,Maize,Jaipur,1767
2024-04-14,Maize,Jaipur,1749
2024-04-15,Maize,Jaipur,1734
2024-04-16,Maize,Jaipur,1738
2024-04-17,Maize,Jaipur,1720
2024-04-18,Maize,Jaipur,1721
2024-04-19,Maize,Jaipur,1723
2024-04-20,Maize,Jaipur,1708
2024-04-21,Maize,Jaipur,1707
2024-04-22,Maize,Jaipur,1701
2024-04-23,Maize,Jaipur,1691
2024-04-24,Maize,Jaipur,1674
2024-04-25,Maize,Jaipur,1667
2024-04-26,Maize,Jaipur,1679
2024-04-27,Maize,Jaipur,1694
2024-04-28,Maize,Jaipur,1689
2024-04-29,Maize,Jaipur,1692
2024-04-30,Maize,Jaipur,1676
2024-05-01,Maize,Jaipur,1690
2024-05-02,Maize,Jaipur,1678
2024-05-03,Maize,Jaipur,1673
2024-05-04,Maize,Jaipur,1669
2024-05-05,Maize,Jaipur,1657
2024-05-06,Maize,Jaipur,1668
2024-05-07,Maize,Jaipur,1651
2024-05-08,Maize,Jaipur,1643
2024-05-09,Maize,Jaipur,1649
2024-05-10,Maize,Jaipur,1636
2024-05-11,Maize,Jaipur,1657
2024-05-12,Maize,Jaipur,1669
2024-05-13,Maize,Jaipur,1675
2024-05-14,Maize,Jaipur,1664
2024-05-15,Maize,Jaipur,1687
2024-05-16,Maize,Jaipur,1697
2024-05-17,Maize,Jaipur,1684
2024-05-18,Maize,Jaipur,1704
2024-05-19,Maize,Jaipur,1718
2024-05-20,Maize,Jaipur,1712
2024-05-21,Maize,Jaipur,1700
2024-05-22,Maize,Jaipur,1712
2024-05-23,Maize,Jaipur,1696
2024-05-24,Maize,Jaipur,1713
2024-05-25,Maize,Jaipur,1718
2024-05-26,Maize,Jaipur,1717
2024-05-27,Maize,Jaipur,1722
2024-05-28,Maize,Jaipur,1725
2024-05-29,Maize,Jaipur,1736
2024-05-30,Maize,Jaipur,1735
2024-05-31,Maize,Jaipur,1755
2024-06-01,Maize,Jaipur,1767
2024-06-02,Maize,Jaipur,1776
2024-06-03,Maize,Jaipur,1774
2024-06-04,Maize,Jaipur,1754
2024-06-05,Maize,Jaipur,1738
2024-06-06,Maize,Jaipur,1741
2024-06-07,Maize,Jaipur,1725
2024-06-08,Maize,Jaipur,1737
2024-06-09,Maize,Jaipur,1762
2024-06-10,Maize,Jaipur,1760
2024-06-11,Maize,Jaipur,1783
2024-06-12,Maize,Jaipur,1804
2024-06-13,Maize,Jaipur,1791
2024-06-14,Maize,Jaipur,1795
2024-06-15,Maize,Jaipur,1802
2024-06-16,Maize,Jaipur,1804
2024-06-17,Maize,Jaipur,1819
2024-06-18,Maize,Jaipur,1843
2024-06-19,Maize,Jaipur,1824
2024-06-20,Maize,Jaipur,1848
2024-06-21,Maize,Jaipur,1849
2024-06-22,Maize,Jaipur,1831
2024-06-23,Maize,Jaipur,1843
2024-06-24,Maize,Jaipur,1863
2024-06-25,Maize,Jaipur,1869
2024-06-26,Maize,Jaipur,1861
2024-06-27,Maize,Jaipur,1849
2024-06-28,Maize,Jaipur,1848
2024-06-29,Maize,Jaipur,1852
2024-06-30,Maize,Jaipur,1877
2024-07-01,Maize,Jaipur,1878
2024-07-02,Maize,Jaipur,1896
2024-07-03,Maize,Jaipur,1920
2024-07-04,Maize,Jaipur,1913
2024-07-05,Maize,Jaipur,1927
2024-07-06,Maize,Jaipur,1938
2024-07-07,Maize,Jaipur,1933
2024-07-08,Maize,Jaipur,1920
2024-07-09,Maize,Jaipur,1937
2024-07-10,Maize,Jaipur,1920
2024-07-11,Maize,Jaipur,1918
2024-07-12,Maize,Jaipur,1905
2024-07-13,Maize,Jaipur,1911
2024-07-14,Maize,Jaipur,1908
2024-07-15,Maize,Jaipur,1894
2024-07-16,Maize,Jaipur,1901
2024-07-17,Maize,Jaipur,1898
2024-07-18,Maize,Jaipur,1921
2024-07-19,Maize,Jaipur,1916
2024-07-20,Maize,Jaipur,1908
2024-07-21,Maize,Jaipur,1903
2024-07-22,Maize,Jaipur,1906
2024-07-23,Maize,Jaipur,1924
2024-07-24,Maize,Jaipur,1935
2024-07-25,Maize,Jaipur,1957
2024-07-26,Maize,Jaipur,1960
2024-07-27,Maize,Jaipur,1955
2024-07-28,Maize,Jaipur,1957
2024-07-29,Maize,Jaipur,1953
2024-07-30,Maize,Jaipur,1943
2024-07-31,Maize,Jaipur,1936
2024-08-01,Maize,Jaipur,1952
2024-08-02,Maize,Jaipur,1933
2024-08-03,Maize,Jaipur,1943
2024-08-04,Maize,Jaipur,1953
2024-08-05,Maize,Jaipur,1974
2024-08-06,Maize,Jaipur,1995
2024-08-07,Maize,Jaipur,1992
2024-08-08,Maize,Jaipur,1986
2024-08-09,Maize,Jaipur,2011
2024-08-10,Maize,Jaipur,2008
2024-08-11,Maize,Jaipur,2024
2024-08-12,Maize,Jaipur,2046
2024-08-13,Maize,Jaipur,2059
2024-08-14,Maize,Jaipur,2044
2024-08-15,Maize,Jaipur,2025
2024-08-16,Maize,Jaipur,2050
2024-08-17,Maize,Jaipur,2073
2024-08-18,Maize,Jaipur,2055
2024-08-19,Maize,Jaipur,2047
2024-08-20,Maize,Jaipur,2039
2024-08-21,Maize,Jaipur,2045
2024-08-22,Maize,Jaipur,2056
2024-08-23,Maize,Jaipur,2037
2024-08-24,Maize,Jaipur,2062
2024-08-25,Maize,Jaipur,2074
2024-08-26,Maize,Jaipur,2076
2024-08-27,Maize,Jaipur,2076
2024-08-28,Maize,Jaipur,2089
2024-08-29,Maize,Jaipur,2080
2024-08-30,Maize,Jaipur,2092
2024-08-31,Maize,Jaipur,2096
2024-09-01,Maize,Jaipur,2107
2024-09-02,Maize,Jaipur,2108
2024-09-03,Maize,Jaipur,2110
2024-09-04,Maize,Jaipur,2116
2024-09-05,Maize,Jaipur,2109
2024-09-06,Maize,Jaipur,2114
2024-09-07,Maize,Jaipur,2117
2024-09-08,Maize,Jaipur,2105
2024-09-09,Maize,Jaipur,2090
2024-09-10,Maize,Jaipur,2070
2024-09-11,Maize,Jaipur,2077
2024-09-12,Maize,Jaipur,2102
2024-09-13,Maize,Jaipur,2087
2024-09-14,Maize,Jaipur,2074
2024-09-15,Maize,Jaipur,2080
2024-09-16,Maize,Jaipur,2084
2024-09-17,Maize,Jaipur,2096
2024-09-18,Maize,Jaipur,2088
2024-09-19,Maize,Jaipur,2071
2024-09-20,Maize,Jaipur,2073
2024-09-21,Maize,Jaipur,2061
2024-09-22,Maize,Jaipur,2081
2024-09-23,Maize,Jaipur,2069
2024-09-24,Maize,Jaipur,2085
2024-09-25,Maize,Jaipur,2106
2024-09-26,Maize,Jaipur,2104
2024-09-27,Maize,Jaipur,2090
2024-09-28,Maize,Jaipur,2111
2024-09-29,Maize,Jaipur,2133
2024-09-30,Maize,Jaipur,2157
2024-10-01,Maize,Jaipur,2148
2024-10-02,Maize,Jaipur,2135
2024-10-03,Maize,Jaipur,2160
2024-10-04,Maize,Jaipur,2182
2024-10-05,Maize,Jaipur,2195
2024-10-06,Maize,Jaipur,2207
2024-10-07,Maize,Jaipur,2219
2024-10-08,Maize,Jaipur,2228
2024-10-09,Maize,Jaipur,2221
2024-10-10,Maize,Jaipur,2246
2024-10-11,Maize,Jaipur,2227
2024-10-12,Maize,Jaipur,2232
2024-10-13,Maize,Jaipur,2230
2024-10-14,Maize,Jaipur,2211
2024-10-15,Maize,Jaipur,2195
2024-10-16,Maize,Jaipur,2197
2024-10-17,Maize,Jaipur,2221
2024-10-18,Maize,Jaipur,2219
2024-10-19,Maize,Jaipur,2203
2024-10-20,Maize,Jaipur,2208
2024-10-21,Maize,Jaipur,2233
2024-10-22,Maize,Jaipur,2228
2024-10-23,Maize,Jaipur,2227
2024-10-24,Maize,Jaipur,2209
2024-10-25,Maize,Jaipur,2233
2024-10-26,Maize,Jaipur,2219
2024-10-27,Maize,Jaipur,2216
2024-10-28,Maize,Jaipur,2210
2024-10-29,Maize,Jaipur,2222
2024-10-30,Maize,Jaipur,2234
2024-10-31,Maize,Jaipur,2251
2024-11-01,Maize,Jaipur,2272
2024-11-02,Maize,Jaipur,2294
2024-11-03,Maize,Jaipur,2279
2024-11-04,Maize,Jaipur,2285
2024-11-05,Maize,Jaipur,2278
2024-11-06,Maize,Jaipur,2276
2024-11-07,Maize,Jaipur,2295
2024-11-08,Maize,Jaipur,2308
2024-11-09,Maize,Jaipur,2331
2024-11-10,Maize,Jaipur,2328
2024-11-11,Maize,Jaipur,2322
2024-11-12,Maize,Jaipur,2338
2024-11-13,Maize,Jaipur,2349
2024-11-14,Maize,Jaipur,2357
2024-11-15,Maize,Jaipur,2366
2024-11-16,Maize,Jaipur,2350
2024-11-17,Maize,Jaipur,2347
2024-11-18,Maize,Jaipur,2370
2024-11-19,Maize,Jaipur,2392
2024-11-20,Maize,Jaipur,2394
2024-11-21,Maize,Jaipur,2416
2024-11-22,Maize,Jaipur,2434
2024-11-23,Maize,Jaipur,2432
2024-11-24,Maize,Jaipur,2423
2024-11-25,Maize,Jaipur,2410
2024-11-26,Maize,Jaipur,2407
2024-11-27,Maize,Jaipur,2415
2024-11-28,Maize,Jaipur,2431
2024-11-29,Maize,Jaipur,2441
2024-11-30,Maize,Jaipur,2430
2024-12-01,Maize,Jaipur,2433
2024-12-02,Maize,Jaipur,2453
2024-12-03,Maize,Jaipur,2467
2024-12-04,Maize,Jaipur,2448
2024-12-05,Maize,Jaipur,2443
2024-12-06,Maize,Jaipur,2461
2024-12-07,Maize,Jaipur,2486
2024-12-08,Maize,Jaipur,2479
2024-12-09,Maize,Jaipur,2474
2024-12-10,Maize,Jaipur,2474
2024-12-11,Maize,Jaipur,2485
2024-12-12,Maize,Jaipur,2482
2024-12-13,Maize,Jaipur,2492
2024-12-14,Maize,Jaipur,2509
2024-12-15,Maize,Jaipur,2522
2024-12-16,Maize,Jaipur,2511
2024-12-17,Maize,Jaipur,2534
2024-12-18,Maize,Jaipur,2523
2024-12-19,Maize,Jaipur,2522
2024-12-20,Maize,Jaipur,2529
2024-12-21,Maize,Jaipur,2527
2024-12-22,Maize,Jaipur,2552
2024-12-23,Maize,Jaipur,2564
2024-12-24,Maize,Jaipur,2557
2024-12-25,Maize,Jaipur,2547
2024-12-26,Maize,Jaipur,2529
2024-12-27,Maize,Jaipur,2511
2024-12-28,Maize,Jaipur,2503
2024-12-29,Maize,Jaipur,2493
2024-12-30,Maize,Jaipur,2501
2024-12-31,Maize,Jaipur,2499
2025-01-01,Maize,Jaipur,2493
2025-01-02,Maize,Jaipur,2484
2025-01-03,Maize,Jaipur,2482
2025-01-04,Maize,Jaipur,2476
2025-01-05,Maize,Jaipur,2487
2025-01-06,Maize,Jaipur,2508
2025-01-07,Maize,Jaipur,2489
2025-01-08,Maize,Jaipur,2498
2025-01-09,Maize,Jaipur,2491
2025-01-10,Maize,Jaipur,2485
2025-01-11,Maize,Jaipur,2504
2025-01-12,Maize,Jaipur,2508
2025-01-13,Maize,Jaipur,2491
2025-01-14,Maize,Jaipur,2481
2025-01-15,Maize,Jaipur,2495
2025-01-16,Maize,Jaipur,2496
2025-01-17,Maize,Jaipur,2486
2025-01-18,Maize,Jaipur,2508
2025-01-19,Maize,Jaipur,2523
2025-01-20,Maize,Jaipur,2537
2025-01-21,Maize,Jaipur,2543
2025-01-22,Maize,Jaipur,2525
2025-01-23,Maize,Jaipur,2508
2025-01-24,Maize,Jaipur,2531
2025-01-25,Maize,Jaipur,2534
2025-01-26,Maize,Jaipur,2527
2025-01-27,Maize,Jaipur,2524
2025-01-28,Maize,Jaipur,2521
2025-01-29,Maize,Jaipur,2526
2025-01-30,Maize,Jaipur,2543
2025-01-31,Maize,Jaipur,2565
2025-02-01,Maize,Jaipur,2553
2025-02-02,Maize,Jaipur,2565
2025-02-03,Maize,Jaipur,2548
2025-02-04,Maize,Jaipur,2565
2025-02-05,Maize,Jaipur,2579
2025-02-06,Maize,Jaipur,2574
2025-02-07,Maize,Jaipur,2570
2025-02-08,Maize,Jaipur,2589
2025-02-09,Maize,Jaipur,2577
2025-02-10,Maize,Jaipur,2600
2025-02-11,Maize,Jaipur,2595
2025-02-12,Maize,Jaipur,2616
2025-02-13,Maize,Jaipur,2617
2025-02-14,Maize,Jaipur,2621
2025-02-15,Maize,Jaipur,2612
2025-02-16,Maize,Jaipur,2602
2025-02-17,Maize,Jaipur,2582
2025-02-18,Maize,Jaipur,2599
2025-02-19,Maize,Jaipur,2603
2025-02-20,Maize,Jaipur,2620
2025-02-21,Maize,Jaipur,2626
2025-02-22,Maize,Jaipur,2611
2025-02-23,Maize,Jaipur,2612
2025-02-24,Maize,Jaipur,2620
2025-02-25,Maize,Jaipur,2621
2025-02-26,Maize,Jaipur,2640
2025-02-27,Maize,Jaipur,2624
2025-02-28,Maize,Jaipur,2634
2025-03-01,Maize,Jaipur,2643
2025-03-02,Maize,Jaipur,2644
2025-03-03,Maize,Jaipur,2653
2025-03-04,Maize,Jaipur,2647
2025-03-05,Maize,Jaipur,2672
2025-03-06,Maize,Jaipur,2683
2025-03-07,Maize,Jaipur,2665
2025-03-08,Maize,Jaipur,2656
2025-03-09,Maize,Jaipur,2640
2025-03-10,Maize,Jaipur,2644
2025-03-11,Maize,Jaipur,2646
2025-03-12,Maize,Jaipur,2639
2025-03-13,Maize,Jaipur,2637
2025-03-14,Maize,Jaipur,2659
2025-03-15,Maize,Jaipur,2684
2025-03-16,Maize,Jaipur,2674
2025-03-17,Maize,Jaipur,2675
2025-03-18,Maize,Jaipur,2672
2025-03-19,Maize,Jaipur,2655
2025-03-20,Maize,Jaipur,2676
2025-03-21,Maize,Jaipur,2675
2025-03-22,Maize,Jaipur,2664
2025-03-23,Maize,Jaipur,2651
2025-03-24,Maize,Jaipur,2647
2025-03-25,Maize,Jaipur,2659
2025-03-26,Maize,Jaipur,2644
2025-03-27,Maize,Jaipur,2658
2025-03-28,Maize,Jaipur,2683
2025-03-29,Maize,Jaipur,2687
2025-03-30,Maize,Jaipur,2689
2025-03-31,Maize,Jaipur,2699
2025-04-01,Maize,Jaipur,2693
2025-04-02,Maize,Jaipur,2691
2025-04-03,Maize,Jaipur,2704
2025-04-04,Maize,Jaipur,2725
2025-04-05,Maize,Jaipur,2749
2025-04-06,Maize,Jaipur,2750
2025-04-07,Maize,Jaipur,2756
2025-04-08,Maize,Jaipur,2741
2025-04-09,Maize,Jaipur,2735
2025-04-10,Maize,Jaipur,2742
2025-04-11,Maize,Jaipur,2764
2025-04-12,Maize,Jaipur,2767
2025-04-13,Maize,Jaipur,2775
2025-04-14,Maize,Jaipur,2756
2025-04-15,Maize,Jaipur,2759
2025-04-16,Maize,Jaipur,2782
2025-04-17,Maize,Jaipur,2778
2025-04-18,Maize,Jaipur,2765
2025-04-19,Maize,Jaipur,2785
2025-04-20,Maize,Jaipur,2775
2025-04-21,Maize,Jaipur,2791
2025-04-22,Maize,Jaipur,2790
2025-04-23,Maize,Jaipur,2791
2025-04-24,Maize,Jaipur,2796
2025-04-25,Maize,Jaipur,2810
2025-04-26,Maize,Jaipur,2824
2025-04-27,Maize,Jaipur,2835
2025-04-28,Maize,Jaipur,2847
2025-04-29,Maize,Jaipur,2869
2025-04-30,Maize,Jaipur,2875
2025-05-01,Maize,Jaipur,2899
2025-05-02,Maize,Jaipur,2924
2025-05-03,Maize,Jaipur,2913
2025-05-04,Maize,Jaipur,2909
2025-05-05,Maize,Jaipur,2903
2025-05-06,Maize,Jaipur,2901
2025-05-07,Maize,Jaipur,2921
2025-05-08,Maize,Jaipur,2930
2025-05-09,Maize,Jaipur,2935
2025-05-10,Maize,Jaipur,2919
2025-05-11,Maize,Jaipur,2924
2025-05-12,Maize,Jaipur,2934
2025-05-13,Maize,Jaipur,2926
2025-05-14,Maize,Jaipur,2915
2025-05-15,Maize,Jaipur,2896
2025-05-16,Maize,Jaipur,2890
2025-05-17,Maize,Jaipur,2898
2025-05-18,Maize,Jaipur,2890
2025-05-19,Maize,Jaipur,2877
2025-05-20,Maize,Jaipur,2879
2025-05-21,Maize,Jaipur,2899
2025-05-22,Maize,Jaipur,2892
2025-05-23,Maize,Jaipur,2879
2025-05-24,Maize,Jaipur,2864
2025-05-25,Maize,Jaipur,2860
2025-05-26,Maize,Jaipur,2884
2025-05-27,Maize,Jaipur,2876
2025-05-28,Maize,Jaipur,2880
2025-05-29,Maize,Jaipur,2865
2025-05-30,Maize,Jaipur,2869
2025-05-31,Maize,Jaipur,2866
2025-06-01,Maize,Jaipur,2870
2025-06-02,Maize,Jaipur,2886
2025-06-03,Maize,Jaipur,2905
2025-06-04,Maize,Jaipur,2902
2025-06-05,Maize,Jaipur,2905
2025-06-06,Maize,Jaipur,2898
2025-06-07,Maize,Jaipur,2909
2025-06-08,Maize,Jaipur,2892
2025-06-09,Maize,Jaipur,2874
2025-06-10,Maize,Jaipur,2857
2025-06-11,Maize,Jaipur,2874
2025-06-12,Maize,Jaipur,2854
2025-06-13,Maize,Jaipur,2841
2025-06-14,Maize,Jaipur,2855
2025-06-15,Maize,Jaipur,2865
2025-06-16,Maize,Jaipur,2851
2025-06-17,Maize,Jaipur,2840
2025-06-18,Maize,Jaipur,2848
2025-06-19,Maize,Jaipur,2854
2025-06-20,Maize,Jaipur,2874
2025-06-21,Maize,Jaipur,2880
2025-06-22,Maize,Jaipur,2868
2025-06-23,Maize,Jaipur,2884
2025-06-24,Maize,Jaipur,2891
2025-06-25,Maize,Jaipur,2886
2025-06-26,Maize,Jaipur,2883
2025-06-27,Maize,Jaipur,2886
2025-06-28,Maize,Jaipur,2880
2025-06-29,Maize,Jaipur,2860
2025-06-30,Maize,Jaipur,2868
2025-07-01,Maize,Jaipur,2865
2025-07-02,Maize,Jaipur,2848
2025-07-03,Maize,Jaipur,2868
2025-07-04,Maize,Jaipur,2864
2025-07-05,Maize,Jaipur,2852
2025-07-06,Maize,Jaipur,2857
2025-07-07,Maize,Jaipur,2878
2025-07-08,Maize,Jaipur,2876
2025-07-09,Maize,Jaipur,2890
2025-07-10,Maize,Jaipur,2881
2025-07-11,Maize,Jaipur,2863
2025-07-12,Maize,Jaipur,2873
2025-07-13,Maize,Jaipur,2878
2025-07-14,Maize,Jaipur,2876
2025-07-15,Maize,Jaipur,2872
2025-07-16,Maize,Jaipur,2865
2025-07-17,Maize,Jaipur,2871
2025-07-18,Maize,Jaipur,2881
2025-07-19,Maize,Jaipur,2864
2025-07-20,Maize,Jaipur,2874
2025-07-21,Maize,Jaipur,2876
2025-07-22,Maize,Jaipur,2881
2025-07-23,Maize,Jaipur,2882
2025-07-24,Maize,Jaipur,2901
2025-07-25,Maize,Jaipur,2899
2025-07-26,Maize,Jaipur,2922
2025-07-27,Maize,Jaipur,2918
2025-07-28,Maize,Jaipur,2927
2025-07-29,Maize,Jaipur,2940
2025-07-30,Maize,Jaipur,2953
2025-07-31,Maize,Jaipur,2967
2025-08-01,Maize,Jaipur,2949
2025-08-02,Maize,Jaipur,2941
2025-08-03,Maize,Jaipur,2953
2025-08-04,Maize,Jaipur,2938
2025-08-05,Maize,Jaipur,2933
2025-08-06,Maize,Jaipur,2937
2025-08-07,Maize,Jaipur,2938
2025-08-08,Maize,Jaipur,2929
2025-08-09,Maize,Jaipur,2931
2025-08-10,Maize,Jaipur,2939
2025-08-11,Maize,Jaipur,2961
2025-08-12,Maize,Jaipur,2955
2025-08-13,Maize,Jaipur,2943
2025-08-14,Maize,Jaipur,2926
2025-08-15,Maize,Jaipur,2910
2025-08-16,Maize,Jaipur,2921
2025-08-17,Maize,Jaipur,2910
2025-08-18,Maize,Jaipur,2914
2025-08-19,Maize,Jaipur,2908
2025-08-20,Maize,Jaipur,2932
2025-08-21,Maize,Jaipur,2923
2025-08-22,Maize,Jaipur,2926
2025-08-23,Maize,Jaipur,2908
2025-08-24,Maize,Jaipur,2929
2025-08-25,Maize,Jaipur,2938
2025-08-26,Maize,Jaipur,2940
2025-08-27,Maize,Jaipur,2955
2025-08-28,Maize,Jaipur,2962
2025-08-29,Maize,Jaipur,2986
2025-08-30,Maize,Jaipur,2981
2025-08-31,Maize,Jaipur,2979
2025-09-01,Maize,Jaipur,2999
2025-09-02,Maize,Jaipur,2990
2025-09-03,Maize,Jaipur,3003
2025-09-04,Maize,Jaipur,2999
2025-09-05,Maize,Jaipur,3004
2025-09-06,Maize,Jaipur,3027
2025-09-07,Maize,Jaipur,3019
2025-09-08,Maize,Jaipur,3040
2025-09-09,Maize,Jaipur,3056
2025-09-10,Maize,Jaipur,3041
2025-09-11,Maize,Jaipur,3034
2025-09-12,Maize,Jaipur,3058
2025-09-13,Maize,Jaipur,3039
2025-09-14,Maize,Jaipur,3027
2025-09-15,Maize,Jaipur,3039
2025-09-16,Maize,Jaipur,3063
2025-09-17,Maize,Jaipur,3043
2025-09-18,Maize,Jaipur,3031
2025-09-19,Maize,Jaipur,3049
2025-09-20,Maize,Jaipur,3041
2025-09-21,Maize,Jaipur,3063
2025-09-22,Maize,Jaipur,3085
2025-09-23,Maize,Jaipur,3082
2025-09-24,Maize,Jaipur,3063
2025-09-25,Maize,Jaipur,3044
2025-09-26,Maize,Jaipur,3064
2025-09-27,Maize,Jaipur,3082
2025-09-28,Maize,Jaipur,3070
2025-09-29,Maize,Jaipur,3085
2025-09-30,Maize,Jaipur,3073
2025-10-01,Maize,Jaipur,3054
2025-10-02,Maize,Jaipur,3049
2025-10-03,Maize,Jaipur,3068
2025-10-04,Maize,Jaipur,3076
2025-10-05,Maize,Jaipur,3095
2025-10-06,Maize,Jaipur,3092
2025-10-07,Maize,Jaipur,3116
2025-10-08,Maize,Jaipur,3117
2025-10-09,Maize,Jaipur,3099
2025-10-10,Maize,Jaipur,3087
2025-10-11,Maize,Jaipur,3095
2025-10-12,Maize,Jaipur,3115
2025-10-13,Maize,Jaipur,3112
2025-10-14,Maize,Jaipur,3135
2025-10-15,Maize,Jaipur,3152
2025-10-16,Maize,Jaipur,3163
2025-10-17,Maize,Jaipur,3160
2025-10-18,Maize,Jaipur,3175
2025-10-19,Maize,Jaipur,3163
2025-10-20,Maize,Jaipur,3162
2025-10-21,Maize,Jaipur,3171
2025-10-22,Maize,Jaipur,3178
2025-10-23,Maize,Jaipur,3174
2025-10-24,Maize,Jaipur,3165
2025-10-25,Maize,Jaipur,3147
2025-10-26,Maize,Jaipur,3164
2025-10-27,Maize,Jaipur,3185
2025-10-28,Maize,Jaipur,3185
2025-10-29,Maize,Jaipur,3171
2025-10-30,Maize,Jaipur,3193
2025-10-31,Maize,Jaipur,3184
2025-11-01,Maize,Jaipur,3208
2025-11-02,Maize,Jaipur,3230
2025-11-03,Maize,Jaipur,3220
2025-11-04,Maize,Jaipur,3238
2025-11-05,Maize,Jaipur,3262
2025-11-06,Maize,Jaipur,3267
2025-11-07,Maize,Jaipur,3280
2025-11-08,Maize,Jaipur,3301
2025-11-09,Maize,Jaipur,3318
2025-11-10,Maize,Jaipur,3328
2025-11-11,Maize,Jaipur,3318
2025-11-12,Maize,Jaipur,3329
2025-11-13,Maize,Jaipur,3325
2025-11-14,Maize,Jaipur,3334
2025-11-15,Maize,Jaipur,3329
2025-11-16,Maize,Jaipur,3335
2025-11-17,Maize,Jaipur,3351
2025-11-18,Maize,Jaipur,3335
2025-11-19,Maize,Jaipur,3352
2025-11-20,Maize,Jaipur,3347
2025-11-21,Maize,Jaipur,3352
2025-11-22,Maize,Jaipur,3368
2025-11-23,Maize,Jaipur,3364
2025-11-24,Maize,Jaipur,3361
2025-11-25,Maize,Jaipur,3366
2025-11-26,Maize,Jaipur,3391
2025-11-27,Maize,Jaipur,3383
2025-11-28,Maize,Jaipur,3396
2025-11-29,Maize,Jaipur,3417
2025-11-30,Maize,Jaipur,3408
2025-12-01,Maize,Jaipur,3410
2025-12-02,Maize,Jaipur,3400
2025-12-03,Maize,Jaipur,3403
2025-12-04,Maize,Jaipur,3388
2025-12-05,Maize,Jaipur,3379
2025-12-06,Maize,Jaipur,3399
2025-12-07,Maize,Jaipur,3384
2025-12-08,Maize,Jaipur,3375
2025-12-09,Maize,Jaipur,3384
2025-12-10,Maize,Jaipur,3386
2025-12-11,Maize,Jaipur,3368
2025-12-12,Maize,Jaipur,3388
2025-12-13,Maize,Jaipur,3397
2025-12-14,Maize,Jaipur,3410
2025-12-15,Maize,Jaipur,3407
2025-12-16,Maize,Jaipur,3428
2025-12-17,Maize,Jaipur,3418
2025-12-18,Maize,Jaipur,3417
2025-12-19,Maize,Jaipur,3422
2025-12-20,Maize,Jaipur,3419
2025-12-21,Maize,Jaipur,3434
2025-12-22,Maize,Jaipur,3418
2025-12-23,Maize,Jaipur,3439
2025-12-24,Maize,Jaipur,3435
2025-12-25,Maize,Jaipur,3415
2025-12-26,Maize,Jaipur,3403
2025-12-27,Maize,Jaipur,3413
2025-12-28,Maize,Jaipur,3432
2025-12-29,Maize,Jaipur,3447
2025-12-30,Maize,Jaipur,3465
2025-12-31,Maize,Jaipur,3457
2024-01-01,Apple,Pune,1915
2024-01-02,Apple,Pune,1911
2024-01-03,Apple,Pune,1936
2024-01-04,Apple,Pune,1955
2024-01-05,Apple,Pune,1958
2024-01-06,Apple,Pune,1953
2024-01-07,Apple,Pune,1941
2024-01-08,Apple,Pune,1927
2024-01-09,Apple,Pune,1939
2024-01-10,Apple,Pune,1960
2024-01-11,Apple,Pune,1970
2024-01-12,Apple,Pune,1964
2024-01-13,Apple,Pune,1965
2024-01-14,Apple,Pune,1962
2024-01-15,Apple,Pune,1979
2024-01-16,Apple,Pune,1965
2024-01-17,Apple,Pune,1976
2024-01-18,Apple,Pune,1962
2024-01-19,Apple,Pune,1984
2024-01-20,Apple,Pune,2004
2024-01-21,Apple,Pune,2011
2024-01-22,Apple,Pune,2012
2024-01-23,Apple,Pune,2029
2024-01-24,Apple,Pune,2051
2024-01-25,Apple,Pune,2066
2024-01-26,Apple,Pune,2046
2024-01-27,Apple,Pune,2061
2024-01-28,Apple,Pune,2081
2024-01-29,Apple,Pune,2080
2024-01-30,Apple,Pune,2085
2024-01-31,Apple,Pune,2097
2024-02-01,Apple,Pune,2081
2024-02-02,Apple,Pune,2094
2024-02-03,Apple,Pune,2101
2024-02-04,Apple,Pune,2115
2024-02-05,Apple,Pune,2112
2024-02-06,Apple,Pune,2096
2024-02-07,Apple,Pune,2113
2024-02-08,Apple,Pune,2125
2024-02-09,Apple,Pune,2143
2024-02-10,Apple,Pune,2148
2024-02-11,Apple,Pune,2166
2024-02-12,Apple,Pune,2186
2024-02-13,Apple,Pune,2178
2024-02-14,Apple,Pune,2201
2024-02-15,Apple,Pune,2195
2024-02-16,Apple,Pune,2215
2024-02-17,Apple,Pune,2231
2024-02-18,Apple,Pune,2216
2024-02-19,Apple,Pune,2229
2024-02-20,Apple,Pune,2213
2024-02-21,Apple,Pune,2225
2024-02-22,Apple,Pune,2213
2024-02-23,Apple,Pune,2232
2024-02-24,Apple,Pune,2229
2024-02-25,Apple,Pune,2242
2024-02-26,Apple,Pune,2236
2024-02-27,Apple,Pune,2241
2024-02-28,Apple,Pune,2232
2024-02-29,Apple,Pune,2215
2024-03-01,Apple,Pune,2200
2024-03-02,Apple,Pune,2182
2024-03-03,Apple,Pune,2199
2024-03-04,Apple,Pune,2184
2024-03-05,Apple,Pune,2172
2024-03-06,Apple,Pune,2168
2024-03-07,Apple,Pune,2187
2024-03-08,Apple,Pune,2180
2024-03-09,Apple,Pune,2205
2024-03-10,Apple,Pune,2228
2024-03-11,Apple,Pune,2252
2024-03-12,Apple,Pune,2244
2024-03-13,Apple,Pune,2238
2024-03-14,Apple,Pune,2225
2024-03-15,Apple,Pune,2216
2024-03-16,Apple,Pune,2234
2024-03-17,Apple,Pune,2229
2024-03-18,Apple,Pune,2220
2024-03-19,Apple,Pune,2214
2024-03-20,Apple,Pune,2195
2024-03-21,Apple,Pune,2214
2024-03-22,Apple,Pune,2222
2024-03-23,Apple,Pune,2231
2024-03-24,Apple,Pune,2238
2024-03-25,Apple,Pune,2246
2024-03-26,Apple,Pune,2270
2024-03-27,Apple,Pune,2264
2024-03-28,Apple,Pune,2262
2024-03-29,Apple,Pune,2247
2024-03-30,Apple,Pune,2231
2024-03-31,Apple,Pune,2237
2024-04-01,Apple,Pune,2219
2024-04-02,Apple,Pune,2212
2024-04-03,Apple,Pune,2235
2024-04-04,Apple,Pune,2254
2024-04-05,Apple,Pune,2261
2024-04-06,Apple,Pune,2245
2024-04-07,Apple,Pune,2238
2024-04-08,Apple,Pune,2244
2024-04-09,Apple,Pune,2263
2024-04-10,Apple,Pune,2287
2024-04-11,Apple,Pune,2306
2024-04-12,Apple,Pune,2286
2024-04-13,Apple,Pune,2268
2024-04-14,Apple,Pune,2251
2024-04-15,Apple,Pune,2270
2024-04-16,Apple,Pune,2285
2024-04-17,Apple,Pune,2279
2024-04-18,Apple,Pune,2300
2024-04-19,Apple,Pune,2312
2024-04-20,Apple,Pune,2292
2024-04-21,Apple,Pune,2311
2024-04-22,Apple,Pune,2292
2024-04-23,Apple,Pune,2303
2024-04-24,Apple,Pune,2311
2024-04-25,Apple,Pune,2292
2024-04-26,Apple,Pune,2275
2024-04-27,Apple,Pune,2296
2024-04-28,Apple,Pune,2310
2024-04-29,Apple,Pune,2329
2024-04-30,Apple,Pune,2344
2024-05-01,Apple,Pune,2351
2024-05-02,Apple,Pune,2349
2024-05-03,Apple,Pune,2358
2024-05-04,Apple,Pune,2356
2024-05-05,Apple,Pune,2344
2024-05-06,Apple,Pune,2333
2024-05-07,Apple,Pune,2326
2024-05-08,Apple,Pune,2337
2024-05-09,Apple,Pune,2361
2024-05-10,Apple,Pune,2370
2024-05-11,Apple,Pune,2388
2024-05-12,Apple,Pune,2409
2024-05-13,Apple,Pune,2401
2024-05-14,Apple,Pune,2393
2024-05-15,Apple,Pune,2400
2024-05-16,Apple,Pune,2406
2024-05-17,Apple,Pune,2425
2024-05-18,Apple,Pune,2441
2024-05-19,Apple,Pune,2456
2024-05-20,Apple,Pune,2450
2024-05-21,Apple,Pune,2466
2024-05-22,Apple,Pune,2481
2024-05-23,Apple,Pune,2503
2024-05-24,Apple,Pune,2492
2024-05-25,Apple,Pune,2484
2024-05-26,Apple,Pune,2480
2024-05-27,Apple,Pune,2466
2024-05-28,Apple,Pune,2464
2024-05-29,Apple,Pune,2448
2024-05-30,Apple,Pune,2455
2024-05-31,Apple,Pune,2447
2024-06-01,Apple,Pune,2449
2024-06-02,Apple,Pune,2443
2024-06-03,Apple,Pune,2451
2024-06-04,Apple,Pune,2435
2024-06-05,Apple,Pune,2416
2024-06-06,Apple,Pune,2412
2024-06-07,Apple,Pune,2421
2024-06-08,Apple,Pune,2407
2024-06-09,Apple,Pune,2414
2024-06-10,Apple,Pune,2400
2024-06-11,Apple,Pune,2390
2024-06-12,Apple,Pune,2407
2024-06-13,Apple,Pune,2415
2024-06-14,Apple,Pune,2423
2024-06-15,Apple,Pune,2417
2024-06-16,Apple,Pune,2417
2024-06-17,Apple,Pune,2418
2024-06-18,Apple,Pune,2427
2024-06-19,Apple,Pune,2443
2024-06-20,Apple,Pune,2468
2024-06-21,Apple,Pune,2452
2024-06-22,Apple,Pune,2453
2024-06-23,Apple,Pune,2450
2024-06-24,Apple,Pune,2432
2024-06-25,Apple,Pune,2426
2024-06-26,Apple,Pune,2428
2024-06-27,Apple,Pune,2437
2024-06-28,Apple,Pune,2425
2024-06-29,Apple,Pune,2421
2024-06-30,Apple,Pune,2441
2024-07-01,Apple,Pune,2429
2024-07-02,Apple,Pune,2449
2024-07-03,Apple,Pune,2456
2024-07-04,Apple,Pune,2464
2024-07-05,Apple,Pune,2484
2024-07-06,Apple,Pune,2482
2024-07-07,Apple,Pune,2465
2024-07-08,Apple,Pune,2469
2024-07-09,Apple,Pune,2476
2024-07-10,Apple,Pune,2480
2024-07-11,Apple,Pune,2465
2024-07-12,Apple,Pune,2472
2024-07-13,Apple,Pune,2460
2024-07-14,Apple,Pune,2483
2024-07-15,Apple,Pune,2503
2024-07-16,Apple,Pune,2512
2024-07-17,Apple,Pune,2515
2024-07-18,Apple,Pune,2496
2024-07-19,Apple,Pune,2494
2024-07-20,Apple,Pune,2499
2024-07-21,Apple,Pune,2505
2024-07-22,Apple,Pune,2499
2024-07-23,Apple,Pune,2500
2024-07-24,Apple,Pune,2508
2024-07-25,Apple,Pune,2491
2024-07-26,Apple,Pune,2509
2024-07-27,Apple,Pune,2514
2024-07-28,Apple,Pune,2497
2024-07-29,Apple,Pune,2499
2024-07-30,Apple,Pune,2522
2024-07-31,Apple,Pune,2535
2024-08-01,Apple,Pune,2517
2024-08-02,Apple,Pune,2510
2024-08-03,Apple,Pune,2492
2024-08-04,Apple,Pune,2474
2024-08-05,Apple,Pune,2480
2024-08-06,Apple,Pune,2480
2024-08-07,Apple,Pune,2486
2024-08-08,Apple,Pune,2495
2024-08-09,Apple,Pune,2497
2024-08-10,Apple,Pune,2480
2024-08-11,Apple,Pune,2482
2024-08-12,Apple,Pune,2479
2024-08-13,Apple,Pune,2481
2024-08-14,Apple,Pune,2494
2024-08-15,Apple,Pune,2512
2024-08-16,Apple,Pune,2499
2024-08-17,Apple,Pune,2520
2024-08-18,Apple,Pune,2533
2024-08-19,Apple,Pune,2556
2024-08-20,Apple,Pune,2537
2024-08-21,Apple,Pune,2550
2024-08-22,Apple,Pune,2559
2024-08-23,Apple,Pune,2565
2024-08-24,Apple,Pune,2563
2024-08-25,Apple,Pune,2571
2024-08-26,Apple,Pune,2554
2024-08-27,Apple,Pune,2569
2024-08-28,Apple,Pune,2572
2024-08-29,Apple,Pune,2555
2024-08-30,Apple,Pune,2545
2024-08-31,Apple,Pune,2536
2024-09-01,Apple,Pune,2533
2024-09-02,Apple,Pune,2555
2024-09-03,Apple,Pune,2541
2024-09-04,Apple,Pune,2561
2024-09-05,Apple,Pune,2571
2024-09-06,Apple,Pune,2573
2024-09-07,Apple,Pune,2575
2024-09-08,Apple,Pune,2575
2024-09-09,Apple,Pune,2586
2024-09-10,Apple,Pune,2606
2024-09-11,Apple,Pune,2602
2024-09-12,Apple,Pune,2621
2024-09-13,Apple,Pune,2603
2024-09-14,Apple,Pune,2611
2024-09-15,Apple,Pune,2615
2024-09-16,Apple,Pune,2634
2024-09-17,Apple,Pune,2647
2024-09-18,Apple,Pune,2649
2024-09-19,Apple,Pune,2660
2024-09-20,Apple,Pune,2640
2024-09-21,Apple,Pune,2657
2024-09-22,Apple,Pune,2650
2024-09-23,Apple,Pune,2652
2024-09-24,Apple,Pune,2648
2024-09-25,Apple,Pune,2635
2024-09-26,Apple,Pune,2659
2024-09-27,Apple,Pune,2661
2024-09-28,Apple,Pune,2679
2024-09-29,Apple,Pune,2667
2024-09-30,Apple,Pune,2664
2024-10-01,Apple,Pune,2687
2024-10-02,Apple,Pune,2672
2024-10-03,Apple,Pune,2657
2024-10-04,Apple,Pune,2681
2024-10-05,Apple,Pune,2664
2024-10-06,Apple,Pune,2657
2024-10-07,Apple,Pune,2645
2024-10-08,Apple,Pune,2646
2024-10-09,Apple,Pune,2670
2024-10-10,Apple,Pune,2688
2024-10-11,Apple,Pune,2680
2024-10-12,Apple,Pune,2673
2024-10-13,Apple,Pune,2680
2024-10-14,Apple,Pune,2689
2024-10-15,Apple,Pune,2688
2024-10-16,Apple,Pune,2679
2024-10-17,Apple,Pune,2668
2024-10-18,Apple,Pune,2668
2024-10-19,Apple,Pune,2673
2024-10-20,Apple,Pune,2670
2024-10-21,Apple,Pune,2671
2024-10-22,Apple,Pune,2684
2024-10-23,Apple,Pune,2706
2024-10-24,Apple,Pune,2717
2024-10-25,Apple,Pune,2741
2024-10-26,Apple,Pune,2765
2024-10-27,Apple,Pune,2754
2024-10-28,Apple,Pune,2750
2024-10-29,Apple,Pune,2753
2024-10-30,Apple,Pune,2750
2024-10-31,Apple,Pune,2754
2024-11-01,Apple,Pune,2755
2024-11-02,Apple,Pune,2773
2024-11-03,Apple,Pune,2758
2024-11-04,Apple,Pune,2744
2024-11-05,Apple,Pune,2734
2024-11-06,Apple,Pune,2715
2024-11-07,Apple,Pune,2720
2024-11-08,Apple,Pune,2744
2024-11-09,Apple,Pune,2747
2024-11-10,Apple,Pune,2755
2024-11-11,Apple,Pune,2752
2024-11-12,Apple,Pune,2755
2024-11-13,Apple,Pune,2755
2024-11-14,Apple,Pune,2758
2024-11-15,Apple,Pune,2758
2024-11-16,Apple,Pune,2774
2024-11-17,Apple,Pune,2754
2024-11-18,Apple,Pune,2751
2024-11-19,Apple,Pune,2774
2024-11-20,Apple,Pune,2797
2024-11-21,Apple,Pune,2787
2024-11-22,Apple,Pune,2807
2024-11-23,Apple,Pune,2823
2024-11-24,Apple,Pune,2834
2024-11-25,Apple,Pune,2815
2024-11-26,Apple,Pune,2830
2024-11-27,Apple,Pune,2830
2024-11-28,Apple,Pune,2839
2024-11-29,Apple,Pune,2844
2024-11-30,Apple,Pune,2865
2024-12-01,Apple,Pune,2867
2024-12-02,Apple,Pune,2884
2024-12-03,Apple,Pune,2865
2024-12-04,Apple,Pune,2880
2024-12-05,Apple,Pune,2894
2024-12-06,Apple,Pune,2899
2024-12-07,Apple,Pune,2893
2024-12-08,Apple,Pune,2915
2024-12-09,Apple,Pune,2927
2024-12-10,Apple,Pune,2944
2024-12-11,Apple,Pune,2952
2024-12-12,Apple,Pune,2966
2024-12-13,Apple,Pune,2991
2024-12-14,Apple,Pune,2996
2024-12-15,Apple,Pune,2980
2024-12-16,Apple,Pune,2975
2024-12-17,Apple,Pune,2966
2024-12-18,Apple,Pune,2947
2024-12-19,Apple,Pune,2961
2024-12-20,Apple,Pune,2971
2024-12-21,Apple,Pune,2965
2024-12-22,Apple,Pune,2953
2024-12-23,Apple,Pune,2936
2024-12-24,Apple,Pune,2923
2024-12-25,Apple,Pune,2909
2024-12-26,Apple,Pune,2921
2024-12-27,Apple,Pune,2910
2024-12-28,Apple,Pune,2931
2024-12-29,Apple,Pune,2929
2024-12-30,Apple,Pune,2944
2024-12-31,Apple,Pune,2968
2025-01-01,Apple,Pune,2968
2025-01-02,Apple,Pune,2978
2025-01-03,Apple,Pune,2973
2025-01-04,Apple,Pune,2959
2025-01-05,Apple,Pune,2972
2025-01-06,Apple,Pune,2955
2025-01-07,Apple,Pune,2939
2025-01-08,Apple,Pune,2937
2025-01-09,Apple,Pune,2938
2025-01-10,Apple,Pune,2953
2025-01-11,Apple,Pune,2960
2025-01-12,Apple,Pune,2955
2025-01-13,Apple,Pune,2971
2025-01-14,Apple,Pune,2975
2025-01-15,Apple,Pune,2977
2025-01-16,Apple,Pune,2965
2025-01-17,Apple,Pune,2963
2025-01-18,Apple,Pune,2955
2025-01-19,Apple,Pune,2961
2025-01-20,Apple,Pune,2982
2025-01-21,Apple,Pune,2975
2025-01-22,Apple,Pune,2969
2025-01-23,Apple,Pune,2950
2025-01-24,Apple,Pune,2954
2025-01-25,Apple,Pune,2935
2025-01-26,Apple,Pune,2915
2025-01-27,Apple,Pune,2936
2025-01-28,Apple,Pune,2956
2025-01-29,Apple,Pune,2973
2025-01-30,Apple,Pune,2979
2025-01-31,Apple,Pune,2963
2025-02-01,Apple,Pune,2978
2025-02-02,Apple,Pune,2984
2025-02-03,Apple,Pune,2976
2025-02-04,Apple,Pune,2962
2025-02-05,Apple,Pune,2951
2025-02-06,Apple,Pune,2974
2025-02-07,Apple,Pune,2989
2025-02-08,Apple,Pune,2991
2025-02-09,Apple,Pune,2983
2025-02-10,Apple,Pune,2988
2025-02-11,Apple,Pune,2975
2025-02-12,Apple,Pune,2967
2025-02-13,Apple,Pune,2991
2025-02-14,Apple,Pune,3001
2025-02-15,Apple,Pune,2989
2025-02-16,Apple,Pune,2993
2025-02-17,Apple,Pune,2998
2025-02-18,Apple,Pune,3008
2025-02-19,Apple,Pune,3013
2025-02-20,Apple,Pune,3027
2025-02-21,Apple,Pune,3026
2025-02-22,Apple,Pune,3046
2025-02-23,Apple,Pune,3042
2025-02-24,Apple,Pune,3035
2025-02-25,Apple,Pune,3058
2025-02-26,Apple,Pune,3056
2025-02-27,Apple,Pune,3065
2025-02-28,Apple,Pune,3087
2025-03-01,Apple,Pune,3082
2025-03-02,Apple,Pune,3091
2025-03-03,Apple,Pune,3105
2025-03-04,Apple,Pune,3095
2025-03-05,Apple,Pune,3117
2025-03-06,Apple,Pune,3127
2025-03-07,Apple,Pune,3120
2025-03-08,Apple,Pune,3132
2025-03-09,Apple,Pune,3152
2025-03-10,Apple,Pune,3175
2025-03-11,Apple,Pune,3198
2025-03-12,Apple,Pune,3216
2025-03-13,Apple,Pune,3223
2025-03-14,Apple,Pune,3222
2025-03-15,Apple,Pune,3245
2025-03-16,Apple,Pune,3270
2025-03-17,Apple,Pune,3290
2025-03-18,Apple,Pune,3287
2025-03-19,Apple,Pune,3312
2025-03-20,Apple,Pune,3306
2025-03-21,Apple,Pune,3320
2025-03-22,Apple,Pune,3329
2025-03-23,Apple,Pune,3317
2025-03-24,Apple,Pune,3306
2025-03-25,Apple,Pune,3314
2025-03-26,Apple,Pune,3332
2025-03-27,Apple,Pune,3329
2025-03-28,Apple,Pune,3326
2025-03-29,Apple,Pune,3325
2025-03-30,Apple,Pune,3315
2025-03-31,Apple,Pune,3316
2025-04-01,Apple,Pune,3329
2025-04-02,Apple,Pune,3330
2025-04-03,Apple,Pune,3345
2025-04-04,Apple,Pune,3349
2025-04-05,Apple,Pune,3360
2025-04-06,Apple,Pune,3379
2025-04-07,Apple,Pune,3381
2025-04-08,Apple,Pune,3365
2025-04-09,Apple,Pune,3373
2025-04-10,Apple,Pune,3353
2025-04-11,Apple,Pune,3370
2025-04-12,Apple,Pune,3370
2025-04-13,Apple,Pune,3363
2025-04-14,Apple,Pune,3385
2025-04-15,Apple,Pune,3382
2025-04-16,Apple,Pune,3368
2025-04-17,Apple,Pune,3372
2025-04-18,Apple,Pune,3393
2025-04-19,Apple,Pune,3405
2025-04-20,Apple,Pune,3421
2025-04-21,Apple,Pune,3412
2025-04-22,Apple,Pune,3425
2025-04-23,Apple,Pune,3449
2025-04-24,Apple,Pune,3468
2025-04-25,Apple,Pune,3461
2025-04-26,Apple,Pune,3476
2025-04-27,Apple,Pune,3488
2025-04-28,Apple,Pune,3471
2025-04-29,Apple,Pune,3472
2025-04-30,Apple,Pune,3459
2025-05-01,Apple,Pune,3463
2025-05-02,Apple,Pune,3482
2025-05-03,Apple,Pune,3497
2025-05-04,Apple,Pune,3489
2025-05-05,Apple,Pune,3483
2025-05-06,Apple,Pune,3497
2025-05-07,Apple,Pune,3490
2025-05-08,Apple,Pune,3491
2025-05-09,Apple,Pune,3495
2025-05-10,Apple,Pune,3496
2025-05-11,Apple,Pune,3477
2025-05-12,Apple,Pune,3460
2025-05-13,Apple,Pune,3485
2025-05-14,Apple,Pune,3476
2025-05-15,Apple,Pune,3470
2025-05-16,Apple,Pune,3462
2025-05-17,Apple,Pune,3460
2025-05-18,Apple,Pune,3449
2025-05-19,Apple,Pune,3434
2025-05-20,Apple,Pune,3424
2025-05-21,Apple,Pune,3419
2025-05-22,Apple,Pune,3404
2025-05-23,Apple,Pune,3429
2025-05-24,Apple,Pune,3433
2025-05-25,Apple,Pune,3457
2025-05-26,Apple,Pune,3437
2025-05-27,Apple,Pune,3430
2025-05-28,Apple,Pune,3452
2025-05-29,Apple,Pune,3443
2025-05-30,Apple,Pune,3446
2025-05-31,Apple,Pune,3443
2025-06-01,Apple,Pune,3430
2025-06-02,Apple,Pune,3433
2025-06-03,Apple,Pune,3416
2025-06-04,Apple,Pune,3411
2025-06-05,Apple,Pune,3417
2025-06-06,Apple,Pune,3423
2025-06-07,Apple,Pune,3441
2025-06-08,Apple,Pune,3423
2025-06-09,Apple,Pune,3422
2025-06-10,Apple,Pune,3426
2025-06-11,Apple,Pune,3429
2025-06-12,Apple,Pune,3419
2025-06-13,Apple,Pune,3411
2025-06-14,Apple,Pune,3429
2025-06-15,Apple,Pune,3450
2025-06-16,Apple,Pune,3456
2025-06-17,Apple,Pune,3467
2025-06-18,Apple,Pune,3449
2025-06-19,Apple,Pune,3444
2025-06-20,Apple,Pune,3457
2025-06-21,Apple,Pune,3466
2025-06-22,Apple,Pune,3473
2025-06-23,Apple,Pune,3460
2025-06-24,Apple,Pune,3458
2025-06-25,Apple,Pune,3480
2025-06-26,Apple,Pune,3475
2025-06-27,Apple,Pune,3493
2025-06-28,Apple,Pune,3493
2025-06-29,Apple,Pune,3477
2025-06-30,Apple,Pune,3463
2025-07-01,Apple,Pune,3487
2025-07-02,Apple,Pune,3470
2025-07-03,Apple,Pune,3460
2025-07-04,Apple,Pune,3470
2025-07-05,Apple,Pune,3492
2025-07-06,Apple,Pune,3487
2025-07-07,Apple,Pune,3509
2025-07-08,Apple,Pune,3534
2025-07-09,Apple,Pune,3523
2025-07-10,Apple,Pune,3525
2025-07-11,Apple,Pune,3522
2025-07-12,Apple,Pune,3535
2025-07-13,Apple,Pune,3559
2025-07-14,Apple,Pune,3580
2025-07-15,Apple,Pune,3580
2025-07-16,Apple,Pune,3592
2025-07-17,Apple,Pune,3617
2025-07-18,Apple,Pune,3620
2025-07-19,Apple,Pune,3643
2025-07-20,Apple,Pune,3653
2025-07-21,Apple,Pune,3644
2025-07-22,Apple,Pune,3637
2025-07-23,Apple,Pune,3625
2025-07-24,Apple,Pune,3629
2025-07-25,Apple,Pune,3645
2025-07-26,Apple,Pune,3657
2025-07-27,Apple,Pune,3673
2025-07-28,Apple,Pune,3661
2025-07-29,Apple,Pune,3659
2025-07-30,Apple,Pune,3664
2025-07-31,Apple,Pune,3682
2025-08-01,Apple,Pune,3680
2025-08-02,Apple,Pune,3705
2025-08-03,Apple,Pune,3707
2025-08-04,Apple,Pune,3697
2025-08-05,Apple,Pune,3699
2025-08-06,Apple,Pune,3684
2025-08-07,Apple,Pune,3694
2025-08-08,Apple,Pune,3705
2025-08-09,Apple,Pune,3711
2025-08-10,Apple,Pune,3718
2025-08-11,Apple,Pune,3698
2025-08-12,Apple,Pune,3710
2025-08-13,Apple,Pune,3691
2025-08-14,Apple,Pune,3694
2025-08-15,Apple,Pune,3683
2025-08-16,Apple,Pune,3705
2025-08-17,Apple,Pune,3711
2025-08-18,Apple,Pune,3721
2025-08-19,Apple,Pune,3726
2025-08-20,Apple,Pune,3727
2025-08-21,Apple,Pune,3734
2025-08-22,Apple,Pune,3724
2025-08-23,Apple,Pune,3739
2025-08-24,Apple,Pune,3736
2025-08-25,Apple,Pune,3738
2025-08-26,Apple,Pune,3735
2025-08-27,Apple,Pune,3748
2025-08-28,Apple,Pune,3769
2025-08-29,Apple,Pune,3772
2025-08-30,Apple,Pune,3766
2025-08-31,Apple,Pune,3768
2025-09-01,Apple,Pune,3761
2025-09-02,Apple,Pune,3749
2025-09-03,Apple,Pune,3757
2025-09-04,Apple,Pune,3754
2025-09-05,Apple,Pune,3743
2025-09-06,Apple,Pune,3734
2025-09-07,Apple,Pune,3748
2025-09-08,Apple,Pune,3760
2025-09-09,Apple,Pune,3746
2025-09-10,Apple,Pune,3734
2025-09-11,Apple,Pune,3718
2025-09-12,Apple,Pune,3727
2025-09-13,Apple,Pune,3722
2025-09-14,Apple,Pune,3718
2025-09-15,Apple,Pune,3742
2025-09-16,Apple,Pune,3743
2025-09-17,Apple,Pune,3768
2025-09-18,Apple,Pune,3793
2025-09-19,Apple,Pune,3793
2025-09-20,Apple,Pune,3818
2025-09-21,Apple,Pune,3834
2025-09-22,Apple,Pune,3818
2025-09-23,Apple,Pune,3801
2025-09-24,Apple,Pune,3789
2025-09-25,Apple,Pune,3780
2025-09-26,Apple,Pune,3799
2025-09-27,Apple,Pune,3787
2025-09-28,Apple,Pune,3788
2025-09-29,Apple,Pune,3798
2025-09-30,Apple,Pune,3796
2025-10-01,Apple,Pune,3817
2025-10-02,Apple,Pune,3811
2025-10-03,Apple,Pune,3831
2025-10-04,Apple,Pune,3843
2025-10-05,Apple,Pune,3854
2025-10-06,Apple,Pune,3847
2025-10-07,Apple,Pune,3841
2025-10-08,Apple,Pune,3866
2025-10-09,Apple,Pune,3865
2025-10-10,Apple,Pune,3853
2025-10-11,Apple,Pune,3844
2025-10-12,Apple,Pune,3829
2025-10-13,Apple,Pune,3852
2025-10-14,Apple,Pune,3833
2025-10-15,Apple,Pune,3857
2025-10-16,Apple,Pune,3863
2025-10-17,Apple,Pune,3872
2025-10-18,Apple,Pune,3894
2025-10-19,Apple,Pune,3896
2025-10-20,Apple,Pune,3893
2025-10-21,Apple,Pune,3909
2025-10-22,Apple,Pune,3924
2025-10-23,Apple,Pune,3907
2025-10-24,Apple,Pune,3923
2025-10-25,Apple,Pune,3948
2025-10-26,Apple,Pune,3958
2025-10-27,Apple,Pune,3944
2025-10-28,Apple,Pune,3966
2025-10-29,Apple,Pune,3964
2025-10-30,Apple,Pune,3961
2025-10-31,Apple,Pune,3950
2025-11-01,Apple,Pune,3966
2025-11-02,Apple,Pune,3991
2025-11-03,Apple,Pune,4013
2025-11-04,Apple,Pune,4007
2025-11-05,Apple,Pune,4025
2025-11-06,Apple,Pune,4030
2025-11-07,Apple,Pune,4040
2025-11-08,Apple,Pune,4031
2025-11-09,Apple,Pune,4025
2025-11-10,Apple,Pune,4011
2025-11-11,Apple,Pune,4022
2025-11-12,Apple,Pune,4044
2025-11-13,Apple,Pune,4025
2025-11-14,Apple,Pune,4005
2025-11-15,Apple,Pune,4010
2025-11-16,Apple,Pune,4029
2025-11-17,Apple,Pune,4046
2025-11-18,Apple,Pune,4053
2025-11-19,Apple,Pune,4046
2025-11-20,Apple,Pune,4035
2025-11-21,Apple,Pune,4035
2025-11-22,Apple,Pune,4035
2025-11-23,Apple,Pune,4017
2025-11-24,Apple,Pune,4021
2025-11-25,Apple,Pune,4007
2025-11-26,Apple,Pune,4015
2025-11-27,Apple,Pune,4030
2025-11-28,Apple,Pune,4010
2025-11-29,Apple,Pune,3999
2025-11-30,Apple,Pune,3982
2025-12-01,Apple,Pune,4005
2025-12-02,Apple,Pune,4000
2025-12-03,Apple,Pune,4022
2025-12-04,Apple,Pune,4030
2025-12-05,Apple,Pune,4014
2025-12-06,Apple,Pune,4012
2025-12-07,Apple,Pune,4026
2025-12-08,Apple,Pune,4008
2025-12-09,Apple,Pune,4029
2025-12-10,Apple,Pune,4048
2025-12-11,Apple,Pune,4048
2025-12-12,Apple,Pune,4070
2025-12-13,Apple,Pune,4071
2025-12-14,Apple,Pune,4062
2025-12-15,Apple,Pune,4051
2025-12-16,Apple,Pune,4032
2025-12-17,Apple,Pune,4025
2025-12-18,Apple,Pune,4045
2025-12-19,Apple,Pune,4044
2025-12-20,Apple,Pune,4038
2025-12-21,Apple,Pune,4024
2025-12-22,Apple,Pune,4011
2025-12-23,Apple,Pune,4032
2025-12-24,Apple,Pune,4042
2025-12-25,Apple,Pune,4058
2025-12-26,Apple,Pune,4058
2025-12-27,Apple,Pune,4038
2025-12-28,Apple,Pune,4059
2025-12-29,Apple,Pune,4052
2025-12-30,Apple,Pune,4032
2025-12-31,Apple,Pune,4039
2024-01-01,Apple,Mumbai,1907
2024-01-02,Apple,Mumbai,1892
2024-01-03,Apple,Mumbai,1894
2024-01-04,Apple,Mumbai,1893
2024-01-05,Apple,Mumbai,1909
2024-01-06,Apple,Mumbai,1896
2024-01-07,Apple,Mumbai,1902
2024-01-08,Apple,Mumbai,1911
2024-01-09,Apple,Mumbai,1901
2024-01-10,Apple,Mumbai,1902
2024-01-11,Apple,Mumbai,1922
2024-01-12,Apple,Mumbai,1933
2024-01-13,Apple,Mumbai,1955
2024-01-14,Apple,Mumbai,1973
2024-01-15,Apple,Mumbai,1989
2024-01-16,Apple,Mumbai,1975
2024-01-17,Apple,Mumbai,1963
2024-01-18,Apple,Mumbai,1986
2024-01-19,Apple,Mumbai,1976
2024-01-20,Apple,Mumbai,1988
2024-01-21,Apple,Mumbai,1989
2024-01-22,Apple,Mumbai,1991
2024-01-23,Apple,Mumbai,1990
2024-01-24,Apple,Mumbai,1990
2024-01-25,Apple,Mumbai,1972
2024-01-26,Apple,Mumbai,1987
2024-01-27,Apple,Mumbai,1973
2024-01-28,Apple,Mumbai,1981
2024-01-29,Apple,Mumbai,1998
2024-01-30,Apple,Mumbai,2012
2024-01-31,Apple,Mumbai,2031
2024-02-01,Apple,Mumbai,2030
2024-02-02,Apple,Mumbai,2054
2024-02-03,Apple,Mumbai,2041
2024-02-04,Apple,Mumbai,2034
2024-02-05,Apple,Mumbai,2033
2024-02-06,Apple,Mumbai,2041
2024-02-07,Apple,Mumbai,2049
2024-02-08,Apple,Mumbai,2043
2024-02-09,Apple,Mumbai,2067
2024-02-10,Apple,Mumbai,2065
2024-02-11,Apple,Mumbai,2053
2024-02-12,Apple,Mumbai,2064
2024-02-13,Apple,Mumbai,2058
2024-02-14,Apple,Mumbai,2041
2024-02-15,Apple,Mumbai,2026
2024-02-16,Apple,Mumbai,2028
2024-02-17,Apple,Mumbai,2021
2024-02-18,Apple,Mumbai,2009
2024-02-19,Apple,Mumbai,1995
2024-02-20,Apple,Mumbai,1985
2024-02-21,Apple,Mumbai,2005
2024-02-22,Apple,Mumbai,2009
2024-02-23,Apple,Mumbai,1995
2024-02-24,Apple,Mumbai,1996
2024-02-25,Apple,Mumbai,1983
2024-02-26,Apple,Mumbai,1989
2024-02-27,Apple,Mumbai,1999
2024-02-28,Apple,Mumbai,2006
2024-02-29,Apple,Mumbai,1988
2024-03-01,Apple,Mumbai,2013
2024-03-02,Apple,Mumbai,2000
2024-03-03,Apple,Mumbai,2023
2024-03-04,Apple,Mumbai,2028
2024-03-05,Apple,Mumbai,2047
2024-03-06,Apple,Mumbai,2047
2024-03-07,Apple,Mumbai,2069
2024-03-08,Apple,Mumbai,2066
2024-03-09,Apple,Mumbai,2061
2024-03-10,Apple,Mumbai,2043
2024-03-11,Apple,Mumbai,2057
2024-03-12,Apple,Mumbai,2042
2024-03-13,Apple,Mumbai,2054
2024-03-14,Apple,Mumbai,2063
2024-03-15,Apple,Mumbai,2048
2024-03-16,Apple,Mumbai,2052
2024-03-17,Apple,Mumbai,2035
2024-03-18,Apple,Mumbai,2026
2024-03-19,Apple,Mumbai,2030
2024-03-20,Apple,Mumbai,2052
2024-03-21,Apple,Mumbai,2075
2024-03-22,Apple,Mumbai,2078
2024-03-23,Apple,Mumbai,2099
2024-03-24,Apple,Mumbai,2119
2024-03-25,Apple,Mumbai,2113
2024-03-26,Apple,Mumbai,2136
2024-03-27,Apple,Mumbai,2141
2024-03-28,Apple,Mumbai,2145
2024-03-29,Apple,Mumbai,2139
2024-03-30,Apple,Mumbai,2133
2024-03-31,Apple,Mumbai,2117
2024-04-01,Apple,Mumbai,2115
2024-04-02,Apple,Mumbai,2129
2024-04-03,Apple,Mumbai,2128
2024-04-04,Apple,Mumbai,2131
2024-04-05,Apple,Mumbai,2136
2024-04-06,Apple,Mumbai,2137
2024-04-07,Apple,Mumbai,2153
2024-04-08,Apple,Mumbai,2160
2024-04-09,Apple,Mumbai,2140
2024-04-10,Apple,Mumbai,2142
2024-04-11,Apple,Mumbai,2165
2024-04-12,Apple,Mumbai,2167
2024-04-13,Apple,Mumbai,2191
2024-04-14,Apple,Mumbai,2193
2024-04-15,Apple,Mumbai,2208
2024-04-16,Apple,Mumbai,2211
2024-04-17,Apple,Mumbai,2236
2024-04-18,Apple,Mumbai,2249
2024-04-19,Apple,Mumbai,2274
2024-04-20,Apple,Mumbai,2289
2024-04-21,Apple,Mumbai,2313
2024-04-22,Apple,Mumbai,2301
2024-04-23,Apple,Mumbai,2313
2024-04-24,Apple,Mumbai,2300
2024-04-25,Apple,Mumbai,2315
2024-04-26,Apple,Mumbai,2327
2024-04-27,Apple,Mumbai,2352
2024-04-28,Apple,Mumbai,2358
2024-04-29,Apple,Mumbai,2349
2024-04-30,Apple,Mumbai,2371
2024-05-01,Apple,Mumbai,2352
2024-05-02,Apple,Mumbai,2350
2024-05-03,Apple,Mumbai,2371
2024-05-04,Apple,Mumbai,2378
2024-05-05,Apple,Mumbai,2362
2024-05-06,Apple,Mumbai,2367
2024-05-07,Apple,Mumbai,2378
2024-05-08,Apple,Mumbai,2372
2024-05-09,Apple,Mumbai,2379
2024-05-10,Apple,Mumbai,2395
2024-05-11,Apple,Mumbai,2388
2024-05-12,Apple,Mumbai,2374
2024-05-13,Apple,Mumbai,2361
2024-05-14,Apple,Mumbai,2354
2024-05-15,Apple,Mumbai,2375
2024-05-16,Apple,Mumbai,2384
2024-05-17,Apple,Mumbai,2403
2024-05-18,Apple,Mumbai,2410
2024-05-19,Apple,Mumbai,2400
2024-05-20,Apple,Mumbai,2405
2024-05-21,Apple,Mumbai,2400
2024-05-22,Apple,Mumbai,2412
2024-05-23,Apple,Mumbai,2430
2024-05-24,Apple,Mumbai,2411
2024-05-25,Apple,Mumbai,2395
2024-05-26,Apple,Mumbai,2394
2024-05-27,Apple,Mumbai,2394
2024-05-28,Apple,Mumbai,2376
2024-05-29,Apple,Mumbai,2358
2024-05-30,Apple,Mumbai,2377
2024-05-31,Apple,Mumbai,2364
2024-06-01,Apple,Mumbai,2364
2024-06-02,Apple,Mumbai,2371
2024-06-03,Apple,Mumbai,2368
2024-06-04,Apple,Mumbai,2349
2024-06-05,Apple,Mumbai,2334
2024-06-06,Apple,Mumbai,2328
2024-06-07,Apple,Mumbai,2334
2024-06-08,Apple,Mumbai,2354
2024-06-09,Apple,Mumbai,2338
2024-06-10,Apple,Mumbai,2325
2024-06-11,Apple,Mumbai,2323
2024-06-12,Apple,Mumbai,2329
2024-06-13,Apple,Mumbai,2318
2024-06-14,Apple,Mumbai,2312
2024-06-15,Apple,Mumbai,2303
2024-06-16,Apple,Mumbai,2293
2024-06-17,Apple,Mumbai,2275
2024-06-18,Apple,Mumbai,2279
2024-06-19,Apple,Mumbai,2277
2024-06-20,Apple,Mumbai,2281
2024-06-21,Apple,Mumbai,2306
2024-06-22,Apple,Mumbai,2302
2024-06-23,Apple,Mumbai,2321
2024-06-24,Apple,Mumbai,2323
2024-06-25,Apple,Mumbai,2337
2024-06-26,Apple,Mumbai,2327
2024-06-27,Apple,Mumbai,2345
2024-06-28,Apple,Mumbai,2361
2024-06-29,Apple,Mumbai,2365
2024-06-30,Apple,Mumbai,2364
2024-07-01,Apple,Mumbai,2348
2024-07-02,Apple,Mumbai,2340
2024-07-03,Apple,Mumbai,2339
2024-07-04,Apple,Mumbai,2341
2024-07-05,Apple,Mumbai,2342
2024-07-06,Apple,Mumbai,2356
2024-07-07,Apple,Mumbai,2343
2024-07-08,Apple,Mumbai,2325
2024-07-09,Apple,Mumbai,2338
2024-07-10,Apple,Mumbai,2358
2024-07-11,Apple,Mumbai,2371
2024-07-12,Apple,Mumbai,2391
2024-07-13,Apple,Mumbai,2382
2024-07-14,Apple,Mumbai,2401
2024-07-15,Apple,Mumbai,2408
2024-07-16,Apple,Mumbai,2388
2024-07-17,Apple,Mumbai,2377
2024-07-18,Apple,Mumbai,2359
2024-07-19,Apple,Mumbai,2378
2024-07-20,Apple,Mumbai,2362
2024-07-21,Apple,Mumbai,2386
2024-07-22,Apple,Mumbai,2377
2024-07-23,Apple,Mumbai,2395
2024-07-24,Apple,Mumbai,2414
2024-07-25,Apple,Mumbai,2418
2024-07-26,Apple,Mumbai,2419
2024-07-27,Apple,Mumbai,2442
2024-07-28,Apple,Mumbai,2435
2024-07-29,Apple,Mumbai,2437
2024-07-30,Apple,Mumbai,2450
2024-07-31,Apple,Mumbai,2452
2024-08-01,Apple,Mumbai,2443
2024-08-02,Apple,Mumbai,2428
2024-08-03,Apple,Mumbai,2433
2024-08-04,Apple,Mumbai,2425
2024-08-05,Apple,Mumbai,2429
2024-08-06,Apple,Mumbai,2452
2024-08-07,Apple,Mumbai,2448
2024-08-08,Apple,Mumbai,2464
2024-08-09,Apple,Mumbai,2476
2024-08-10,Apple,Mumbai,2466
2024-08-11,Apple,Mumbai,2456
2024-08-12,Apple,Mumbai,2437
2024-08-13,Apple,Mumbai,2448
2024-08-14,Apple,Mumbai,2467
2024-08-15,Apple,Mumbai,2458
2024-08-16,Apple,Mumbai,2438
2024-08-17,Apple,Mumbai,2421
2024-08-18,Apple,Mumbai,2433
2024-08-19,Apple,Mumbai,2415
2024-08-20,Apple,Mumbai,2418
2024-08-21,Apple,Mumbai,2423
2024-08-22,Apple,Mumbai,2422
2024-08-23,Apple,Mumbai,2439
2024-08-24,Apple,Mumbai,2429
2024-08-25,Apple,Mumbai,2429
2024-08-26,Apple,Mumbai,2423
2024-08-27,Apple,Mumbai,2417
2024-08-28,Apple,Mumbai,2398
2024-08-29,Apple,Mumbai,2396
2024-08-30,Apple,Mumbai,2418
2024-08-31,Apple,Mumbai,2425
2024-09-01,Apple,Mumbai,2406
2024-09-02,Apple,Mumbai,2395
2024-09-03,Apple,Mumbai,2418
2024-09-04,Apple,Mumbai,2433
2024-09-05,Apple,Mumbai,2441
2024-09-06,Apple,Mumbai,2428
2024-09-07,Apple,Mumbai,2442
2024-09-08,Apple,Mumbai,2458
2024-09-09,Apple,Mumbai,2477
2024-09-10,Apple,Mumbai,2482
2024-09-11,Apple,Mumbai,2483
2024-09-12,Apple,Mumbai,2493
2024-09-13,Apple,Mumbai,2488
2024-09-14,Apple,Mumbai,2480
2024-09-15,Apple,Mumbai,2463
2024-09-16,Apple,Mumbai,2467
2024-09-17,Apple,Mumbai,2474
2024-09-18,Apple,Mumbai,2477
2024-09-19,Apple,Mumbai,2469
2024-09-20,Apple,Mumbai,2451
2024-09-21,Apple,Mumbai,2469
2024-09-22,Apple,Mumbai,2469
2024-09-23,Apple,Mumbai,2478
2024-09-24,Apple,Mumbai,2503
2024-09-25,Apple,Mumbai,2518
2024-09-26,Apple,Mumbai,2500
2024-09-27,Apple,Mumbai,2509
2024-09-28,Apple,Mumbai,2489
2024-09-29,Apple,Mumbai,2509
2024-09-30,Apple,Mumbai,2510
2024-10-01,Apple,Mumbai,2527
2024-10-02,Apple,Mumbai,2517
2024-10-03,Apple,Mumbai,2525
2024-10-04,Apple,Mumbai,2547
2024-10-05,Apple,Mumbai,2566
2024-10-06,Apple,Mumbai,2576
2024-10-07,Apple,Mumbai,2596
2024-10-08,Apple,Mumbai,2602
2024-10-09,Apple,Mumbai,2610
2024-10-10,Apple,Mumbai,2605
2024-10-11,Apple,Mumbai,2609
2024-10-12,Apple,Mumbai,2622
2024-10-13,Apple,Mumbai,2637
2024-10-14,Apple,Mumbai,2628
2024-10-15,Apple,Mumbai,2630
2024-10-16,Apple,Mumbai,2636
2024-10-17,Apple,Mumbai,2639
2024-10-18,Apple,Mumbai,2643
2024-10-19,Apple,Mumbai,2667
2024-10-20,Apple,Mumbai,2662
2024-10-21,Apple,Mumbai,2643
2024-10-22,Apple,Mumbai,2627
2024-10-23,Apple,Mumbai,2617
2024-10-24,Apple,Mumbai,2599
2024-10-25,Apple,Mumbai,2584
2024-10-26,Apple,Mumbai,2585
2024-10-27,Apple,Mumbai,2581
2024-10-28,Apple,Mumbai,2578
2024-10-29,Apple,Mumbai,2573
2024-10-30,Apple,Mumbai,2565
2024-10-31,Apple,Mumbai,2566
2024-11-01,Apple,Mumbai,2548
2024-11-02,Apple,Mumbai,2566
2024-11-03,Apple,Mumbai,2561
2024-11-04,Apple,Mumbai,2553
2024-11-05,Apple,Mumbai,2567
2024-11-06,Apple,Mumbai,2582
2024-11-07,Apple,Mumbai,2568
2024-11-08,Apple,Mumbai,2570
2024-11-09,Apple,Mumbai,2594
2024-11-10,Apple,Mumbai,2597
2024-11-11,Apple,Mumbai,2606
2024-11-12,Apple,Mumbai,2593
2024-11-13,Apple,Mumbai,2601
2024-11-14,Apple,Mumbai,2608
2024-11-15,Apple,Mumbai,2597
2024-11-16,Apple,Mumbai,2607
2024-11-17,Apple,Mumbai,2623
2024-11-18,Apple,Mumbai,2629
2024-11-19,Apple,Mumbai,2611
2024-11-20,Apple,Mumbai,2602
2024-11-21,Apple,Mumbai,2612
2024-11-22,Apple,Mumbai,2609
2024-11-23,Apple,Mumbai,2610
2024-11-24,Apple,Mumbai,2615
2024-11-25,Apple,Mumbai,2618
2024-11-26,Apple,Mumbai,2625
2024-11-27,Apple,Mumbai,2622
2024-11-28,Apple,Mumbai,2609
2024-11-29,Apple,Mumbai,2616
2024-11-30,Apple,Mumbai,2599
2024-12-01,Apple,Mumbai,2583
2024-12-02,Apple,Mumbai,2579
2024-12-03,Apple,Mumbai,2565
2024-12-04,Apple,Mumbai,2554
2024-12-05,Apple,Mumbai,2536
2024-12-06,Apple,Mumbai,2538
2024-12-07,Apple,Mumbai,2545
2024-12-08,Apple,Mumbai,2553
2024-12-09,Apple,Mumbai,2536
2024-12-10,Apple,Mumbai,2558
2024-12-11,Apple,Mumbai,2571
2024-12-12,Apple,Mumbai,2589
2024-12-13,Apple,Mumbai,2589
2024-12-14,Apple,Mumbai,2608
2024-12-15,Apple,Mumbai,2615
2024-12-16,Apple,Mumbai,2619
2024-12-17,Apple,Mumbai,2617
2024-12-18,Apple,Mumbai,2599
2024-12-19,Apple,Mumbai,2580
2024-12-20,Apple,Mumbai,2584
2024-12-21,Apple,Mumbai,2598
2024-12-22,Apple,Mumbai,2602
2024-12-23,Apple,Mumbai,2596
2024-12-24,Apple,Mumbai,2595
2024-12-25,Apple,Mumbai,2602
2024-12-26,Apple,Mumbai,2602
2024-12-27,Apple,Mumbai,2594
2024-12-28,Apple,Mumbai,2579
2024-12-29,Apple,Mumbai,2579
2024-12-30,Apple,Mumbai,2581
2024-12-31,Apple,Mumbai,2599
2025-01-01,Apple,Mumbai,2589
2025-01-02,Apple,Mumbai,2614
2025-01-03,Apple,Mumbai,2610
2025-01-04,Apple,Mumbai,2611
2025-01-05,Apple,Mumbai,2598
2025-01-06,Apple,Mumbai,2598
2025-01-07,Apple,Mumbai,2583
2025-01-08,Apple,Mumbai,2575
2025-01-09,Apple,Mumbai,2587
2025-01-10,Apple,Mumbai,2606
2025-01-11,Apple,Mumbai,2594
2025-01-12,Apple,Mumbai,2586
2025-01-13,Apple,Mumbai,2608
2025-01-14,Apple,Mumbai,2604
2025-01-15,Apple,Mumbai,2593
2025-01-16,Apple,Mumbai,2575
2025-01-17,Apple,Mumbai,2562
2025-01-18,Apple,Mumbai,2545
2025-01-19,Apple,Mumbai,2543
2025-01-20,Apple,Mumbai,2547
2025-01-21,Apple,Mumbai,2543
2025-01-22,Apple,Mumbai,2532
2025-01-23,Apple,Mumbai,2513
2025-01-24,Apple,Mumbai,2509
2025-01-25,Apple,Mumbai,2514
2025-01-26,Apple,Mumbai,2527
2025-01-27,Apple,Mumbai,2520
2025-01-28,Apple,Mumbai,2519
2025-01-29,Apple,Mumbai,2523
2025-01-30,Apple,Mumbai,2507
2025-01-31,Apple,Mumbai,2502
2025-02-01,Apple,Mumbai,2486
2025-02-02,Apple,Mumbai,2506
2025-02-03,Apple,Mumbai,2506
2025-02-04,Apple,Mumbai,2491
2025-02-05,Apple,Mumbai,2516
2025-02-06,Apple,Mumbai,2537
2025-02-07,Apple,Mumbai,2553
2025-02-08,Apple,Mumbai,2567
2025-02-09,Apple,Mumbai,2557
2025-02-10,Apple,Mumbai,2564
2025-02-11,Apple,Mumbai,2544
2025-02-12,Apple,Mumbai,2566
2025-02-13,Apple,Mumbai,2586
2025-02-14,Apple,Mumbai,2606
2025-02-15,Apple,Mumbai,2608
2025-02-16,Apple,Mumbai,2609
2025-02-17,Apple,Mumbai,2597
2025-02-18,Apple,Mumbai,2580
2025-02-19,Apple,Mumbai,2585
2025-02-20,Apple,Mumbai,2591
2025-02-21,Apple,Mumbai,2616
2025-02-22,Apple,Mumbai,2616
2025-02-23,Apple,Mumbai,2615
2025-02-24,Apple,Mumbai,2633
2025-02-25,Apple,Mumbai,2633
2025-02-26,Apple,Mumbai,2657
2025-02-27,Apple,Mumbai,2655
2025-02-28,Apple,Mumbai,2678
2025-03-01,Apple,Mumbai,2703
2025-03-02,Apple,Mumbai,2686
2025-03-03,Apple,Mumbai,2666
2025-03-04,Apple,Mumbai,2680
2025-03-05,Apple,Mumbai,2697
2025-03-06,Apple,Mumbai,2702
2025-03-07,Apple,Mumbai,2708
2025-03-08,Apple,Mumbai,2707
2025-03-09,Apple,Mumbai,2687
2025-03-10,Apple,Mumbai,2698
2025-03-11,Apple,Mumbai,2688
2025-03-12,Apple,Mumbai,2704
2025-03-13,Apple,Mumbai,2711
2025-03-14,Apple,Mumbai,2699
2025-03-15,Apple,Mumbai,2694
2025-03-16,Apple,Mumbai,2675
2025-03-17,Apple,Mumbai,2658
2025-03-18,Apple,Mumbai,2671
2025-03-19,Apple,Mumbai,2676
2025-03-20,Apple,Mumbai,2670
2025-03-21,Apple,Mumbai,2672
2025-03-22,Apple,Mumbai,2682
2025-03-23,Apple,Mumbai,2673
2025-03-24,Apple,Mumbai,2657
2025-03-25,Apple,Mumbai,2671
2025-03-26,Apple,Mumbai,2660
2025-03-27,Apple,Mumbai,2673
2025-03-28,Apple,Mumbai,2682
2025-03-29,Apple,Mumbai,2706
2025-03-30,Apple,Mumbai,2688
2025-03-31,Apple,Mumbai,2674
2025-04-01,Apple,Mumbai,2689
2025-04-02,Apple,Mumbai,2712
2025-04-03,Apple,Mumbai,2728
2025-04-04,Apple,Mumbai,2739
2025-04-05,Apple,Mumbai,2750
2025-04-06,Apple,Mumbai,2760
2025-04-07,Apple,Mumbai,2757
2025-04-08,Apple,Mumbai,2766
2025-04-09,Apple,Mumbai,2786
2025-04-10,Apple,Mumbai,2801
2025-04-11,Apple,Mumbai,2791
2025-04-12,Apple,Mumbai,2789
2025-04-13,Apple,Mumbai,2778
2025-04-14,Apple,Mumbai,2788
2025-04-15,Apple,Mumbai,2783
2025-04-16,Apple,Mumbai,2780
2025-04-17,Apple,Mumbai,2790
2025-04-18,Apple,Mumbai,2801
2025-04-19,Apple,Mumbai,2817
2025-04-20,Apple,Mumbai,2824
2025-04-21,Apple,Mumbai,2840
2025-04-22,Apple,Mumbai,2850
2025-04-23,Apple,Mumbai,2860
2025-04-24,Apple,Mumbai,2850
2025-04-25,Apple,Mumbai,2866
2025-04-26,Apple,Mumbai,2887
2025-04-27,Apple,Mumbai,2892
2025-04-28,Apple,Mumbai,2877
2025-04-29,Apple,Mumbai,2871
2025-04-30,Apple,Mumbai,2881
2025-05-01,Apple,Mumbai,2862
2025-05-02,Apple,Mumbai,2862
2025-05-03,Apple,Mumbai,2861
2025-05-04,Apple,Mumbai,2841
2025-05-05,Apple,Mumbai,2830
2025-05-06,Apple,Mumbai,2810
2025-05-07,Apple,Mumbai,2806
2025-05-08,Apple,Mumbai,2808
2025-05-09,Apple,Mumbai,2832
2025-05-10,Apple,Mumbai,2852
2025-05-11,Apple,Mumbai,2853
2025-05-12,Apple,Mumbai,2878
2025-05-13,Apple,Mumbai,2890
2025-05-14,Apple,Mumbai,2909
2025-05-15,Apple,Mumbai,2922
2025-05-16,Apple,Mumbai,2919
2025-05-17,Apple,Mumbai,2932
2025-05-18,Apple,Mumbai,2953
2025-05-19,Apple,Mumbai,2940
2025-05-20,Apple,Mumbai,2947
2025-05-21,Apple,Mumbai,2941
2025-05-22,Apple,Mumbai,2954
2025-05-23,Apple,Mumbai,2939
2025-05-24,Apple,Mumbai,2947
2025-05-25,Apple,Mumbai,2967
2025-05-26,Apple,Mumbai,2976
2025-05-27,Apple,Mumbai,2986
2025-05-28,Apple,Mumbai,2968
2025-05-29,Apple,Mumbai,2969
2025-05-30,Apple,Mumbai,2993
2025-05-31,Apple,Mumbai,2973
2025-06-01,Apple,Mumbai,2977
2025-06-02,Apple,Mumbai,2968
2025-06-03,Apple,Mumbai,2968
2025-06-04,Apple,Mumbai,2976
2025-06-05,Apple,Mumbai,2970
2025-06-06,Apple,Mumbai,2984
2025-06-07,Apple,Mumbai,3001
2025-06-08,Apple,Mumbai,3012
2025-06-09,Apple,Mumbai,3025
2025-06-10,Apple,Mumbai,3018
2025-06-11,Apple,Mumbai,3018
2025-06-12,Apple,Mumbai,3012
2025-06-13,Apple,Mumbai,3010
2025-06-14,Apple,Mumbai,2997
2025-06-15,Apple,Mumbai,3010
2025-06-16,Apple,Mumbai,3001
2025-06-17,Apple,Mumbai,2988
2025-06-18,Apple,Mumbai,3007
2025-06-19,Apple,Mumbai,3005
2025-06-20,Apple,Mumbai,3030
2025-06-21,Apple,Mumbai,3020
2025-06-22,Apple,Mumbai,3017
2025-06-23,Apple,Mumbai,3018
2025-06-24,Apple,Mumbai,3025
2025-06-25,Apple,Mumbai,3032
2025-06-26,Apple,Mumbai,3054
2025-06-27,Apple,Mumbai,3038
2025-06-28,Apple,Mumbai,3019
2025-06-29,Apple,Mumbai,3031
2025-06-30,Apple,Mumbai,3032
2025-07-01,Apple,Mumbai,3044
2025-07-02,Apple,Mumbai,3043
2025-07-03,Apple,Mumbai,3041
2025-07-04,Apple,Mumbai,3043
2025-07-05,Apple,Mumbai,3053
2025-07-06,Apple,Mumbai,3052
2025-07-07,Apple,Mumbai,3051
2025-07-08,Apple,Mumbai,3032
2025-07-09,Apple,Mumbai,3055
2025-07-10,Apple,Mumbai,3053
2025-07-11,Apple,Mumbai,3055
2025-07-12,Apple,Mumbai,3061
2025-07-13,Apple,Mumbai,3043
2025-07-14,Apple,Mumbai,3061
2025-07-15,Apple,Mumbai,3057
2025-07-16,Apple,Mumbai,3054
2025-07-17,Apple,Mumbai,3066
2025-07-18,Apple,Mumbai,3073
2025-07-19,Apple,Mumbai,3090
2025-07-20,Apple,Mumbai,3087
2025-07-21,Apple,Mumbai,3102
2025-07-22,Apple,Mumbai,3094
2025-07-23,Apple,Mumbai,3098
2025-07-24,Apple,Mumbai,3112
2025-07-25,Apple,Mumbai,3128
2025-07-26,Apple,Mumbai,3141
2025-07-27,Apple,Mumbai,3128
2025-07-28,Apple,Mumbai,3128
2025-07-29,Apple,Mumbai,3151
2025-07-30,Apple,Mumbai,3145
2025-07-31,Apple,Mumbai,3125
2025-08-01,Apple,Mumbai,3114
2025-08-02,Apple,Mumbai,3114
2025-08-03,Apple,Mumbai,3108
2025-08-04,Apple,Mumbai,3108
2025-08-05,Apple,Mumbai,3098
2025-08-06,Apple,Mumbai,3118
2025-08-07,Apple,Mumbai,3116
2025-08-08,Apple,Mumbai,3124
2025-08-09,Apple,Mumbai,3136
2025-08-10,Apple,Mumbai,3132
2025-08-11,Apple,Mumbai,3129
2025-08-12,Apple,Mumbai,3145
2025-08-13,Apple,Mumbai,3140
2025-08-14,Apple,Mumbai,3127
2025-08-15,Apple,Mumbai,3117
2025-08-16,Apple,Mumbai,3099
2025-08-17,Apple,Mumbai,3115
2025-08-18,Apple,Mumbai,3136
2025-08-19,Apple,Mumbai,3159
2025-08-20,Apple,Mumbai,3170
2025-08-21,Apple,Mumbai,3156
2025-08-22,Apple,Mumbai,3141
2025-08-23,Apple,Mumbai,3149
2025-08-24,Apple,Mumbai,3151
2025-08-25,Apple,Mumbai,3158
2025-08-26,Apple,Mumbai,3181
2025-08-27,Apple,Mumbai,3165
2025-08-28,Apple,Mumbai,3188
2025-08-29,Apple,Mumbai,3207
2025-08-30,Apple,Mumbai,3209
2025-08-31,Apple,Mumbai,3212
2025-09-01,Apple,Mumbai,3196
2025-09-02,Apple,Mumbai,3221
2025-09-03,Apple,Mumbai,3205
2025-09-04,Apple,Mumbai,3197
2025-09-05,Apple,Mumbai,3215
2025-09-06,Apple,Mumbai,3236
2025-09-07,Apple,Mumbai,3245
2025-09-08,Apple,Mumbai,3239
2025-09-09,Apple,Mumbai,3262
2025-09-10,Apple,Mumbai,3285
2025-09-11,Apple,Mumbai,3285
2025-09-12,Apple,Mumbai,3271
2025-09-13,Apple,Mumbai,3259
2025-09-14,Apple,Mumbai,3239
2025-09-15,Apple,Mumbai,3263
2025-09-16,Apple,Mumbai,3249
2025-09-17,Apple,Mumbai,3256
2025-09-18,Apple,Mumbai,3253
2025-09-19,Apple,Mumbai,3264
2025-09-20,Apple,Mumbai,3288
2025-09-21,Apple,Mumbai,3292
2025-09-22,Apple,Mumbai,3273
2025-09-23,Apple,Mumbai,3292
2025-09-24,Apple,Mumbai,3283
2025-09-25,Apple,Mumbai,3305
2025-09-26,Apple,Mumbai,3313
2025-09-27,Apple,Mumbai,3310
2025-09-28,Apple,Mumbai,3326
2025-09-29,Apple,Mumbai,3318
2025-09-30,Apple,Mumbai,3329
2025-10-01,Apple,Mumbai,3310
2025-10-02,Apple,Mumbai,3295
2025-10-03,Apple,Mumbai,3319
2025-10-04,Apple,Mumbai,3323
2025-10-05,Apple,Mumbai,3318
2025-10-06,Apple,Mumbai,3327
2025-10-07,Apple,Mumbai,3322
2025-10-08,Apple,Mumbai,3339
2025-10-09,Apple,Mumbai,3335
2025-10-10,Apple,Mumbai,3319
2025-10-11,Apple,Mumbai,3299
2025-10-12,Apple,Mumbai,3294
2025-10-13,Apple,Mumbai,3280
2025-10-14,Apple,Mumbai,3271
2025-10-15,Apple,Mumbai,3276
2025-10-16,Apple,Mumbai,3290
2025-10-17,Apple,Mumbai,3307
2025-10-18,Apple,Mumbai,3315
2025-10-19,Apple,Mumbai,3301
2025-10-20,Apple,Mumbai,3295
2025-10-21,Apple,Mumbai,3294
2025-10-22,Apple,Mumbai,3308
2025-10-23,Apple,Mumbai,3298
2025-10-24,Apple,Mumbai,3319
2025-10-25,Apple,Mumbai,3339
2025-10-26,Apple,Mumbai,3351
2025-10-27,Apple,Mumbai,3366
2025-10-28,Apple,Mumbai,3385
2025-10-29,Apple,Mumbai,3383
2025-10-30,Apple,Mumbai,3368
2025-10-31,Apple,Mumbai,3362
2025-11-01,Apple,Mumbai,3372
2025-11-02,Apple,Mumbai,3374
2025-11-03,Apple,Mumbai,3362
2025-11-04,Apple,Mumbai,3358
2025-11-05,Apple,Mumbai,3374
2025-11-06,Apple,Mumbai,3367
2025-11-07,Apple,Mumbai,3353
2025-11-08,Apple,Mumbai,3336
2025-11-09,Apple,Mumbai,3350
2025-11-10,Apple,Mumbai,3338
2025-11-11,Apple,Mumbai,3328
2025-11-12,Apple,Mumbai,3317
2025-11-13,Apple,Mumbai,3328
2025-11-14,Apple,Mumbai,3344
2025-11-15,Apple,Mumbai,3329
2025-11-16,Apple,Mumbai,3353
2025-11-17,Apple,Mumbai,3345
2025-11-18,Apple,Mumbai,3349
2025-11-19,Apple,Mumbai,3332
2025-11-20,Apple,Mumbai,3356
2025-11-21,Apple,Mumbai,3367
2025-11-22,Apple,Mumbai,3351
2025-11-23,Apple,Mumbai,3345
2025-11-24,Apple,Mumbai,3342
2025-11-25,Apple,Mumbai,3361
2025-11-26,Apple,Mumbai,3354
2025-11-27,Apple,Mumbai,3355
2025-11-28,Apple,Mumbai,3341
2025-11-29,Apple,Mumbai,3324
2025-11-30,Apple,Mumbai,3309
2025-12-01,Apple,Mumbai,3327
2025-12-02,Apple,Mumbai,3328
2025-12-03,Apple,Mumbai,3335
2025-12-04,Apple,Mumbai,3319
2025-12-05,Apple,Mumbai,3327
2025-12-06,Apple,Mumbai,3321
2025-12-07,Apple,Mumbai,3322
2025-12-08,Apple,Mumbai,3341
2025-12-09,Apple,Mumbai,3330
2025-12-10,Apple,Mumbai,3328
2025-12-11,Apple,Mumbai,3308
2025-12-12,Apple,Mumbai,3326
2025-12-13,Apple,Mumbai,3347
2025-12-14,Apple,Mumbai,3364
2025-12-15,Apple,Mumbai,3348
2025-12-16,Apple,Mumbai,3358
2025-12-17,Apple,Mumbai,3380
2025-12-18,Apple,Mumbai,3400
2025-12-19,Apple,Mumbai,3410
2025-12-20,Apple,Mumbai,3403
2025-12-21,Apple,Mumbai,3405
2025-12-22,Apple,Mumbai,3405
2025-12-23,Apple,Mumbai,3415
2025-12-24,Apple,Mumbai,3437
2025-12-25,Apple,Mumbai,3453
2025-12-26,Apple,Mumbai,3463
2025-12-27,Apple,Mumbai,3485
2025-12-28,Apple,Mumbai,3478
2025-12-29,Apple,Mumbai,3492
2025-12-30,Apple,Mumbai,3483
2025-12-31,Apple,Mumbai,3501
2024-01-01,Apple,Nagpur,1925
2024-01-02,Apple,Nagpur,1924
2024-01-03,Apple,Nagpur,1947
2024-01-04,Apple,Nagpur,1954
2024-01-05,Apple,Nagpur,1976
2024-01-06,Apple,Nagpur,1977
2024-01-07,Apple,Nagpur,1983
2024-01-08,Apple,Nagpur,1984
2024-01-09,Apple,Nagpur,1993
2024-01-10,Apple,Nagpur,2000
2024-01-11,Apple,Nagpur,1990
2024-01-12,Apple,Nagpur,1996
2024-01-13,Apple,Nagpur,1987
2024-01-14,Apple,Nagpur,1970
2024-01-15,Apple,Nagpur,1974
2024-01-16,Apple,Nagpur,1973
2024-01-17,Apple,Nagpur,1975
2024-01-18,Apple,Nagpur,1973
2024-01-19,Apple,Nagpur,1969
2024-01-20,Apple,Nagpur,1960
2024-01-21,Apple,Nagpur,1979
2024-01-22,Apple,Nagpur,1969
2024-01-23,Apple,Nagpur,1988
2024-01-24,Apple,Nagpur,1972
2024-01-25,Apple,Nagpur,1979
2024-01-26,Apple,Nagpur,1967
2024-01-27,Apple,Nagpur,1969
2024-01-28,Apple,Nagpur,1994
2024-01-29,Apple,Nagpur,2015
2024-01-30,Apple,Nagpur,2010
2024-01-31,Apple,Nagpur,1995
2024-02-01,Apple,Nagpur,1979
2024-02-02,Apple,Nagpur,1987
2024-02-03,Apple,Nagpur,1969
2024-02-04,Apple,Nagpur,1983
2024-02-05,Apple,Nagpur,1968
2024-02-06,Apple,Nagpur,1985
2024-02-07,Apple,Nagpur,2005
2024-02-08,Apple,Nagpur,1988
2024-02-09,Apple,Nagpur,1996
2024-02-10,Apple,Nagpur,1977
2024-02-11,Apple,Nagpur,1989
2024-02-12,Apple,Nagpur,1975
2024-02-13,Apple,Nagpur,1958
2024-02-14,Apple,Nagpur,1960
2024-02-15,Apple,Nagpur,1950
2024-02-16,Apple,Nagpur,1941
2024-02-17,Apple,Nagpur,1955
2024-02-18,Apple,Nagpur,1977
2024-02-19,Apple,Nagpur,2000
2024-02-20,Apple,Nagpur,1989
2024-02-21,Apple,Nagpur,1975
2024-02-22,Apple,Nagpur,1960
2024-02-23,Apple,Nagpur,1949
2024-02-24,Apple,Nagpur,1973
2024-02-25,Apple,Nagpur,1993
2024-02-26,Apple,Nagpur,1980
2024-02-27,Apple,Nagpur,1997
2024-02-28,Apple,Nagpur,1977
2024-02-29,Apple,Nagpur,1992
2024-03-01,Apple,Nagpur,2013
2024-03-02,Apple,Nagpur,2016
2024-03-03,Apple,Nagpur,2031
2024-03-04,Apple,Nagpur,2014
2024-03-05,Apple,Nagpur,2014
2024-03-06,Apple,Nagpur,2023
2024-03-07,Apple,Nagpur,2030
2024-03-08,Apple,Nagpur,2052
2024-03-09,Apple,Nagpur,2059
2024-03-10,Apple,Nagpur,2074
2024-03-11,Apple,Nagpur,2080
2024-03-12,Apple,Nagpur,2102
2024-03-13,Apple,Nagpur,2085
2024-03-14,Apple,Nagpur,2075
2024-03-15,Apple,Nagpur,2078
2024-03-16,Apple,Nagpur,2093
2024-03-17,Apple,Nagpur,2106
2024-03-18,Apple,Nagpur,2088
2024-03-19,Apple,Nagpur,2079
2024-03-20,Apple,Nagpur,2059
2024-03-21,Apple,Nagpur,2059
2024-03-22,Apple,Nagpur,2059
2024-03-23,Apple,Nagpur,2076
2024-03-24,Apple,Nagpur,2056
2024-03-25,Apple,Nagpur,2063
2024-03-26,Apple,Nagpur,2073
2024-03-27,Apple,Nagpur,2061
2024-03-28,Apple,Nagpur,2063
2024-03-29,Apple,Nagpur,2064
2024-03-30,Apple,Nagpur,2083
2024-03-31,Apple,Nagpur,2072
2024-04-01,Apple,Nagpur,2064
2024-04-02,Apple,Nagpur,2077
2024-04-03,Apple,Nagpur,2067
2024-04-04,Apple,Nagpur,2079
2024-04-05,Apple,Nagpur,2081
2024-04-06,Apple,Nagpur,2062
2024-04-07,Apple,Nagpur,2064
2024-04-08,Apple,Nagpur,2075
2024-04-09,Apple,Nagpur,2076
2024-04-10,Apple,Nagpur,2085
2024-04-11,Apple,Nagpur,2106
2024-04-12,Apple,Nagpur,2105
2024-04-13,Apple,Nagpur,2111
2024-04-14,Apple,Nagpur,2092
2024-04-15,Apple,Nagpur,2112
2024-04-16,Apple,Nagpur,2122
2024-04-17,Apple,Nagpur,2110
2024-04-18,Apple,Nagpur,2121
2024-04-19,Apple,Nagpur,2134
2024-04-20,Apple,Nagpur,2122
2024-04-21,Apple,Nagpur,2133
2024-04-22,Apple,Nagpur,2141
2024-04-23,Apple,Nagpur,2164
2024-04-24,Apple,Nagpur,2171
2024-04-25,Apple,Nagpur,2177
2024-04-26,Apple,Nagpur,2177
2024-04-27,Apple,Nagpur,2165
2024-04-28,Apple,Nagpur,2153
2024-04-29,Apple,Nagpur,2133
2024-04-30,Apple,Nagpur,2114
2024-05-01,Apple,Nagpur,2112
2024-05-02,Apple,Nagpur,2094
2024-05-03,Apple,Nagpur,2085
2024-05-04,Apple,Nagpur,2102
2024-05-05,Apple,Nagpur,2113
2024-05-06,Apple,Nagpur,2121
2024-05-07,Apple,Nagpur,2126
2024-05-08,Apple,Nagpur,2139
2024-05-09,Apple,Nagpur,2122
2024-05-10,Apple,Nagpur,2118
2024-05-11,Apple,Nagpur,2105
2024-05-12,Apple,Nagpur,2130
2024-05-13,Apple,Nagpur,2128
2024-05-14,Apple,Nagpur,2147
2024-05-15,Apple,Nagpur,2162
2024-05-16,Apple,Nagpur,2159
2024-05-17,Apple,Nagpur,2139
2024-05-18,Apple,Nagpur,2132
2024-05-19,Apple,Nagpur,2129
2024-05-20,Apple,Nagpur,2116
2024-05-21,Apple,Nagpur,2114
2024-05-22,Apple,Nagpur,2096
2024-05-23,Apple,Nagpur,2095
2024-05-24,Apple,Nagpur,2075
2024-05-25,Apple,Nagpur,2086
2024-05-26,Apple,Nagpur,2106
2024-05-27,Apple,Nagpur,2105
2024-05-28,Apple,Nagpur,2115
2024-05-29,Apple,Nagpur,2125
2024-05-30,Apple,Nagpur,2147
2024-05-31,Apple,Nagpur,2136
2024-06-01,Apple,Nagpur,2118
2024-06-02,Apple,Nagpur,2099
2024-06-03,Apple,Nagpur,2112
2024-06-04,Apple,Nagpur,2109
2024-06-05,Apple,Nagpur,2097
2024-06-06,Apple,Nagpur,2102
2024-06-07,Apple,Nagpur,2086
2024-06-08,Apple,Nagpur,2096
2024-06-09,Apple,Nagpur,2092
2024-06-10,Apple,Nagpur,2112
2024-06-11,Apple,Nagpur,2127
2024-06-12,Apple,Nagpur,2112
2024-06-13,Apple,Nagpur,2103
2024-06-14,Apple,Nagpur,2101
2024-06-15,Apple,Nagpur,2091
2024-06-16,Apple,Nagpur,2090
2024-06-17,Apple,Nagpur,2096
2024-06-18,Apple,Nagpur,2111
2024-06-19,Apple,Nagpur,2121
2024-06-20,Apple,Nagpur,2131
2024-06-21,Apple,Nagpur,2135
2024-06-22,Apple,Nagpur,2153
2024-06-23,Apple,Nagpur,2138
2024-06-24,Apple,Nagpur,2126
2024-06-25,Apple,Nagpur,2120
2024-06-26,Apple,Nagpur,2110
2024-06-27,Apple,Nagpur,2097
2024-06-28,Apple,Nagpur,2105
2024-06-29,Apple,Nagpur,2089
2024-06-30,Apple,Nagpur,2083
2024-07-01,Apple,Nagpur,2105
2024-07-02,Apple,Nagpur,2090
2024-07-03,Apple,Nagpur,2073
2024-07-04,Apple,Nagpur,2085
2024-07-05,Apple,Nagpur,2079
2024-07-06,Apple,Nagpur,2103
2024-07-07,Apple,Nagpur,2124
2024-07-08,Apple,Nagpur,2120
2024-07-09,Apple,Nagpur,2115
2024-07-10,Apple,Nagpur,2106
2024-07-11,Apple,Nagpur,2108
2024-07-12,Apple,Nagpur,2106
2024-07-13,Apple,Nagpur,2108
2024-07-14,Apple,Nagpur,2124
2024-07-15,Apple,Nagpur,2141
2024-07-16,Apple,Nagpur,2130
2024-07-17,Apple,Nagpur,2125
2024-07-18,Apple,Nagpur,2119
2024-07-19,Apple,Nagpur,2102
2024-07-20,Apple,Nagpur,2090
2024-07-21,Apple,Nagpur,2082
2024-07-22,Apple,Nagpur,2063
2024-07-23,Apple,Nagpur,2087
2024-07-24,Apple,Nagpur,2096
2024-07-25,Apple,Nagpur,2118
2024-07-26,Apple,Nagpur,2128
2024-07-27,Apple,Nagpur,2126
2024-07-28,Apple,Nagpur,2123
2024-07-29,Apple,Nagpur,2114
2024-07-30,Apple,Nagpur,2110
2024-07-31,Apple,Nagpur,2100
2024-08-01,Apple,Nagpur,2100
2024-08-02,Apple,Nagpur,2117
2024-08-03,Apple,Nagpur,2100
2024-08-04,Apple,Nagpur,2113
2024-08-05,Apple,Nagpur,2126
2024-08-06,Apple,Nagpur,2148
2024-08-07,Apple,Nagpur,2167
2024-08-08,Apple,Nagpur,2159
2024-08-09,Apple,Nagpur,2178
2024-08-10,Apple,Nagpur,2203
2024-08-11,Apple,Nagpur,2215
2024-08-12,Apple,Nagpur,2199
2024-08-13,Apple,Nagpur,2183
2024-08-14,Apple,Nagpur,2177
2024-08-15,Apple,Nagpur,2193
2024-08-16,Apple,Nagpur,2200
2024-08-17,Apple,Nagpur,2217
2024-08-18,Apple,Nagpur,2212
2024-08-19,Apple,Nagpur,2200
2024-08-20,Apple,Nagpur,2210
2024-08-21,Apple,Nagpur,2223
2024-08-22,Apple,Nagpur,2234
2024-08-23,Apple,Nagpur,2214
2024-08-24,Apple,Nagpur,2197
2024-08-25,Apple,Nagpur,2214
2024-08-26,Apple,Nagpur,2197
2024-08-27,Apple,Nagpur,2202
2024-08-28,Apple,Nagpur,2188
2024-08-29,Apple,Nagpur,2208
2024-08-30,Apple,Nagpur,2208
2024-08-31,Apple,Nagpur,2189
2024-09-01,Apple,Nagpur,2207
2024-09-02,Apple,Nagpur,2190
2024-09-03,Apple,Nagpur,2204
2024-09-04,Apple,Nagpur,2222
2024-09-05,Apple,Nagpur,2209
2024-09-06,Apple,Nagpur,2201
2024-09-07,Apple,Nagpur,2206
2024-09-08,Apple,Nagpur,2198
2024-09-09,Apple,Nagpur,2194
2024-09-10,Apple,Nagpur,2208
2024-09-11,Apple,Nagpur,2226
2024-09-12,Apple,Nagpur,2213
2024-09-13,Apple,Nagpur,2230
2024-09-14,Apple,Nagpur,2223
2024-09-15,Apple,Nagpur,2245
2024-09-16,Apple,Nagpur,2252
2024-09-17,Apple,Nagpur,2251
2024-09-18,Apple,Nagpur,2245
2024-09-19,Apple,Nagpur,2251
2024-09-20,Apple,Nagpur,2244
2024-09-21,Apple,Nagpur,2231
2024-09-22,Apple,Nagpur,2220
2024-09-23,Apple,Nagpur,2216
2024-09-24,Apple,Nagpur,2209
2024-09-25,Apple,Nagpur,2199
2024-09-26,Apple,Nagpur,2196
2024-09-27,Apple,Nagpur,2213
2024-09-28,Apple,Nagpur,2226
2024-09-29,Apple,Nagpur,2218
2024-09-30,Apple,Nagpur,2204
2024-10-01,Apple,Nagpur,2200
2024-10-02,Apple,Nagpur,2218
2024-10-03,Apple,Nagpur,2226
2024-10-04,Apple,Nagpur,2241
2024-10-05,Apple,Nagpur,2233
2024-10-06,Apple,Nagpur,2219
2024-10-07,Apple,Nagpur,2214
2024-10-08,Apple,Nagpur,2236
2024-10-09,Apple,Nagpur,2229
2024-10-10,Apple,Nagpur,2211
2024-10-11,Apple,Nagpur,2192
2024-10-12,Apple,Nagpur,2177
2024-10-13,Apple,Nagpur,2190
2024-10-14,Apple,Nagpur,2173
2024-10-15,Apple,Nagpur,2153
2024-10-16,Apple,Nagpur,2133
2024-10-17,Apple,Nagpur,2130
2024-10-18,Apple,Nagpur,2118
2024-10-19,Apple,Nagpur,2106
2024-10-20,Apple,Nagpur,2105
2024-10-21,Apple,Nagpur,2117
2024-10-22,Apple,Nagpur,2104
2024-10-23,Apple,Nagpur,2095
2024-10-24,Apple,Nagpur,2098
2024-10-25,Apple,Nagpur,2107
2024-10-26,Apple,Nagpur,2112
2024-10-27,Apple,Nagpur,2130
2024-10-28,Apple,Nagpur,2118
2024-10-29,Apple,Nagpur,2101
2024-10-30,Apple,Nagpur,2097
2024-10-31,Apple,Nagpur,2116
2024-11-01,Apple,Nagpur,2110
2024-11-02,Apple,Nagpur,2094
2024-11-03,Apple,Nagpur,2093
2024-11-04,Apple,Nagpur,2075
2024-11-05,Apple,Nagpur,2058
2024-11-06,Apple,Nagpur,2068
2024-11-07,Apple,Nagpur,2069
2024-11-08,Apple,Nagpur,2050
2024-11-09,Apple,Nagpur,2050
2024-11-10,Apple,Nagpur,2038
2024-11-11,Apple,Nagpur,2028
2024-11-12,Apple,Nagpur,2014
2024-11-13,Apple,Nagpur,2003
2024-11-14,Apple,Nagpur,2000
2024-11-15,Apple,Nagpur,1990
2024-11-16,Apple,Nagpur,1986
2024-11-17,Apple,Nagpur,1997
2024-11-18,Apple,Nagpur,2014
2024-11-19,Apple,Nagpur,2009
2024-11-20,Apple,Nagpur,1991
2024-11-21,Apple,Nagpur,2013
2024-11-22,Apple,Nagpur,2016
2024-11-23,Apple,Nagpur,2039
2024-11-24,Apple,Nagpur,2048
2024-11-25,Apple,Nagpur,2053
2024-11-26,Apple,Nagpur,2070
2024-11-27,Apple,Nagpur,2067
2024-11-28,Apple,Nagpur,2087
2024-11-29,Apple,Nagpur,2096
2024-11-30,Apple,Nagpur,2085
2024-12-01,Apple,Nagpur,2101
2024-12-02,Apple,Nagpur,2113
2024-12-03,Apple,Nagpur,2112
2024-12-04,Apple,Nagpur,2109
2024-12-05,Apple,Nagpur,2121
2024-12-06,Apple,Nagpur,2127
2024-12-07,Apple,Nagpur,2135
2024-12-08,Apple,Nagpur,2128
2024-12-09,Apple,Nagpur,2116
2024-12-10,Apple,Nagpur,2135
2024-12-11,Apple,Nagpur,2130
2024-12-12,Apple,Nagpur,2143
2024-12-13,Apple,Nagpur,2128
2024-12-14,Apple,Nagpur,2135
2024-12-15,Apple,Nagpur,2128
2024-12-16,Apple,Nagpur,2137
2024-12-17,Apple,Nagpur,2130
2024-12-18,Apple,Nagpur,2116
2024-12-19,Apple,Nagpur,2121
2024-12-20,Apple,Nagpur,2126
2024-12-21,Apple,Nagpur,2147
2024-12-22,Apple,Nagpur,2167
2024-12-23,Apple,Nagpur,2165
2024-12-24,Apple,Nagpur,2172
2024-12-25,Apple,Nagpur,2175
2024-12-26,Apple,Nagpur,2175
2024-12-27,Apple,Nagpur,2159
2024-12-28,Apple,Nagpur,2143
2024-12-29,Apple,Nagpur,2151
2024-12-30,Apple,Nagpur,2148
2024-12-31,Apple,Nagpur,2147
2025-01-01,Apple,Nagpur,2142
2025-01-02,Apple,Nagpur,2146
2025-01-03,Apple,Nagpur,2153
2025-01-04,Apple,Nagpur,2175
2025-01-05,Apple,Nagpur,2159
2025-01-06,Apple,Nagpur,2183
2025-01-07,Apple,Nagpur,2168
2025-01-08,Apple,Nagpur,2192
2025-01-09,Apple,Nagpur,2199
2025-01-10,Apple,Nagpur,2192
2025-01-11,Apple,Nagpur,2215
2025-01-12,Apple,Nagpur,2215
2025-01-13,Apple,Nagpur,2227
2025-01-14,Apple,Nagpur,2207
2025-01-15,Apple,Nagpur,2188
2025-01-16,Apple,Nagpur,2180
2025-01-17,Apple,Nagpur,2201
2025-01-18,Apple,Nagpur,2209
2025-01-19,Apple,Nagpur,2207
2025-01-20,Apple,Nagpur,2206
2025-01-21,Apple,Nagpur,2214
2025-01-22,Apple,Nagpur,2232
2025-01-23,Apple,Nagpur,2215
2025-01-24,Apple,Nagpur,2226
2025-01-25,Apple,Nagpur,2217
2025-01-26,Apple,Nagpur,2199
2025-01-27,Apple,Nagpur,2213
2025-01-28,Apple,Nagpur,2218
2025-01-29,Apple,Nagpur,2223
2025-01-30,Apple,Nagpur,2224
2025-01-31,Apple,Nagpur,2206
2025-02-01,Apple,Nagpur,2186
2025-02-02,Apple,Nagpur,2187
2025-02-03,Apple,Nagpur,2176
2025-02-04,Apple,Nagpur,2156
2025-02-05,Apple,Nagpur,2153
2025-02-06,Apple,Nagpur,2172
2025-02-07,Apple,Nagpur,2171
2025-02-08,Apple,Nagpur,2161
2025-02-09,Apple,Nagpur,2151
2025-02-10,Apple,Nagpur,2142
2025-02-11,Apple,Nagpur,2128
2025-02-12,Apple,Nagpur,2147
2025-02-13,Apple,Nagpur,2161
2025-02-14,Apple,Nagpur,2147
2025-02-15,Apple,Nagpur,2139
2025-02-16,Apple,Nagpur,2151
2025-02-17,Apple,Nagpur,2153
2025-02-18,Apple,Nagpur,2161
2025-02-19,Apple,Nagpur,2165
2025-02-20,Apple,Nagpur,2172
2025-02-21,Apple,Nagpur,2168
2025-02-22,Apple,Nagpur,2173
2025-02-23,Apple,Nagpur,2169
2025-02-24,Apple,Nagpur,2158
2025-02-25,Apple,Nagpur,2178
2025-02-26,Apple,Nagpur,2178
2025-02-27,Apple,Nagpur,2181
2025-02-28,Apple,Nagpur,2203
2025-03-01,Apple,Nagpur,2203
2025-03-02,Apple,Nagpur,2201
2025-03-03,Apple,Nagpur,2188
2025-03-04,Apple,Nagpur,2183
2025-03-05,Apple,Nagpur,2172
2025-03-06,Apple,Nagpur,2154
2025-03-07,Apple,Nagpur,2158
2025-03-08,Apple,Nagpur,2178
2025-03-09,Apple,Nagpur,2170
2025-03-10,Apple,Nagpur,2184
2025-03-11,Apple,Nagpur,2164
2025-03-12,Apple,Nagpur,2179
2025-03-13,Apple,Nagpur,2192
2025-03-14,Apple,Nagpur,2206
2025-03-15,Apple,Nagpur,2215
2025-03-16,Apple,Nagpur,2210
2025-03-17,Apple,Nagpur,2211
2025-03-18,Apple,Nagpur,2228
2025-03-19,Apple,Nagpur,2246
2025-03-20,Apple,Nagpur,2239
2025-03-21,Apple,Nagpur,2226
2025-03-22,Apple,Nagpur,2235
2025-03-23,Apple,Nagpur,2227
2025-03-24,Apple,Nagpur,2222
2025-03-25,Apple,Nagpur,2219
2025-03-26,Apple,Nagpur,2222
2025-03-27,Apple,Nagpur,2222
2025-03-28,Apple,Nagpur,2214
2025-03-29,Apple,Nagpur,2205
2025-03-30,Apple,Nagpur,2213
2025-03-31,Apple,Nagpur,2230
2025-04-01,Apple,Nagpur,2255
2025-04-02,Apple,Nagpur,2247
2025-04-03,Apple,Nagpur,2245
2025-04-04,Apple,Nagpur,2242
2025-04-05,Apple,Nagpur,2252
2025-04-06,Apple,Nagpur,2251
2025-04-07,Apple,Nagpur,2254
2025-04-08,Apple,Nagpur,2249
2025-04-09,Apple,Nagpur,2249
2025-04-10,Apple,Nagpur,2259
2025-04-11,Apple,Nagpur,2240
2025-04-12,Apple,Nagpur,2233
2025-04-13,Apple,Nagpur,2230
2025-04-14,Apple,Nagpur,2244
2025-04-15,Apple,Nagpur,2226
2025-04-16,Apple,Nagpur,2227
2025-04-17,Apple,Nagpur,2242
2025-04-18,Apple,Nagpur,2255
2025-04-19,Apple,Nagpur,2273
2025-04-20,Apple,Nagpur,2289
2025-04-21,Apple,Nagpur,2309
2025-04-22,Apple,Nagpur,2325
2025-04-23,Apple,Nagpur,2340
2025-04-24,Apple,Nagpur,2331
2025-04-25,Apple,Nagpur,2331
2025-04-26,Apple,Nagpur,2313
2025-04-27,Apple,Nagpur,2312
2025-04-28,Apple,Nagpur,2305
2025-04-29,Apple,Nagpur,2311
2025-04-30,Apple,Nagpur,2331
2025-05-01,Apple,Nagpur,2344
2025-05-02,Apple,Nagpur,2350
2025-05-03,Apple,Nagpur,2355
2025-05-04,Apple,Nagpur,2350
2025-05-05,Apple,Nagpur,2347
2025-05-06,Apple,Nagpur,2349
2025-05-07,Apple,Nagpur,2371
2025-05-08,Apple,Nagpur,2357
2025-05-09,Apple,Nagpur,2359
2025-05-10,Apple,Nagpur,2368
2025-05-11,Apple,Nagpur,2386
2025-05-12,Apple,Nagpur,2395
2025-05-13,Apple,Nagpur,2415
2025-05-14,Apple,Nagpur,2408
2025-05-15,Apple,Nagpur,2403
2025-05-16,Apple,Nagpur,2394
2025-05-17,Apple,Nagpur,2410
2025-05-18,Apple,Nagpur,2413
2025-05-19,Apple,Nagpur,2403
2025-05-20,Apple,Nagpur,2390
2025-05-21,Apple,Nagpur,2391
2025-05-22,Apple,Nagpur,2394
2025-05-23,Apple,Nagpur,2379
2025-05-24,Apple,Nagpur,2397
2025-05-25,Apple,Nagpur,2379
2025-05-26,Apple,Nagpur,2387
2025-05-27,Apple,Nagpur,2395
2025-05-28,Apple,Nagpur,2419
2025-05-29,Apple,Nagpur,2440
2025-05-30,Apple,Nagpur,2445
2025-05-31,Apple,Nagpur,2451
2025-06-01,Apple,Nagpur,2470
2025-06-02,Apple,Nagpur,2474
2025-06-03,Apple,Nagpur,2454
2025-06-04,Apple,Nagpur,2435
2025-06-05,Apple,Nagpur,2456
2025-06-06,Apple,Nagpur,2459
2025-06-07,Apple,Nagpur,2469
2025-06-08,Apple,Nagpur,2462
2025-06-09,Apple,Nagpur,2482
2025-06-10,Apple,Nagpur,2463
2025-06-11,Apple,Nagpur,2480
2025-06-12,Apple,Nagpur,2461
2025-06-13,Apple,Nagpur,2481
2025-06-14,Apple,Nagpur,2495
2025-06-15,Apple,Nagpur,2491
2025-06-16,Apple,Nagpur,2494
2025-06-17,Apple,Nagpur,2476
2025-06-18,Apple,Nagpur,2494
2025-06-19,Apple,Nagpur,2516
2025-06-20,Apple,Nagpur,2512
2025-06-21,Apple,Nagpur,2524
2025-06-22,Apple,Nagpur,2539
2025-06-23,Apple,Nagpur,2523
2025-06-24,Apple,Nagpur,2530
2025-06-25,Apple,Nagpur,2543
2025-06-26,Apple,Nagpur,2535
2025-06-27,Apple,Nagpur,2518
2025-06-28,Apple,Nagpur,2519
2025-06-29,Apple,Nagpur,2539
2025-06-30,Apple,Nagpur,2548
2025-07-01,Apple,Nagpur,2567
2025-07-02,Apple,Nagpur,2570
2025-07-03,Apple,Nagpur,2555
2025-07-04,Apple,Nagpur,2544
2025-07-05,Apple,Nagpur,2562
2025-07-06,Apple,Nagpur,2563
2025-07-07,Apple,Nagpur,2569
2025-07-08,Apple,Nagpur,2577
2025-07-09,Apple,Nagpur,2592
2025-07-10,Apple,Nagpur,2588
2025-07-11,Apple,Nagpur,2577
2025-07-12,Apple,Nagpur,2588
2025-07-13,Apple,Nagpur,2598
2025-07-14,Apple,Nagpur,2580
2025-07-15,Apple,Nagpur,2581
2025-07-16,Apple,Nagpur,2598
2025-07-17,Apple,Nagpur,2593
2025-07-18,Apple,Nagpur,2607
2025-07-19,Apple,Nagpur,2602
2025-07-20,Apple,Nagpur,2624
2025-07-21,Apple,Nagpur,2604
2025-07-22,Apple,Nagpur,2612
2025-07-23,Apple,Nagpur,2614
2025-07-24,Apple,Nagpur,2633
2025-07-25,Apple,Nagpur,2648
2025-07-26,Apple,Nagpur,2639
2025-07-27,Apple,Nagpur,2652
2025-07-28,Apple,Nagpur,2636
2025-07-29,Apple,Nagpur,2651
2025-07-30,Apple,Nagpur,2643
2025-07-31,Apple,Nagpur,2625
2025-08-01,Apple,Nagpur,2617
2025-08-02,Apple,Nagpur,2636
2025-08-03,Apple,Nagpur,2627
2025-08-04,Apple,Nagpur,2622
2025-08-05,Apple,Nagpur,2622
2025-08-06,Apple,Nagpur,2603
2025-08-07,Apple,Nagpur,2604
2025-08-08,Apple,Nagpur,2628
2025-08-09,Apple,Nagpur,2612
2025-08-10,Apple,Nagpur,2626
2025-08-11,Apple,Nagpur,2619
2025-08-12,Apple,Nagpur,2622
2025-08-13,Apple,Nagpur,2638
2025-08-14,Apple,Nagpur,2631
2025-08-15,Apple,Nagpur,2636
2025-08-16,Apple,Nagpur,2640
2025-08-17,Apple,Nagpur,2623
2025-08-18,Apple,Nagpur,2612
2025-08-19,Apple,Nagpur,2614
2025-08-20,Apple,Nagpur,2630
2025-08-21,Apple,Nagpur,2623
2025-08-22,Apple,Nagpur,2614
2025-08-23,Apple,Nagpur,2639
2025-08-24,Apple,Nagpur,2652
2025-08-25,Apple,Nagpur,2674
2025-08-26,Apple,Nagpur,2663
2025-08-27,Apple,Nagpur,2688
2025-08-28,Apple,Nagpur,2703
2025-08-29,Apple,Nagpur,2684
2025-08-30,Apple,Nagpur,2708
2025-08-31,Apple,Nagpur,2702
2025-09-01,Apple,Nagpur,2687
2025-09-02,Apple,Nagpur,2709
2025-09-03,Apple,Nagpur,2694
2025-09-04,Apple,Nagpur,2681
2025-09-05,Apple,Nagpur,2679
2025-09-06,Apple,Nagpur,2697
2025-09-07,Apple,Nagpur,2686
2025-09-08,Apple,Nagpur,2675
2025-09-09,Apple,Nagpur,2693
2025-09-10,Apple,Nagpur,2673
2025-09-11,Apple,Nagpur,2669
2025-09-12,Apple,Nagpur,2675
2025-09-13,Apple,Nagpur,2657
2025-09-14,Apple,Nagpur,2655
2025-09-15,Apple,Nagpur,2677
2025-09-16,Apple,Nagpur,2666
2025-09-17,Apple,Nagpur,2661
2025-09-18,Apple,Nagpur,2652
2025-09-19,Apple,Nagpur,2646
2025-09-20,Apple,Nagpur,2653
2025-09-21,Apple,Nagpur,2640
2025-09-22,Apple,Nagpur,2647
2025-09-23,Apple,Nagpur,2645
2025-09-24,Apple,Nagpur,2644
2025-09-25,Apple,Nagpur,2634
2025-09-26,Apple,Nagpur,2657
2025-09-27,Apple,Nagpur,2680
2025-09-28,Apple,Nagpur,2663
2025-09-29,Apple,Nagpur,2680
2025-09-30,Apple,Nagpur,2697
2025-10-01,Apple,Nagpur,2677
2025-10-02,Apple,Nagpur,2701
2025-10-03,Apple,Nagpur,2706
2025-10-04,Apple,Nagpur,2730
2025-10-05,Apple,Nagpur,2718
2025-10-06,Apple,Nagpur,2740
2025-10-07,Apple,Nagpur,2734
2025-10-08,Apple,Nagpur,2724
2025-10-09,Apple,Nagpur,2732
2025-10-10,Apple,Nagpur,2715
2025-10-11,Apple,Nagpur,2739
2025-10-12,Apple,Nagpur,2733
2025-10-13,Apple,Nagpur,2731
2025-10-14,Apple,Nagpur,2724
2025-10-15,Apple,Nagpur,2707
2025-10-16,Apple,Nagpur,2708
2025-10-17,Apple,Nagpur,2698
2025-10-18,Apple,Nagpur,2713
2025-10-19,Apple,Nagpur,2735
2025-10-20,Apple,Nagpur,2753
2025-10-21,Apple,Nagpur,2754
2025-10-22,Apple,Nagpur,2751
2025-10-23,Apple,Nagpur,2746
2025-10-24,Apple,Nagpur,2740
2025-10-25,Apple,Nagpur,2730
2025-10-26,Apple,Nagpur,2712
2025-10-27,Apple,Nagpur,2701
2025-10-28,Apple,Nagpur,2722
2025-10-29,Apple,Nagpur,2742
2025-10-30,Apple,Nagpur,2730
2025-10-31,Apple,Nagpur,2733
2025-11-01,Apple,Nagpur,2725
2025-11-02,Apple,Nagpur,2720
2025-11-03,Apple,Nagpur,2700
2025-11-04,Apple,Nagpur,2707
2025-11-05,Apple,Nagpur,2702
2025-11-06,Apple,Nagpur,2701
2025-11-07,Apple,Nagpur,2711
2025-11-08,Apple,Nagpur,2724
2025-11-09,Apple,Nagpur,2733
2025-11-10,Apple,Nagpur,2723
2025-11-11,Apple,Nagpur,2711
2025-11-12,Apple,Nagpur,2714
2025-11-13,Apple,Nagpur,2714
2025-11-14,Apple,Nagpur,2721
2025-11-15,Apple,Nagpur,2708
2025-11-16,Apple,Nagpur,2709
2025-11-17,Apple,Nagpur,2695
2025-11-18,Apple,Nagpur,2693
2025-11-19,Apple,Nagpur,2717
2025-11-20,Apple,Nagpur,2702
2025-11-21,Apple,Nagpur,2686
2025-11-22,Apple,Nagpur,2699
2025-11-23,Apple,Nagpur,2688
2025-11-24,Apple,Nagpur,2672
2025-11-25,Apple,Nagpur,2679
2025-11-26,Apple,Nagpur,2675
2025-11-27,Apple,Nagpur,2658
2025-11-28,Apple,Nagpur,2677
2025-11-29,Apple,Nagpur,2687
2025-11-30,Apple,Nagpur,2671
2025-12-01,Apple,Nagpur,2688
2025-12-02,Apple,Nagpur,2694
2025-12-03,Apple,Nagpur,2712
2025-12-04,Apple,Nagpur,2729
2025-12-05,Apple,Nagpur,2725
2025-12-06,Apple,Nagpur,2746
2025-12-07,Apple,Nagpur,2743
2025-12-08,Apple,Nagpur,2740
2025-12-09,Apple,Nagpur,2741
2025-12-10,Apple,Nagpur,2756
2025-12-11,Apple,Nagpur,2753
2025-12-12,Apple,Nagpur,2753
2025-12-13,Apple,Nagpur,2734
2025-12-14,Apple,Nagpur,2737
2025-12-15,Apple,Nagpur,2735
2025-12-16,Apple,Nagpur,2746
2025-12-17,Apple,Nagpur,2738
2025-12-18,Apple,Nagpur,2742
2025-12-19,Apple,Nagpur,2747
2025-12-20,Apple,Nagpur,2729
2025-12-21,Apple,Nagpur,2716
2025-12-22,Apple,Nagpur,2703
2025-12-23,Apple,Nagpur,2717
2025-12-24,Apple,Nagpur,2738
2025-12-25,Apple,Nagpur,2732
2025-12-26,Apple,Nagpur,2757
2025-12-27,Apple,Nagpur,2750
2025-12-28,Apple,Nagpur,2749
2025-12-29,Apple,Nagpur,2751
2025-12-30,Apple,Nagpur,2733
2025-12-31,Apple,Nagpur,2737
2024-01-01,Apple,Indore,1917
2024-01-02,Apple,Indore,1910
2024-01-03,Apple,Indore,1918
2024-01-04,Apple,Indore,1906
2024-01-05,Apple,Indore,1929
2024-01-06,Apple,Indore,1916
2024-01-07,Apple,Indore,1936
2024-01-08,Apple,Indore,1956
2024-01-09,Apple,Indore,1958
2024-01-10,Apple,Indore,1941
2024-01-11,Apple,Indore,1954
2024-01-12,Apple,Indore,1971
2024-01-13,Apple,Indore,1978
2024-01-14,Apple,Indore,1963
2024-01-15,Apple,Indore,1971
2024-01-16,Apple,Indore,1982
2024-01-17,Apple,Indore,2001
2024-01-18,Apple,Indore,1992
2024-01-19,Apple,Indore,1986
2024-01-20,Apple,Indore,1968
2024-01-21,Apple,Indore,1948
2024-01-22,Apple,Indore,1943
2024-01-23,Apple,Indore,1932
2024-01-24,Apple,Indore,1919
2024-01-25,Apple,Indore,1911
2024-01-26,Apple,Indore,1916
2024-01-27,Apple,Indore,1928
2024-01-28,Apple,Indore,1927
2024-01-29,Apple,Indore,1921
2024-01-30,Apple,Indore,1902
2024-01-31,Apple,Indore,1885
2024-02-01,Apple,Indore,1872
2024-02-02,Apple,Indore,1897
2024-02-03,Apple,Indore,1878
2024-02-04,Apple,Indore,1899
2024-02-05,Apple,Indore,1895
2024-02-06,Apple,Indore,1879
2024-02-07,Apple,Indore,1893
2024-02-08,Apple,Indore,1907
2024-02-09,Apple,Indore,1893
2024-02-10,Apple,Indore,1911
2024-02-11,Apple,Indore,1891
2024-02-12,Apple,Indore,1908
2024-02-13,Apple,Indore,1891
2024-02-14,Apple,Indore,1908
2024-02-15,Apple,Indore,1914
2024-02-16,Apple,Indore,1924
2024-02-17,Apple,Indore,1929
2024-02-18,Apple,Indore,1928
2024-02-19,Apple,Indore,1931
2024-02-20,Apple,Indore,1932
2024-02-21,Apple,Indore,1957
2024-02-22,Apple,Indore,1964
2024-02-23,Apple,Indore,1982
2024-02-24,Apple,Indore,2004
2024-02-25,Apple,Indore,2020
2024-02-26,Apple,Indore,2037
2024-02-27,Apple,Indore,2032
2024-02-28,Apple,Indore,2016
2024-02-29,Apple,Indore,2010
2024-03-01,Apple,Indore,2009
2024-03-02,Apple,Indore,2025
2024-03-03,Apple,Indore,2025
2024-03-04,Apple,Indore,2030
2024-03-05,Apple,Indore,2050
2024-03-06,Apple,Indore,2068
2024-03-07,Apple,Indore,2076
2024-03-08,Apple,Indore,2080
2024-03-09,Apple,Indore,2088
2024-03-10,Apple,Indore,2079
2024-03-11,Apple,Indore,2067
2024-03-12,Apple,Indore,2049
2024-03-13,Apple,Indore,2046
2024-03-14,Apple,Indore,2068
2024-03-15,Apple,Indore,2058
2024-03-16,Apple,Indore,2067
2024-03-17,Apple,Indore,2074
2024-03-18,Apple,Indore,2080
2024-03-19,Apple,Indore,2079
2024-03-20,Apple,Indore,2063
2024-03-21,Apple,Indore,2046
2024-03-22,Apple,Indore,2067
2024-03-23,Apple,Indore,2054
2024-03-24,Apple,Indore,2067
2024-03-25,Apple,Indore,2089
2024-03-26,Apple,Indore,2082
2024-03-27,Apple,Indore,2082
2024-03-28,Apple,Indore,2096
2024-03-29,Apple,Indore,2078
2024-03-30,Apple,Indore,2064
2024-03-31,Apple,Indore,2075
2024-04-01,Apple,Indore,2092
2024-04-02,Apple,Indore,2087
2024-04-03,Apple,Indore,2085
2024-04-04,Apple,Indore,2074
2024-04-05,Apple,Indore,2092
2024-04-06,Apple,Indore,2113
2024-04-07,Apple,Indore,2132
2024-04-08,Apple,Indore,2120
2024-04-09,Apple,Indore,2122
2024-04-10,Apple,Indore,2144
2024-04-11,Apple,Indore,2133
2024-04-12,Apple,Indore,2157
2024-04-13,Apple,Indore,2163
2024-04-14,Apple,Indore,2150
2024-04-15,Apple,Indore,2161
2024-04-16,Apple,Indore,2171
2024-04-17,Apple,Indore,2167
2024-04-18,Apple,Indore,2190
2024-04-19,Apple,Indore,2189
2024-04-20,Apple,Indore,2185
2024-04-21,Apple,Indore,2181
2024-04-22,Apple,Indore,2202
2024-04-23,Apple,Indore,2186
2024-04-24,Apple,Indore,2168
2024-04-25,Apple,Indore,2182
2024-04-26,Apple,Indore,2192
2024-04-27,Apple,Indore,2189
2024-04-28,Apple,Indore,2195
2024-04-29,Apple,Indore,2177
2024-04-30,Apple,Indore,2173
2024-05-01,Apple,Indore,2173
2024-05-02,Apple,Indore,2182
2024-05-03,Apple,Indore,2189
2024-05-04,Apple,Indore,2203
2024-05-05,Apple,Indore,2219
2024-05-06,Apple,Indore,2234
2024-05-07,Apple,Indore,2236
2024-05-08,Apple,Indore,2218
2024-05-09,Apple,Indore,2206
2024-05-10,Apple,Indore,2202
2024-05-11,Apple,Indore,2216
2024-05-12,Apple,Indore,2229
2024-05-13,Apple,Indore,2246
2024-05-14,Apple,Indore,2260
2024-05-15,Apple,Indore,2270
2024-05-16,Apple,Indore,2257
2024-05-17,Apple,Indore,2250
2024-05-18,Apple,Indore,2238
2024-05-19,Apple,Indore,2237
2024-05-20,Apple,Indore,2233
2024-05-21,Apple,Indore,2236
2024-05-22,Apple,Indore,2238
2024-05-23,Apple,Indore,2252
2024-05-24,Apple,Indore,2257
2024-05-25,Apple,Indore,2267
2024-05-26,Apple,Indore,2268
2024-05-27,Apple,Indore,2288
2024-05-28,Apple,Indore,2294
2024-05-29,Apple,Indore,2313
2024-05-30,Apple,Indore,2325
2024-05-31,Apple,Indore,2318
2024-06-01,Apple,Indore,2319
2024-06-02,Apple,Indore,2325
2024-06-03,Apple,Indore,2340
2024-06-04,Apple,Indore,2343
2024-06-05,Apple,Indore,2365
2024-06-06,Apple,Indore,2370
2024-06-07,Apple,Indore,2370
2024-06-08,Apple,Indore,2386
2024-06-09,Apple,Indore,2393
2024-06-10,Apple,Indore,2385
2024-06-11,Apple,Indore,2387
2024-06-12,Apple,Indore,2407
2024-06-13,Apple,Indore,2398
2024-06-14,Apple,Indore,2400
2024-06-15,Apple,Indore,2384
2024-06-16,Apple,Indore,2397
2024-06-17,Apple,Indore,2381
2024-06-18,Apple,Indore,2400
2024-06-19,Apple,Indore,2408
2024-06-20,Apple,Indore,2402
2024-06-21,Apple,Indore,2410
2024-06-22,Apple,Indore,2403
2024-06-23,Apple,Indore,2399
2024-06-24,Apple,Indore,2410
2024-06-25,Apple,Indore,2402
2024-06-26,Apple,Indore,2424
2024-06-27,Apple,Indore,2439
2024-06-28,Apple,Indore,2435
2024-06-29,Apple,Indore,2452
2024-06-30,Apple,Indore,2461
2024-07-01,Apple,Indore,2483
2024-07-02,Apple,Indore,2466
2024-07-03,Apple,Indore,2464
2024-07-04,Apple,Indore,2452
2024-07-05,Apple,Indore,2451
2024-07-06,Apple,Indore,2431
2024-07-07,Apple,Indore,2421
2024-07-08,Apple,Indore,2437
2024-07-09,Apple,Indore,2462
2024-07-10,Apple,Indore,2444
2024-07-11,Apple,Indore,2451
2024-07-12,Apple,Indore,2471
2024-07-13,Apple,Indore,2481
2024-07-14,Apple,Indore,2485
2024-07-15,Apple,Indore,2467
2024-07-16,Apple,Indore,2485
2024-07-17,Apple,Indore,2479
2024-07-18,Apple,Indore,2473
2024-07-19,Apple,Indore,2465
2024-07-20,Apple,Indore,2487
2024-07-21,Apple,Indore,2468
2024-07-22,Apple,Indore,2448
2024-07-23,Apple,Indore,2434
2024-07-24,Apple,Indore,2443
2024-07-25,Apple,Indore,2428
2024-07-26,Apple,Indore,2453
2024-07-27,Apple,Indore,2463
2024-07-28,Apple,Indore,2465
2024-07-29,Apple,Indore,2483
2024-07-30,Apple,Indore,2499
2024-07-31,Apple,Indore,2492
2024-08-01,Apple,Indore,2475
2024-08-02,Apple,Indore,2482
2024-08-03,Apple,Indore,2499
2024-08-04,Apple,Indore,2479
2024-08-05,Apple,Indore,2466
2024-08-06,Apple,Indore,2466
2024-08-07,Apple,Indore,2453
2024-08-08,Apple,Indore,2475
2024-08-09,Apple,Indore,2497
2024-08-10,Apple,Indore,2477
2024-08-11,Apple,Indore,2480
2024-08-12,Apple,Indore,2503
2024-08-13,Apple,Indore,2503
2024-08-14,Apple,Indore,2492
2024-08-15,Apple,Indore,2495
2024-08-16,Apple,Indore,2494
2024-08-17,Apple,Indore,2490
2024-08-18,Apple,Indore,2487
2024-08-19,Apple,Indore,2511
2024-08-20,Apple,Indore,2515
2024-08-21,Apple,Indore,2501
2024-08-22,Apple,Indore,2502
2024-08-23,Apple,Indore,2525
2024-08-24,Apple,Indore,2530
2024-08-25,Apple,Indore,2529
2024-08-26,Apple,Indore,2509
2024-08-27,Apple,Indore,2527
2024-08-28,Apple,Indore,2509
2024-08-29,Apple,Indore,2519
2024-08-30,Apple,Indore,2540
2024-08-31,Apple,Indore,2527
2024-09-01,Apple,Indore,2524
2024-09-02,Apple,Indore,2541
2024-09-03,Apple,Indore,2559
2024-09-04,Apple,Indore,2542
2024-09-05,Apple,Indore,2550
2024-09-06,Apple,Indore,2532
2024-09-07,Apple,Indore,2518
2024-09-08,Apple,Indore,2522
2024-09-09,Apple,Indore,2503
2024-09-10,Apple,Indore,2527
2024-09-11,Apple,Indore,2512
2024-09-12,Apple,Indore,2530
2024-09-13,Apple,Indore,2511
2024-09-14,Apple,Indore,2495
2024-09-15,Apple,Indore,2520
2024-09-16,Apple,Indore,2531
2024-09-17,Apple,Indore,2524
2024-09-18,Apple,Indore,2548
2024-09-19,Apple,Indore,2552
2024-09-20,Apple,Indore,2564
2024-09-21,Apple,Indore,2557
2024-09-22,Apple,Indore,2572
2024-09-23,Apple,Indore,2595
2024-09-24,Apple,Indore,2595
2024-09-25,Apple,Indore,2583
2024-09-26,Apple,Indore,2583
2024-09-27,Apple,Indore,2603
2024-09-28,Apple,Indore,2604
2024-09-29,Apple,Indore,2590
2024-09-30,Apple,Indore,2602
2024-10-01,Apple,Indore,2596
2024-10-02,Apple,Indore,2593
2024-10-03,Apple,Indore,2608
2024-10-04,Apple,Indore,2625
2024-10-05,Apple,Indore,2640
2024-10-06,Apple,Indore,2663
2024-10-07,Apple,Indore,2683
2024-10-08,Apple,Indore,2694
2024-10-09,Apple,Indore,2679
2024-10-10,Apple,Indore,2677
2024-10-11,Apple,Indore,2695
2024-10-12,Apple,Indore,2691
2024-10-13,Apple,Indore,2674
2024-10-14,Apple,Indore,2693
2024-10-15,Apple,Indore,2683
2024-10-16,Apple,Indore,2663
2024-10-17,Apple,Indore,2655
2024-10-18,Apple,Indore,2645
2024-10-19,Apple,Indore,2628
2024-10-20,Apple,Indore,2638
2024-10-21,Apple,Indore,2646
2024-10-22,Apple,Indore,2662
2024-10-23,Apple,Indore,2661
2024-10-24,Apple,Indore,2660
2024-10-25,Apple,Indore,2650
2024-10-26,Apple,Indore,2635
2024-10-27,Apple,Indore,2615
2024-10-28,Apple,Indore,2621
2024-10-29,Apple,Indore,2638
2024-10-30,Apple,Indore,2626
2024-10-31,Apple,Indore,2606
2024-11-01,Apple,Indore,2612
2024-11-02,Apple,Indore,2615
2024-11-03,Apple,Indore,2632
2024-11-04,Apple,Indore,2633
2024-11-05,Apple,Indore,2636
2024-11-06,Apple,Indore,2627
2024-11-07,Apple,Indore,2625
2024-11-08,Apple,Indore,2643
2024-11-09,Apple,Indore,2663
2024-11-10,Apple,Indore,2682
2024-11-11,Apple,Indore,2670
2024-11-12,Apple,Indore,2676
2024-11-13,Apple,Indore,2698
2024-11-14,Apple,Indore,2709
2024-11-15,Apple,Indore,2707
2024-11-16,Apple,Indore,2693
2024-11-17,Apple,Indore,2710
2024-11-18,Apple,Indore,2735
2024-11-19,Apple,Indore,2754
2024-11-20,Apple,Indore,2742
2024-11-21,Apple,Indore,2730
2024-11-22,Apple,Indore,2716
2024-11-23,Apple,Indore,2726
2024-11-24,Apple,Indore,2747
2024-11-25,Apple,Indore,2728
2024-11-26,Apple,Indore,2751
2024-11-27,Apple,Indore,2755
2024-11-28,Apple,Indore,2752
2024-11-29,Apple,Indore,2733
2024-11-30,Apple,Indore,2748
2024-12-01,Apple,Indore,2761
2024-12-02,Apple,Indore,2784
2024-12-03,Apple,Indore,2803
2024-12-04,Apple,Indore,2812
2024-12-05,Apple,Indore,2799
2024-12-06,Apple,Indore,2805
2024-12-07,Apple,Indore,2800
2024-12-08,Apple,Indore,2784
2024-12-09,Apple,Indore,2772
2024-12-10,Apple,Indore,2763
2024-12-11,Apple,Indore,2786
2024-12-12,Apple,Indore,2767
2024-12-13,Apple,Indore,2786
2024-12-14,Apple,Indore,2771
2024-12-15,Apple,Indore,2783
2024-12-16,Apple,Indore,2787
2024-12-17,Apple,Indore,2787
2024-12-18,Apple,Indore,2787
2024-12-19,Apple,Indore,2811
2024-12-20,Apple,Indore,2818
2024-12-21,Apple,Indore,2828
2024-12-22,Apple,Indore,2848
2024-12-23,Apple,Indore,2868
2024-12-24,Apple,Indore,2853
2024-12-25,Apple,Indore,2833
2024-12-26,Apple,Indore,2816
2024-12-27,Apple,Indore,2837
2024-12-28,Apple,Indore,2851
2024-12-29,Apple,Indore,2871
2024-12-30,Apple,Indore,2854
2024-12-31,Apple,Indore,2855
2025-01-01,Apple,Indore,2855
2025-01-02,Apple,Indore,2839
2025-01-03,Apple,Indore,2841
2025-01-04,Apple,Indore,2834
2025-01-05,Apple,Indore,2833
2025-01-06,Apple,Indore,2817
2025-01-07,Apple,Indore,2829
2025-01-08,Apple,Indore,2846
2025-01-09,Apple,Indore,2858
2025-01-10,Apple,Indore,2876
2025-01-11,Apple,Indore,2885
2025-01-12,Apple,Indore,2895
2025-01-13,Apple,Indore,2894
2025-01-14,Apple,Indore,2906
2025-01-15,Apple,Indore,2911
2025-01-16,Apple,Indore,2929
2025-01-17,Apple,Indore,2949
2025-01-18,Apple,Indore,2957
2025-01-19,Apple,Indore,2974
2025-01-20,Apple,Indore,2974
2025-01-21,Apple,Indore,2997
2025-01-22,Apple,Indore,3010
2025-01-23,Apple,Indore,3005
2025-01-24,Apple,Indore,3018
2025-01-25,Apple,Indore,3032
2025-01-26,Apple,Indore,3031
2025-01-27,Apple,Indore,3055
2025-01-28,Apple,Indore,3036
2025-01-29,Apple,Indore,3039
2025-01-30,Apple,Indore,3025
2025-01-31,Apple,Indore,3049
2025-02-01,Apple,Indore,3053
2025-02-02,Apple,Indore,3073
2025-02-03,Apple,Indore,3080
2025-02-04,Apple,Indore,3073
2025-02-05,Apple,Indore,3064
2025-02-06,Apple,Indore,3065
2025-02-07,Apple,Indore,3081
2025-02-08,Apple,Indore,3077
2025-02-09,Apple,Indore,3091
2025-02-10,Apple,Indore,3085
2025-02-11,Apple,Indore,3069
2025-02-12,Apple,Indore,3076
2025-02-13,Apple,Indore,3058
2025-02-14,Apple,Indore,3080
2025-02-15,Apple,Indore,3078
2025-02-16,Apple,Indore,3071
2025-02-17,Apple,Indore,3073
2025-02-18,Apple,Indore,3062
2025-02-19,Apple,Indore,3042
2025-02-20,Apple,Indore,3025
2025-02-21,Apple,Indore,3030
2025-02-22,Apple,Indore,3013
2025-02-23,Apple,Indore,3027
2025-02-24,Apple,Indore,3021
2025-02-25,Apple,Indore,3039
2025-02-26,Apple,Indore,3044
2025-02-27,Apple,Indore,3064
2025-02-28,Apple,Indore,3070
2025-03-01,Apple,Indore,3092
2025-03-02,Apple,Indore,3090
2025-03-03,Apple,Indore,3085
2025-03-04,Apple,Indore,3110
2025-03-05,Apple,Indore,3124
2025-03-06,Apple,Indore,3138
2025-03-07,Apple,Indore,3146
2025-03-08,Apple,Indore,3153
2025-03-09,Apple,Indore,3147
2025-03-10,Apple,Indore,3145
2025-03-11,Apple,Indore,3156
2025-03-12,Apple,Indore,3152
2025-03-13,Apple,Indore,3159
2025-03-14,Apple,Indore,3172
2025-03-15,Apple,Indore,3158
2025-03-16,Apple,Indore,3157
2025-03-17,Apple,Indore,3158
2025-03-18,Apple,Indore,3147
2025-03-19,Apple,Indore,3127
2025-03-20,Apple,Indore,3122
2025-03-21,Apple,Indore,3145
2025-03-22,Apple,Indore,3125
2025-03-23,Apple,Indore,3109
2025-03-24,Apple,Indore,3122
2025-03-25,Apple,Indore,3114
2025-03-26,Apple,Indore,3136
2025-03-27,Apple,Indore,3142
2025-03-28,Apple,Indore,3163
2025-03-29,Apple,Indore,3187
2025-03-30,Apple,Indore,3195
2025-03-31,Apple,Indore,3176
2025-04-01,Apple,Indore,3189
2025-04-02,Apple,Indore,3190
2025-04-03,Apple,Indore,3180
2025-04-04,Apple,Indore,3181
2025-04-05,Apple,Indore,3172
2025-04-06,Apple,Indore,3194
2025-04-07,Apple,Indore,3206
2025-04-08,Apple,Indore,3223
2025-04-09,Apple,Indore,3245
2025-04-10,Apple,Indore,3251
2025-04-11,Apple,Indore,3273
2025-04-12,Apple,Indore,3283
2025-04-13,Apple,Indore,3304
2025-04-14,Apple,Indore,3288
2025-04-15,Apple,Indore,3282
2025-04-16,Apple,Indore,3267
2025-04-17,Apple,Indore,3284
2025-04-18,Apple,Indore,3265
2025-04-19,Apple,Indore,3259
2025-04-20,Apple,Indore,3253
2025-04-21,Apple,Indore,3267
2025-04-22,Apple,Indore,3249
2025-04-23,Apple,Indore,3234
2025-04-24,Apple,Indore,3219
2025-04-25,Apple,Indore,3222
2025-04-26,Apple,Indore,3223
2025-04-27,Apple,Indore,3238
2025-04-28,Apple,Indore,3254
2025-04-29,Apple,Indore,3258
2025-04-30,Apple,Indore,3264
2025-05-01,Apple,Indore,3264
2025-05-02,Apple,Indore,3276
2025-05-03,Apple,Indore,3266
2025-05-04,Apple,Indore,3275
2025-05-05,Apple,Indore,3288
2025-05-06,Apple,Indore,3304
2025-05-07,Apple,Indore,3310
2025-05-08,Apple,Indore,3322
2025-05-09,Apple,Indore,3334
2025-05-10,Apple,Indore,3336
2025-05-11,Apple,Indore,3357
2025-05-12,Apple,Indore,3363
2025-05-13,Apple,Indore,3367
2025-05-14,Apple,Indore,3368
2025-05-15,Apple,Indore,3351
2025-05-16,Apple,Indore,3374
2025-05-17,Apple,Indore,3389
2025-05-18,Apple,Indore,3384
2025-05-19,Apple,Indore,3367
2025-05-20,Apple,Indore,3362
2025-05-21,Apple,Indore,3348
2025-05-22,Apple,Indore,3329
2025-05-23,Apple,Indore,3346
2025-05-24,Apple,Indore,3363
2025-05-25,Apple,Indore,3384
2025-05-26,Apple,Indore,3395
2025-05-27,Apple,Indore,3390
2025-05-28,Apple,Indore,3393
2025-05-29,Apple,Indore,3400
2025-05-30,Apple,Indore,3410
2025-05-31,Apple,Indore,3430
2025-06-01,Apple,Indore,3413
2025-06-02,Apple,Indore,3430
2025-06-03,Apple,Indore,3425
2025-06-04,Apple,Indore,3437
2025-06-05,Apple,Indore,3454
2025-06-06,Apple,Indore,3440
2025-06-07,Apple,Indore,3462
2025-06-08,Apple,Indore,3446
2025-06-09,Apple,Indore,3458
2025-06-10,Apple,Indore,3447
2025-06-11,Apple,Indore,3466
2025-06-12,Apple,Indore,3450
2025-06-13,Apple,Indore,3443
2025-06-14,Apple,Indore,3455
2025-06-15,Apple,Indore,3480
2025-06-16,Apple,Indore,3492
2025-06-17,Apple,Indore,3481
2025-06-18,Apple,Indore,3462
2025-06-19,Apple,Indore,3444
2025-06-20,Apple,Indore,3455
2025-06-21,Apple,Indore,3476
2025-06-22,Apple,Indore,3483
2025-06-23,Apple,Indore,3500
2025-06-24,Apple,Indore,3520
2025-06-25,Apple,Indore,3502
2025-06-26,Apple,Indore,3523
2025-06-27,Apple,Indore,3515
2025-06-28,Apple,Indore,3538
2025-06-29,Apple,Indore,3553
2025-06-30,Apple,Indore,3557
2025-07-01,Apple,Indore,3553
2025-07-02,Apple,Indore,3565
2025-07-03,Apple,Indore,3581
2025-07-04,Apple,Indore,3587
2025-07-05,Apple,Indore,3598
2025-07-06,Apple,Indore,3600
2025-07-07,Apple,Indore,3594
2025-07-08,Apple,Indore,3600
2025-07-09,Apple,Indore,3602
2025-07-10,Apple,Indore,3614
2025-07-11,Apple,Indore,3597
2025-07-12,Apple,Indore,3617
2025-07-13,Apple,Indore,3634
2025-07-14,Apple,Indore,3636
2025-07-15,Apple,Indore,3637
2025-07-16,Apple,Indore,3634
2025-07-17,Apple,Indore,3659
2025-07-18,Apple,Indore,3675
2025-07-19,Apple,Indore,3670
2025-07-20,Apple,Indore,3653
2025-07-21,Apple,Indore,3675
2025-07-22,Apple,Indore,3682
2025-07-23,Apple,Indore,3675
2025-07-24,Apple,Indore,3678
2025-07-25,Apple,Indore,3674
2025-07-26,Apple,Indore,3690
2025-07-27,Apple,Indore,3699
2025-07-28,Apple,Indore,3709
2025-07-29,Apple,Indore,3724
2025-07-30,Apple,Indore,3738
2025-07-31,Apple,Indore,3750
2025-08-01,Apple,Indore,3773
2025-08-02,Apple,Indore,3773
2025-08-03,Apple,Indore,3784
2025-08-04,Apple,Indore,3771
2025-08-05,Apple,Indore,3753
2025-08-06,Apple,Indore,3752
2025-08-07,Apple,Indore,3733
2025-08-08,Apple,Indore,3755
2025-08-09,Apple,Indore,3737
2025-08-10,Apple,Indore,3754
2025-08-11,Apple,Indore,3740
2025-08-12,Apple,Indore,3756
2025-08-13,Apple,Indore,3736
2025-08-14,Apple,Indore,3736
2025-08-15,Apple,Indore,3719
2025-08-16,Apple,Indore,3714
2025-08-17,Apple,Indore,3728
2025-08-18,Apple,Indore,3739
2025-08-19,Apple,Indore,3751
2025-08-20,Apple,Indore,3775
2025-08-21,Apple,Indore,3799
2025-08-22,Apple,Indore,3783
2025-08-23,Apple,Indore,3790
2025-08-24,Apple,Indore,3814
2025-08-25,Apple,Indore,3794
2025-08-26,Apple,Indore,3809
2025-08-27,Apple,Indore,3812
2025-08-28,Apple,Indore,3797
2025-08-29,Apple,Indore,3803
2025-08-30,Apple,Indore,3802
2025-08-31,Apple,Indore,3784
2025-09-01,Apple,Indore,3794
2025-09-02,Apple,Indore,3809
2025-09-03,Apple,Indore,3793
2025-09-04,Apple,Indore,3807
2025-09-05,Apple,Indore,3787
2025-09-06,Apple,Indore,3771
2025-09-07,Apple,Indore,3789
2025-09-08,Apple,Indore,3800
2025-09-09,Apple,Indore,3804
2025-09-10,Apple,Indore,3827
2025-09-11,Apple,Indore,3819
2025-09-12,Apple,Indore,3819
2025-09-13,Apple,Indore,3817
2025-09-14,Apple,Indore,3832
2025-09-15,Apple,Indore,3819
2025-09-16,Apple,Indore,3820
2025-09-17,Apple,Indore,3819
2025-09-18,Apple,Indore,3816
2025-09-19,Apple,Indore,3803
2025-09-20,Apple,Indore,3794
2025-09-21,Apple,Indore,3777
2025-09-22,Apple,Indore,3785
2025-09-23,Apple,Indore,3765
2025-09-24,Apple,Indore,3777
2025-09-25,Apple,Indore,3774
2025-09-26,Apple,Indore,3785
2025-09-27,Apple,Indore,3798
2025-09-28,Apple,Indore,3795
2025-09-29,Apple,Indore,3807
2025-09-30,Apple,Indore,3801
2025-10-01,Apple,Indore,3802
2025-10-02,Apple,Indore,3819
2025-10-03,Apple,Indore,3843
2025-10-04,Apple,Indore,3864
2025-10-05,Apple,Indore,3853
2025-10-06,Apple,Indore,3850
2025-10-07,Apple,Indore,3859
2025-10-08,Apple,Indore,3850
2025-10-09,Apple,Indore,3846
2025-10-10,Apple,Indore,3853
2025-10-11,Apple,Indore,3870
2025-10-12,Apple,Indore,3884
2025-10-13,Apple,Indore,3864
2025-10-14,Apple,Indore,3874
2025-10-15,Apple,Indore,3867
2025-10-16,Apple,Indore,3873
2025-10-17,Apple,Indore,3896
2025-10-18,Apple,Indore,3876
2025-10-19,Apple,Indore,3879
2025-10-20,Apple,Indore,3861
2025-10-21,Apple,Indore,3849
2025-10-22,Apple,Indore,3841
2025-10-23,Apple,Indore,3858
2025-10-24,Apple,Indore,3845
2025-10-25,Apple,Indore,3853
2025-10-26,Apple,Indore,3867
2025-10-27,Apple,Indore,3850
2025-10-28,Apple,Indore,3845
2025-10-29,Apple,Indore,3831
2025-10-30,Apple,Indore,3818
2025-10-31,Apple,Indore,3819
2025-11-01,Apple,Indore,3813
2025-11-02,Apple,Indore,3830
2025-11-03,Apple,Indore,3815
2025-11-04,Apple,Indore,3819
2025-11-05,Apple,Indore,3837
2025-11-06,Apple,Indore,3855
2025-11-07,Apple,Indore,3845
2025-11-08,Apple,Indore,3827
2025-11-09,Apple,Indore,3829
2025-11-10,Apple,Indore,3815
2025-11-11,Apple,Indore,3821
2025-11-12,Apple,Indore,3838
2025-11-13,Apple,Indore,3860
2025-11-14,Apple,Indore,3848
2025-11-15,Apple,Indore,3845
2025-11-16,Apple,Indore,3832
2025-11-17,Apple,Indore,3851
2025-11-18,Apple,Indore,3834
2025-11-19,Apple,Indore,3837
2025-11-20,Apple,Indore,3831
2025-11-21,Apple,Indore,3838
2025-11-22,Apple,Indore,3857
2025-11-23,Apple,Indore,3861
2025-11-24,Apple,Indore,3879
2025-11-25,Apple,Indore,3899
2025-11-26,Apple,Indore,3904
2025-11-27,Apple,Indore,3895
2025-11-28,Apple,Indore,3911
2025-11-29,Apple,Indore,3899
2025-11-30,Apple,Indore,3911
2025-12-01,Apple,Indore,3929
2025-12-02,Apple,Indore,3940
2025-12-03,Apple,Indore,3959
2025-12-04,Apple,Indore,3966
2025-12-05,Apple,Indore,3948
2025-12-06,Apple,Indore,3973
2025-12-07,Apple,Indore,3982
2025-12-08,Apple,Indore,3982
2025-12-09,Apple,Indore,3996
2025-12-10,Apple,Indore,3984
2025-12-11,Apple,Indore,4000
2025-12-12,Apple,Indore,4002
2025-12-13,Apple,Indore,3995
2025-12-14,Apple,Indore,4016
2025-12-15,Apple,Indore,4016
2025-12-16,Apple,Indore,4041
2025-12-17,Apple,Indore,4035
2025-12-18,Apple,Indore,4024
2025-12-19,Apple,Indore,4040
2025-12-20,Apple,Indore,4061
2025-12-21,Apple,Indore,4066
2025-12-22,Apple,Indore,4050
2025-12-23,Apple,Indore,4053
2025-12-24,Apple,Indore,4077
2025-12-25,Apple,Indore,4080
2025-12-26,Apple,Indore,4069
2025-12-27,Apple,Indore,4093
2025-12-28,Apple,Indore,4110
2025-12-29,Apple,Indore,4101
2025-12-30,Apple,Indore,4081
2025-12-31,Apple,Indore,4096
2024-01-01,Apple,Jaipur,1946
2024-01-02,Apple,Jaipur,1939
2024-01-03,Apple,Jaipur,1953
2024-01-04,Apple,Jaipur,1967
2024-01-05,Apple,Jaipur,1977
2024-01-06,Apple,Jaipur,1967
2024-01-07,Apple,Jaipur,1992
2024-01-08,Apple,Jaipur,1984
2024-01-09,Apple,Jaipur,1995
2024-01-10,Apple,Jaipur,1993
2024-01-11,Apple,Jaipur,1983
2024-01-12,Apple,Jaipur,1982
2024-01-13,Apple,Jaipur,1995
2024-01-14,Apple,Jaipur,1979
2024-01-15,Apple,Jaipur,1962
2024-01-16,Apple,Jaipur,1960
2024-01-17,Apple,Jaipur,1973
2024-01-18,Apple,Jaipur,1986
2024-01-19,Apple,Jaipur,2010
2024-01-20,Apple,Jaipur,2011
2024-01-21,Apple,Jaipur,2027
2024-01-22,Apple,Jaipur,2007
2024-01-23,Apple,Jaipur,1990
2024-01-24,Apple,Jaipur,1992
2024-01-25,Apple,Jaipur,2016
2024-01-26,Apple,Jaipur,2011
2024-01-27,Apple,Jaipur,2005
2024-01-28,Apple,Jaipur,2001
2024-01-29,Apple,Jaipur,1982
2024-01-30,Apple,Jaipur,1973
2024-01-31,Apple,Jaipur,1963
2024-02-01,Apple,Jaipur,1970
2024-02-02,Apple,Jaipur,1990
2024-02-03,Apple,Jaipur,1992
2024-02-04,Apple,Jaipur,1977
2024-02-05,Apple,Jaipur,1966
2024-02-06,Apple,Jaipur,1957
2024-02-07,Apple,Jaipur,1959
2024-02-08,Apple,Jaipur,1946
2024-02-09,Apple,Jaipur,1970
2024-02-10,Apple,Jaipur,1993
2024-02-11,Apple,Jaipur,1993
2024-02-12,Apple,Jaipur,2013
2024-02-13,Apple,Jaipur,2021
2024-02-14,Apple,Jaipur,2034
2024-02-15,Apple,Jaipur,2030
2024-02-16,Apple,Jaipur,2029
2024-02-17,Apple,Jaipur,2030
2024-02-18,Apple,Jaipur,2017
2024-02-19,Apple,Jaipur,2010
2024-02-20,Apple,Jaipur,2016
2024-02-21,Apple,Jaipur,2003
2024-02-22,Apple,Jaipur,1990
2024-02-23,Apple,Jaipur,1985
2024-02-24,Apple,Jaipur,1977
2024-02-25,Apple,Jaipur,1987
2024-02-26,Apple,Jaipur,1989
2024-02-27,Apple,Jaipur,1982
2024-02-28,Apple,Jaipur,1983
2024-02-29,Apple,Jaipur,1968
2024-03-01,Apple,Jaipur,1973
2024-03-02,Apple,Jaipur,1986
2024-03-03,Apple,Jaipur,2005
2024-03-04,Apple,Jaipur,1997
2024-03-05,Apple,Jaipur,1983
2024-03-06,Apple,Jaipur,2000
2024-03-07,Apple,Jaipur,1996
2024-03-08,Apple,Jaipur,2016
2024-03-09,Apple,Jaipur,2003
2024-03-10,Apple,Jaipur,2015
2024-03-11,Apple,Jaipur,1998
2024-03-12,Apple,Jaipur,2008
2024-03-13,Apple,Jaipur,2013
2024-03-14,Apple,Jaipur,2021
2024-03-15,Apple,Jaipur,2001
2024-03-16,Apple,Jaipur,1993
2024-03-17,Apple,Jaipur,1986
2024-03-18,Apple,Jaipur,1975
2024-03-19,Apple,Jaipur,1974
2024-03-20,Apple,Jaipur,1985
2024-03-21,Apple,Jaipur,1973
2024-03-22,Apple,Jaipur,1964
2024-03-23,Apple,Jaipur,1964
2024-03-24,Apple,Jaipur,1969
2024-03-25,Apple,Jaipur,1973
2024-03-26,Apple,Jaipur,1977
2024-03-27,Apple,Jaipur,1961
2024-03-28,Apple,Jaipur,1980
2024-03-29,Apple,Jaipur,1995
2024-03-30,Apple,Jaipur,2007
2024-03-31,Apple,Jaipur,1996
2024-04-01,Apple,Jaipur,1986
2024-04-02,Apple,Jaipur,1985
2024-04-03,Apple,Jaipur,1966
2024-04-04,Apple,Jaipur,1985
2024-04-05,Apple,Jaipur,1966
2024-04-06,Apple,Jaipur,1965
2024-04-07,Apple,Jaipur,1984
2024-04-08,Apple,Jaipur,2000
2024-04-09,Apple,Jaipur,2018
2024-04-10,Apple,Jaipur,2004
2024-04-11,Apple,Jaipur,1997
2024-04-12,Apple,Jaipur,2006
2024-04-13,Apple,Jaipur,2027
2024-04-14,Apple,Jaipur,2007
2024-04-15,Apple,Jaipur,2030
2024-04-16,Apple,Jaipur,2033
2024-04-17,Apple,Jaipur,2049
2024-04-18,Apple,Jaipur,2038
2024-04-19,Apple,Jaipur,2030
2024-04-20,Apple,Jaipur,2035
2024-04-21,Apple,Jaipur,2034
2024-04-22,Apple,Jaipur,2039
2024-04-23,Apple,Jaipur,2020
2024-04-24,Apple,Jaipur,2029
2024-04-25,Apple,Jaipur,2045
2024-04-26,Apple,Jaipur,2061
2024-04-27,Apple,Jaipur,2050
2024-04-28,Apple,Jaipur,2074
2024-04-29,Apple,Jaipur,2082
2024-04-30,Apple,Jaipur,2103
2024-05-01,Apple,Jaipur,2110
2024-05-02,Apple,Jaipur,2097
2024-05-03,Apple,Jaipur,2113
2024-05-04,Apple,Jaipur,2096
2024-05-05,Apple,Jaipur,2081
2024-05-06,Apple,Jaipur,2073
2024-05-07,Apple,Jaipur,2061
2024-05-08,Apple,Jaipur,2086
2024-05-09,Apple,Jaipur,2084
2024-05-10,Apple,Jaipur,2073
2024-05-11,Apple,Jaipur,2063
2024-05-12,Apple,Jaipur,2051
2024-05-13,Apple,Jaipur,2039
2024-05-14,Apple,Jaipur,2056
2024-05-15,Apple,Jaipur,2050
2024-05-16,Apple,Jaipur,2057
2024-05-17,Apple,Jaipur,2075
2024-05-18,Apple,Jaipur,2070
2024-05-19,Apple,Jaipur,2081
2024-05-20,Apple,Jaipur,2061
2024-05-21,Apple,Jaipur,2057
2024-05-22,Apple,Jaipur,2043
2024-05-23,Apple,Jaipur,2063
2024-05-24,Apple,Jaipur,2056
2024-05-25,Apple,Jaipur,2072
2024-05-26,Apple,Jaipur,2079
2024-05-27,Apple,Jaipur,2060
2024-05-28,Apple,Jaipur,2048
2024-05-29,Apple,Jaipur,2041
2024-05-30,Apple,Jaipur,2049
2024-05-31,Apple,Jaipur,2040
2024-06-01,Apple,Jaipur,2061
2024-06-02,Apple,Jaipur,2059
2024-06-03,Apple,Jaipur,2082
2024-06-04,Apple,Jaipur,2069
2024-06-05,Apple,Jaipur,2062
2024-06-06,Apple,Jaipur,2053
2024-06-07,Apple,Jaipur,2055
2024-06-08,Apple,Jaipur,2070
2024-06-09,Apple,Jaipur,2069
2024-06-10,Apple,Jaipur,2094
2024-06-11,Apple,Jaipur,2117
2024-06-12,Apple,Jaipur,2132
2024-06-13,Apple,Jaipur,2132
2024-06-14,Apple,Jaipur,2139
2024-06-15,Apple,Jaipur,2157
2024-06-16,Apple,Jaipur,2175
2024-06-17,Apple,Jaipur,2174
2024-06-18,Apple,Jaipur,2183
2024-06-19,Apple,Jaipur,2177
2024-06-20,Apple,Jaipur,2161
2024-06-21,Apple,Jaipur,2149
2024-06-22,Apple,Jaipur,2171
2024-06-23,Apple,Jaipur,2167
2024-06-24,Apple,Jaipur,2160
2024-06-25,Apple,Jaipur,2154
2024-06-26,Apple,Jaipur,2152
2024-06-27,Apple,Jaipur,2169
2024-06-28,Apple,Jaipur,2186
2024-06-29,Apple,Jaipur,2195
2024-06-30,Apple,Jaipur,2179
2024-07-01,Apple,Jaipur,2168
2024-07-02,Apple,Jaipur,2151
2024-07-03,Apple,Jaipur,2161
2024-07-04,Apple,Jaipur,2152
2024-07-05,Apple,Jaipur,2164
2024-07-06,Apple,Jaipur,2179
2024-07-07,Apple,Jaipur,2164
2024-07-08,Apple,Jaipur,2164
2024-07-09,Apple,Jaipur,2161
2024-07-10,Apple,Jaipur,2151
2024-07-11,Apple,Jaipur,2157
2024-07-12,Apple,Jaipur,2150
2024-07-13,Apple,Jaipur,2137
2024-07-14,Apple,Jaipur,2127
2024-07-15,Apple,Jaipur,2129
2024-07-16,Apple,Jaipur,2114
2024-07-17,Apple,Jaipur,2102
2024-07-18,Apple,Jaipur,2113
2024-07-19,Apple,Jaipur,2102
2024-07-20,Apple,Jaipur,2115
2024-07-21,Apple,Jaipur,2100
2024-07-22,Apple,Jaipur,2081
2024-07-23,Apple,Jaipur,2061
2024-07-24,Apple,Jaipur,2074
2024-07-25,Apple,Jaipur,2083
2024-07-26,Apple,Jaipur,2104
2024-07-27,Apple,Jaipur,2107
2024-07-28,Apple,Jaipur,2115
2024-07-29,Apple,Jaipur,2108
2024-07-30,Apple,Jaipur,2095
2024-07-31,Apple,Jaipur,2106
2024-08-01,Apple,Jaipur,2093
2024-08-02,Apple,Jaipur,2079
2024-08-03,Apple,Jaipur,2098
2024-08-04,Apple,Jaipur,2110
2024-08-05,Apple,Jaipur,2130
2024-08-06,Apple,Jaipur,2133
2024-08-07,Apple,Jaipur,2131
2024-08-08,Apple,Jaipur,2127
2024-08-09,Apple,Jaipur,2119
2024-08-10,Apple,Jaipur,2136
2024-08-11,Apple,Jaipur,2135
2024-08-12,Apple,Jaipur,2136
2024-08-13,Apple,Jaipur,2153
2024-08-14,Apple,Jaipur,2141
2024-08-15,Apple,Jaipur,2159
2024-08-16,Apple,Jaipur,2154
2024-08-17,Apple,Jaipur,2153
2024-08-18,Apple,Jaipur,2146
2024-08-19,Apple,Jaipur,2128
2024-08-20,Apple,Jaipur,2118
2024-08-21,Apple,Jaipur,2118
2024-08-22,Apple,Jaipur,2125
2024-08-23,Apple,Jaipur,2121
2024-08-24,Apple,Jaipur,2139
2024-08-25,Apple,Jaipur,2140
2024-08-26,Apple,Jaipur,2137
2024-08-27,Apple,Jaipur,2160
2024-08-28,Apple,Jaipur,2166
2024-08-29,Apple,Jaipur,2165
2024-08-30,Apple,Jaipur,2161
2024-08-31,Apple,Jaipur,2171
2024-09-01,Apple,Jaipur,2185
2024-09-02,Apple,Jaipur,2194
2024-09-03,Apple,Jaipur,2212
2024-09-04,Apple,Jaipur,2208
2024-09-05,Apple,Jaipur,2210
2024-09-06,Apple,Jaipur,2221
2024-09-07,Apple,Jaipur,2206
2024-09-08,Apple,Jaipur,2189
2024-09-09,Apple,Jaipur,2198
2024-09-10,Apple,Jaipur,2183
2024-09-11,Apple,Jaipur,2168
2024-09-12,Apple,Jaipur,2177
2024-09-13,Apple,Jaipur,2169
2024-09-14,Apple,Jaipur,2158
2024-09-15,Apple,Jaipur,2149
2024-09-16,Apple,Jaipur,2135
2024-09-17,Apple,Jaipur,2153
2024-09-18,Apple,Jaipur,2134
2024-09-19,Apple,Jaipur,2158
2024-09-20,Apple,Jaipur,2172
2024-09-21,Apple,Jaipur,2191
2024-09-22,Apple,Jaipur,2172
2024-09-23,Apple,Jaipur,2185
2024-09-24,Apple,Jaipur,2195
2024-09-25,Apple,Jaipur,2185
2024-09-26,Apple,Jaipur,2168
2024-09-27,Apple,Jaipur,2178
2024-09-28,Apple,Jaipur,2186
2024-09-29,Apple,Jaipur,2203
2024-09-30,Apple,Jaipur,2220
2024-10-01,Apple,Jaipur,2220
2024-10-02,Apple,Jaipur,2216
2024-10-03,Apple,Jaipur,2207
2024-10-04,Apple,Jaipur,2231
2024-10-05,Apple,Jaipur,2214
2024-10-06,Apple,Jaipur,2200
2024-10-07,Apple,Jaipur,2190
2024-10-08,Apple,Jaipur,2182
2024-10-09,Apple,Jaipur,2200
2024-10-10,Apple,Jaipur,2212
2024-10-11,Apple,Jaipur,2206
2024-10-12,Apple,Jaipur,2207
2024-10-13,Apple,Jaipur,2230
2024-10-14,Apple,Jaipur,2254
2024-10-15,Apple,Jaipur,2260
2024-10-16,Apple,Jaipur,2255
2024-10-17,Apple,Jaipur,2250
2024-10-18,Apple,Jaipur,2253
2024-10-19,Apple,Jaipur,2268
2024-10-20,Apple,Jaipur,2248
2024-10-21,Apple,Jaipur,2248
2024-10-22,Apple,Jaipur,2246
2024-10-23,Apple,Jaipur,2241
2024-10-24,Apple,Jaipur,2248
2024-10-25,Apple,Jaipur,2257
2024-10-26,Apple,Jaipur,2252
2024-10-27,Apple,Jaipur,2268
2024-10-28,Apple,Jaipur,2272
2024-10-29,Apple,Jaipur,2285
2024-10-30,Apple,Jaipur,2308
2024-10-31,Apple,Jaipur,2309
2024-11-01,Apple,Jaipur,2334
2024-11-02,Apple,Jaipur,2349
2024-11-03,Apple,Jaipur,2334
2024-11-04,Apple,Jaipur,2359
2024-11-05,Apple,Jaipur,2370
2024-11-06,Apple,Jaipur,2380
2024-11-07,Apple,Jaipur,2377
2024-11-08,Apple,Jaipur,2385
2024-11-09,Apple,Jaipur,2409
2024-11-10,Apple,Jaipur,2419
2024-11-11,Apple,Jaipur,2441
2024-11-12,Apple,Jaipur,2442
2024-11-13,Apple,Jaipur,2431
2024-11-14,Apple,Jaipur,2437
2024-11-15,Apple,Jaipur,2427
2024-11-16,Apple,Jaipur,2436
2024-11-17,Apple,Jaipur,2434
2024-11-18,Apple,Jaipur,2430
2024-11-19,Apple,Jaipur,2427
2024-11-20,Apple,Jaipur,2448
2024-11-21,Apple,Jaipur,2462
2024-11-22,Apple,Jaipur,2443
2024-11-23,Apple,Jaipur,2435
2024-11-24,Apple,Jaipur,2440
2024-11-25,Apple,Jaipur,2426
2024-11-26,Apple,Jaipur,2443
2024-11-27,Apple,Jaipur,2461
2024-11-28,Apple,Jaipur,2472
2024-11-29,Apple,Jaipur,2476
2024-11-30,Apple,Jaipur,2470
2024-12-01,Apple,Jaipur,2487
2024-12-02,Apple,Jaipur,2494
2024-12-03,Apple,Jaipur,2517
2024-12-04,Apple,Jaipur,2521
2024-12-05,Apple,Jaipur,2520
2024-12-06,Apple,Jaipur,2529
2024-12-07,Apple,Jaipur,2513
2024-12-08,Apple,Jaipur,2501
2024-12-09,Apple,Jaipur,2481
2024-12-10,Apple,Jaipur,2468
2024-12-11,Apple,Jaipur,2451
2024-12-12,Apple,Jaipur,2468
2024-12-13,Apple,Jaipur,2475
2024-12-14,Apple,Jaipur,2463
2024-12-15,Apple,Jaipur,2488
2024-12-16,Apple,Jaipur,2511
2024-12-17,Apple,Jaipur,2510
2024-12-18,Apple,Jaipur,2505
2024-12-19,Apple,Jaipur,2524
2024-12-20,Apple,Jaipur,2540
2024-12-21,Apple,Jaipur,2564
2024-12-22,Apple,Jaipur,2588
2024-12-23,Apple,Jaipur,2589
2024-12-24,Apple,Jaipur,2583
2024-12-25,Apple,Jaipur,2582
2024-12-26,Apple,Jaipur,2573
2024-12-27,Apple,Jaipur,2563
2024-12-28,Apple,Jaipur,2543
2024-12-29,Apple,Jaipur,2560
2024-12-30,Apple,Jaipur,2577
2024-12-31,Apple,Jaipur,2574
2025-01-01,Apple,Jaipur,2577
2025-01-02,Apple,Jaipur,2592
2025-01-03,Apple,Jaipur,2573
2025-01-04,Apple,Jaipur,2554
2025-01-05,Apple,Jaipur,2543
2025-01-06,Apple,Jaipur,2525
2025-01-07,Apple,Jaipur,2543
2025-01-08,Apple,Jaipur,2567
2025-01-09,Apple,Jaipur,2574
2025-01-10,Apple,Jaipur,2560
2025-01-11,Apple,Jaipur,2568
2025-01-12,Apple,Jaipur,2560
2025-01-13,Apple,Jaipur,2575
2025-01-14,Apple,Jaipur,2583
2025-01-15,Apple,Jaipur,2603
2025-01-16,Apple,Jaipur,2587
2025-01-17,Apple,Jaipur,2569
2025-01-18,Apple,Jaipur,2564
2025-01-19,Apple,Jaipur,2584
2025-01-20,Apple,Jaipur,2592
2025-01-21,Apple,Jaipur,2572
2025-01-22,Apple,Jaipur,2590
2025-01-23,Apple,Jaipur,2584
2025-01-24,Apple,Jaipur,2607
2025-01-25,Apple,Jaipur,2593
2025-01-26,Apple,Jaipur,2608
2025-01-27,Apple,Jaipur,2604
2025-01-28,Apple,Jaipur,2617
2025-01-29,Apple,Jaipur,2607
2025-01-30,Apple,Jaipur,2622
2025-01-31,Apple,Jaipur,2614
2025-02-01,Apple,Jaipur,2597
2025-02-02,Apple,Jaipur,2609
2025-02-03,Apple,Jaipur,2598
2025-02-04,Apple,Jaipur,2611
2025-02-05,Apple,Jaipur,2592
2025-02-06,Apple,Jaipur,2598
2025-02-07,Apple,Jaipur,2614
2025-02-08,Apple,Jaipur,2616
2025-02-09,Apple,Jaipur,2623
2025-02-10,Apple,Jaipur,2648
2025-02-11,Apple,Jaipur,2651
2025-02-12,Apple,Jaipur,2642
2025-02-13,Apple,Jaipur,2628
2025-02-14,Apple,Jaipur,2641
2025-02-15,Apple,Jaipur,2646
2025-02-16,Apple,Jaipur,2652
2025-02-17,Apple,Jaipur,2652
2025-02-18,Apple,Jaipur,2672
2025-02-19,Apple,Jaipur,2687
2025-02-20,Apple,Jaipur,2705
2025-02-21,Apple,Jaipur,2712
2025-02-22,Apple,Jaipur,2720
2025-02-23,Apple,Jaipur,2717
2025-02-24,Apple,Jaipur,2699
2025-02-25,Apple,Jaipur,2721
2025-02-26,Apple,Jaipur,2701
2025-02-27,Apple,Jaipur,2725
2025-02-28,Apple,Jaipur,2730
2025-03-01,Apple,Jaipur,2733
2025-03-02,Apple,Jaipur,2733
2025-03-03,Apple,Jaipur,2726
2025-03-04,Apple,Jaipur,2742
2025-03-05,Apple,Jaipur,2752
2025-03-06,Apple,Jaipur,2762
2025-03-07,Apple,Jaipur,2745
2025-03-08,Apple,Jaipur,2731
2025-03-09,Apple,Jaipur,2741
2025-03-10,Apple,Jaipur,2743
2025-03-11,Apple,Jaipur,2736
2025-03-12,Apple,Jaipur,2743
2025-03-13,Apple,Jaipur,2723
2025-03-14,Apple,Jaipur,2730
2025-03-15,Apple,Jaipur,2720
2025-03-16,Apple,Jaipur,2736
2025-03-17,Apple,Jaipur,2749
2025-03-18,Apple,Jaipur,2737
2025-03-19,Apple,Jaipur,2750
2025-03-20,Apple,Jaipur,2759
2025-03-21,Apple,Jaipur,2770
2025-03-22,Apple,Jaipur,2783
2025-03-23,Apple,Jaipur,2772
2025-03-24,Apple,Jaipur,2794
2025-03-25,Apple,Jaipur,2801
2025-03-26,Apple,Jaipur,2820
2025-03-27,Apple,Jaipur,2810
2025-03-28,Apple,Jaipur,2820
2025-03-29,Apple,Jaipur,2828
2025-03-30,Apple,Jaipur,2853
2025-03-31,Apple,Jaipur,2867
2025-04-01,Apple,Jaipur,2862
2025-04-02,Apple,Jaipur,2876
2025-04-03,Apple,Jaipur,2892
2025-04-04,Apple,Jaipur,2889
2025-04-05,Apple,Jaipur,2911
2025-04-06,Apple,Jaipur,2900
2025-04-07,Apple,Jaipur,2920
2025-04-08,Apple,Jaipur,2907
2025-04-09,Apple,Jaipur,2927
2025-04-10,Apple,Jaipur,2909
2025-04-11,Apple,Jaipur,2911
2025-04-12,Apple,Jaipur,2923
2025-04-13,Apple,Jaipur,2927
2025-04-14,Apple,Jaipur,2932
2025-04-15,Apple,Jaipur,2943
2025-04-16,Apple,Jaipur,2925
2025-04-17,Apple,Jaipur,2946
2025-04-18,Apple,Jaipur,2931
2025-04-19,Apple,Jaipur,2937
2025-04-20,Apple,Jaipur,2935
2025-04-21,Apple,Jaipur,2944
2025-04-22,Apple,Jaipur,2960
2025-04-23,Apple,Jaipur,2950
2025-04-24,Apple,Jaipur,2963
2025-04-25,Apple,Jaipur,2983
2025-04-26,Apple,Jaipur,2994
2025-04-27,Apple,Jaipur,2993
2025-04-28,Apple,Jaipur,2980
2025-04-29,Apple,Jaipur,2991
2025-04-30,Apple,Jaipur,2991
2025-05-01,Apple,Jaipur,3006
2025-05-02,Apple,Jaipur,3008
2025-05-03,Apple,Jaipur,3028
2025-05-04,Apple,Jaipur,3051
2025-05-05,Apple,Jaipur,3041
2025-05-06,Apple,Jaipur,3061
2025-05-07,Apple,Jaipur,3058
2025-05-08,Apple,Jaipur,3054
2025-05-09,Apple,Jaipur,3059
2025-05-10,Apple,Jaipur,3059
2025-05-11,Apple,Jaipur,3063
2025-05-12,Apple,Jaipur,3071
2025-05-13,Apple,Jaipur,3070
2025-05-14,Apple,Jaipur,3074
2025-05-15,Apple,Jaipur,3082
2025-05-16,Apple,Jaipur,3090
2025-05-17,Apple,Jaipur,3086
2025-05-18,Apple,Jaipur,3109
2025-05-19,Apple,Jaipur,3089
2025-05-20,Apple,Jaipur,3086
2025-05-21,Apple,Jaipur,3108
2025-05-22,Apple,Jaipur,3113
2025-05-23,Apple,Jaipur,3110
2025-05-24,Apple,Jaipur,3090
2025-05-25,Apple,Jaipur,3094
2025-05-26,Apple,Jaipur,3108
2025-05-27,Apple,Jaipur,3089
2025-05-28,Apple,Jaipur,3086
2025-05-29,Apple,Jaipur,3072
2025-05-30,Apple,Jaipur,3081
2025-05-31,Apple,Jaipur,3094
2025-06-01,Apple,Jaipur,3114
2025-06-02,Apple,Jaipur,3119
2025-06-03,Apple,Jaipur,3133
2025-06-04,Apple,Jaipur,3135
2025-06-05,Apple,Jaipur,3152
2025-06-06,Apple,Jaipur,3148
2025-06-07,Apple,Jaipur,3153
2025-06-08,Apple,Jaipur,3173
2025-06-09,Apple,Jaipur,3189
2025-06-10,Apple,Jaipur,3175
2025-06-11,Apple,Jaipur,3183
2025-06-12,Apple,Jaipur,3168
2025-06-13,Apple,Jaipur,3148
2025-06-14,Apple,Jaipur,3141
2025-06-15,Apple,Jaipur,3123
2025-06-16,Apple,Jaipur,3132
2025-06-17,Apple,Jaipur,3129
2025-06-18,Apple,Jaipur,3139
2025-06-19,Apple,Jaipur,3151
2025-06-20,Apple,Jaipur,3139
2025-06-21,Apple,Jaipur,3139
2025-06-22,Apple,Jaipur,3140
2025-06-23,Apple,Jaipur,3159
2025-06-24,Apple,Jaipur,3160
2025-06-25,Apple,Jaipur,3149
2025-06-26,Apple,Jaipur,3172
2025-06-27,Apple,Jaipur,3197
2025-06-28,Apple,Jaipur,3189
2025-06-29,Apple,Jaipur,3194
2025-06-30,Apple,Jaipur,3174
2025-07-01,Apple,Jaipur,3171
2025-07-02,Apple,Jaipur,3187
2025-07-03,Apple,Jaipur,3171
2025-07-04,Apple,Jaipur,3176
2025-07-05,Apple,Jaipur,3188
2025-07-06,Apple,Jaipur,3189
2025-07-07,Apple,Jaipur,3191
2025-07-08,Apple,Jaipur,3181
2025-07-09,Apple,Jaipur,3161
2025-07-10,Apple,Jaipur,3155
2025-07-11,Apple,Jaipur,3171
2025-07-12,Apple,Jaipur,3160
2025-07-13,Apple,Jaipur,3171
2025-07-14,Apple,Jaipur,3193
2025-07-15,Apple,Jaipur,3215
2025-07-16,Apple,Jaipur,3240
2025-07-17,Apple,Jaipur,3247
2025-07-18,Apple,Jaipur,3250
2025-07-19,Apple,Jaipur,3253
2025-07-20,Apple,Jaipur,3241
2025-07-21,Apple,Jaipur,3221
2025-07-22,Apple,Jaipur,3235
2025-07-23,Apple,Jaipur,3220
2025-07-24,Apple,Jaipur,3235
2025-07-25,Apple,Jaipur,3236
2025-07-26,Apple,Jaipur,3235
2025-07-27,Apple,Jaipur,3259
2025-07-28,Apple,Jaipur,3256
2025-07-29,Apple,Jaipur,3268
2025-07-30,Apple,Jaipur,3269
2025-07-31,Apple,Jaipur,3291
2025-08-01,Apple,Jaipur,3309
2025-08-02,Apple,Jaipur,3294
2025-08-03,Apple,Jaipur,3279
2025-08-04,Apple,Jaipur,3295
2025-08-05,Apple,Jaipur,3299
2025-08-06,Apple,Jaipur,3322
2025-08-07,Apple,Jaipur,3322
2025-08-08,Apple,Jaipur,3334
2025-08-09,Apple,Jaipur,3320
2025-08-10,Apple,Jaipur,3321
2025-08-11,Apple,Jaipur,3325
2025-08-12,Apple,Jaipur,3323
2025-08-13,Apple,Jaipur,3312
2025-08-14,Apple,Jaipur,3298
2025-08-15,Apple,Jaipur,3303
2025-08-16,Apple,Jaipur,3328
2025-08-17,Apple,Jaipur,3343
2025-08-18,Apple,Jaipur,3358
2025-08-19,Apple,Jaipur,3339
2025-08-20,Apple,Jaipur,3356
2025-08-21,Apple,Jaipur,3352
2025-08-22,Apple,Jaipur,3364
2025-08-23,Apple,Jaipur,3380
2025-08-24,Apple,Jaipur,3382
2025-08-25,Apple,Jaipur,3371
2025-08-26,Apple,Jaipur,3357
2025-08-27,Apple,Jaipur,3372
2025-08-28,Apple,Jaipur,3374
2025-08-29,Apple,Jaipur,3370
2025-08-30,Apple,Jaipur,3382
2025-08-31,Apple,Jaipur,3400
2025-09-01,Apple,Jaipur,3390
2025-09-02,Apple,Jaipur,3370
2025-09-03,Apple,Jaipur,3372
2025-09-04,Apple,Jaipur,3397
2025-09-05,Apple,Jaipur,3405
2025-09-06,Apple,Jaipur,3415
2025-09-07,Apple,Jaipur,3415
2025-09-08,Apple,Jaipur,3416
2025-09-09,Apple,Jaipur,3406
2025-09-10,Apple,Jaipur,3394
2025-09-11,Apple,Jaipur,3383
2025-09-12,Apple,Jaipur,3387
2025-09-13,Apple,Jaipur,3396
2025-09-14,Apple,Jaipur,3408
2025-09-15,Apple,Jaipur,3431
2025-09-16,Apple,Jaipur,3445
2025-09-17,Apple,Jaipur,3465
2025-09-18,Apple,Jaipur,3484
2025-09-19,Apple,Jaipur,3473
2025-09-20,Apple,Jaipur,3470
2025-09-21,Apple,Jaipur,3467
2025-09-22,Apple,Jaipur,3455
2025-09-23,Apple,Jaipur,3469
2025-09-24,Apple,Jaipur,3476
2025-09-25,Apple,Jaipur,3479
2025-09-26,Apple,Jaipur,3482
2025-09-27,Apple,Jaipur,3479
2025-09-28,Apple,Jaipur,3463
2025-09-29,Apple,Jaipur,3483
2025-09-30,Apple,Jaipur,3463
2025-10-01,Apple,Jaipur,3476
2025-10-02,Apple,Jaipur,3483
2025-10-03,Apple,Jaipur,3476
2025-10-04,Apple,Jaipur,3498
2025-10-05,Apple,Jaipur,3493
2025-10-06,Apple,Jaipur,3478
2025-10-07,Apple,Jaipur,3477
2025-10-08,Apple,Jaipur,3467
2025-10-09,Apple,Jaipur,3461
2025-10-10,Apple,Jaipur,3460
2025-10-11,Apple,Jaipur,3483
2025-10-12,Apple,Jaipur,3475
2025-10-13,Apple,Jaipur,3500
2025-10-14,Apple,Jaipur,3505
2025-10-15,Apple,Jaipur,3519
2025-10-16,Apple,Jaipur,3519
2025-10-17,Apple,Jaipur,3510
2025-10-18,Apple,Jaipur,3535
2025-10-19,Apple,Jaipur,3518
2025-10-20,Apple,Jaipur,3533
2025-10-21,Apple,Jaipur,3552
2025-10-22,Apple,Jaipur,3545
2025-10-23,Apple,Jaipur,3567
2025-10-24,Apple,Jaipur,3560
2025-10-25,Apple,Jaipur,3561
2025-10-26,Apple,Jaipur,3571
2025-10-27,Apple,Jaipur,3581
2025-10-28,Apple,Jaipur,3576
2025-10-29,Apple,Jaipur,3584
2025-10-30,Apple,Jaipur,3599
2025-10-31,Apple,Jaipur,3617
2025-11-01,Apple,Jaipur,3611
2025-11-02,Apple,Jaipur,3594
2025-11-03,Apple,Jaipur,3615
2025-11-04,Apple,Jaipur,3633
2025-11-05,Apple,Jaipur,3616
2025-11-06,Apple,Jaipur,3620
2025-11-07,Apple,Jaipur,3629
2025-11-08,Apple,Jaipur,3637
2025-11-09,Apple,Jaipur,3618
2025-11-10,Apple,Jaipur,3643
2025-11-11,Apple,Jaipur,3659
2025-11-12,Apple,Jaipur,3676
2025-11-13,Apple,Jaipur,3667
2025-11-14,Apple,Jaipur,3680
2025-11-15,Apple,Jaipur,3700
2025-11-16,Apple,Jaipur,3718
2025-11-17,Apple,Jaipur,3730
2025-11-18,Apple,Jaipur,3712
2025-11-19,Apple,Jaipur,3722
2025-11-20,Apple,Jaipur,3730
2025-11-21,Apple,Jaipur,3724
2025-11-22,Apple,Jaipur,3730
2025-11-23,Apple,Jaipur,3752
2025-11-24,Apple,Jaipur,3753
2025-11-25,Apple,Jaipur,3748
2025-11-26,Apple,Jaipur,3767
2025-11-27,Apple,Jaipur,3764
2025-11-28,Apple,Jaipur,3765
2025-11-29,Apple,Jaipur,3749
2025-11-30,Apple,Jaipur,3737
2025-12-01,Apple,Jaipur,3717
2025-12-02,Apple,Jaipur,3717
2025-12-03,Apple,Jaipur,3726
2025-12-04,Apple,Jaipur,3746
2025-12-05,Apple,Jaipur,3769
2025-12-06,Apple,Jaipur,3782
2025-12-07,Apple,Jaipur,3803
2025-12-08,Apple,Jaipur,3812
2025-12-09,Apple,Jaipur,3816
2025-12-10,Apple,Jaipur,3838
2025-12-11,Apple,Jaipur,3836
2025-12-12,Apple,Jaipur,3840
2025-12-13,Apple,Jaipur,3837
2025-12-14,Apple,Jaipur,3850
2025-12-15,Apple,Jaipur,3832
2025-12-16,Apple,Jaipur,3842
2025-12-17,Apple,Jaipur,3827
2025-12-18,Apple,Jaipur,3835
2025-12-19,Apple,Jaipur,3845
2025-12-20,Apple,Jaipur,3831
2025-12-21,Apple,Jaipur,3839
2025-12-22,Apple,Jaipur,3834
2025-12-23,Apple,Jaipur,3815
2025-12-24,Apple,Jaipur,3829
2025-12-25,Apple,Jaipur,3812
2025-12-26,Apple,Jaipur,3822
2025-12-27,Apple,Jaipur,3840
2025-12-28,Apple,Jaipur,3849
2025-12-29,Apple,Jaipur,3854
2025-12-30,Apple,Jaipur,3844
2025-12-31,Apple,Jaipur,3858
2024-01-01,Orange,Pune,861
2024-01-02,Orange,Pune,874
2024-01-03,Orange,Pune,883
2024-01-04,Orange,Pune,887
2024-01-05,Orange,Pune,894
2024-01-06,Orange,Pune,887
2024-01-07,Orange,Pune,874
2024-01-08,Orange,Pune,861
2024-01-09,Orange,Pune,859
2024-01-10,Orange,Pune,858
2024-01-11,Orange,Pune,881
2024-01-12,Orange,Pune,868
2024-01-13,Orange,Pune,865
2024-01-14,Orange,Pune,876
2024-01-15,Orange,Pune,860
2024-01-16,Orange,Pune,859
2024-01-17,Orange,Pune,855
2024-01-18,Orange,Pune,875
2024-01-19,Orange,Pune,885
2024-01-20,Orange,Pune,908
2024-01-21,Orange,Pune,930
2024-01-22,Orange,Pune,951
2024-01-23,Orange,Pune,946
2024-01-24,Orange,Pune,943
2024-01-25,Orange,Pune,947
2024-01-26,Orange,Pune,972
2024-01-27,Orange,Pune,982
2024-01-28,Orange,Pune,994
2024-01-29,Orange,Pune,994
2024-01-30,Orange,Pune,984
2024-01-31,Orange,Pune,985
2024-02-01,Orange,Pune,989
2024-02-02,Orange,Pune,998
2024-02-03,Orange,Pune,995
2024-02-04,Orange,Pune,988
2024-02-05,Orange,Pune,971
2024-02-06,Orange,Pune,978
2024-02-07,Orange,Pune,995
2024-02-08,Orange,Pune,1018
2024-02-09,Orange,Pune,1010
2024-02-10,Orange,Pune,995
2024-02-11,Orange,Pune,1014
2024-02-12,Orange,Pune,1037
2024-02-13,Orange,Pune,1044
2024-02-14,Orange,Pune,1061
2024-02-15,Orange,Pune,1081
2024-02-16,Orange,Pune,1085
2024-02-17,Orange,Pune,1068
2024-02-18,Orange,Pune,1067
2024-02-19,Orange,Pune,1062
2024-02-20,Orange,Pune,1046
2024-02-21,Orange,Pune,1048
2024-02-22,Orange,Pune,1053
2024-02-23,Orange,Pune,1049
2024-02-24,Orange,Pune,1069
2024-02-25,Orange,Pune,1062
2024-02-26,Orange,Pune,1052
2024-02-27,Orange,Pune,1077
2024-02-28,Orange,Pune,1094
2024-02-29,Orange,Pune,1084
2024-03-01,Orange,Pune,1064
2024-03-02,Orange,Pune,1074
2024-03-03,Orange,Pune,1054
2024-03-04,Orange,Pune,1049
2024-03-05,Orange,Pune,1044
2024-03-06,Orange,Pune,1052
2024-03-07,Orange,Pune,1043
2024-03-08,Orange,Pune,1050
2024-03-09,Orange,Pune,1041
2024-03-10,Orange,Pune,1055
2024-03-11,Orange,Pune,1075
2024-03-12,Orange,Pune,1076
2024-03-13,Orange,Pune,1056
2024-03-14,Orange,Pune,1049
2024-03-15,Orange,Pune,1033
2024-03-16,Orange,Pune,1057
2024-03-17,Orange,Pune,1045
2024-03-18,Orange,Pune,1025
2024-03-19,Orange,Pune,1012
2024-03-20,Orange,Pune,1037
2024-03-21,Orange,Pune,1059
2024-03-22,Orange,Pune,1074
2024-03-23,Orange,Pune,1063
2024-03-24,Orange,Pune,1061
2024-03-25,Orange,Pune,1054
2024-03-26,Orange,Pune,1055
2024-03-27,Orange,Pune,1073
2024-03-28,Orange,Pune,1055
2024-03-29,Orange,Pune,1052
2024-03-30,Orange,Pune,1068
2024-03-31,Orange,Pune,1068
2024-04-01,Orange,Pune,1067
2024-04-02,Orange,Pune,1078
2024-04-03,Orange,Pune,1103
2024-04-04,Orange,Pune,1109
2024-04-05,Orange,Pune,1117
2024-04-06,Orange,Pune,1103
2024-04-07,Orange,Pune,1110
2024-04-08,Orange,Pune,1113
2024-04-09,Orange,Pune,1114
2024-04-10,Orange,Pune,1112
2024-04-11,Orange,Pune,1120
2024-04-12,Orange,Pune,1101
2024-04-13,Orange,Pune,1109
2024-04-14,Orange,Pune,1128
2024-04-15,Orange,Pune,1143
2024-04-16,Orange,Pune,1148
2024-04-17,Orange,Pune,1140
2024-04-18,Orange,Pune,1123
2024-04-19,Orange,Pune,1139
2024-04-20,Orange,Pune,1126
2024-04-21,Orange,Pune,1136
2024-04-22,Orange,Pune,1126
2024-04-23,Orange,Pune,1139
2024-04-24,Orange,Pune,1137
2024-04-25,Orange,Pune,1138
2024-04-26,Orange,Pune,1157
2024-04-27,Orange,Pune,1174
2024-04-28,Orange,Pune,1175
2024-04-29,Orange,Pune,1194
2024-04-30,Orange,Pune,1178
2024-05-01,Orange,Pune,1194
2024-05-02,Orange,Pune,1181
2024-05-03,Orange,Pune,1203
2024-05-04,Orange,Pune,1211
2024-05-05,Orange,Pune,1212
2024-05-06,Orange,Pune,1192
2024-05-07,Orange,Pune,1179
2024-05-08,Orange,Pune,1186
2024-05-09,Orange,Pune,1198
2024-05-10,Orange,Pune,1178
2024-05-11,Orange,Pune,1172
2024-05-12,Orange,Pune,1188
2024-05-13,Orange,Pune,1170
2024-05-14,Orange,Pune,1168
2024-05-15,Orange,Pune,1190
2024-05-16,Orange,Pune,1215
2024-05-17,Orange,Pune,1239
2024-05-18,Orange,Pune,1240
2024-05-19,Orange,Pune,1220
2024-05-20,Orange,Pune,1237
2024-05-21,Orange,Pune,1234
2024-05-22,Orange,Pune,1252
2024-05-23,Orange,Pune,1246
2024-05-24,Orange,Pune,1265
2024-05-25,Orange,Pune,1280
2024-05-26,Orange,Pune,1299
2024-05-27,Orange,Pune,1299
2024-05-28,Orange,Pune,1304
2024-05-29,Orange,Pune,1296
2024-05-30,Orange,Pune,1297
2024-05-31,Orange,Pune,1319
2024-06-01,Orange,Pune,1342
2024-06-02,Orange,Pune,1341
2024-06-03,Orange,Pune,1363
2024-06-04,Orange,Pune,1359
2024-06-05,Orange,Pune,1375
2024-06-06,Orange,Pune,1399
2024-06-07,Orange,Pune,1422
2024-06-08,Orange,Pune,1426
2024-06-09,Orange,Pune,1441
2024-06-10,Orange,Pune,1449
2024-06-11,Orange,Pune,1451
2024-06-12,Orange,Pune,1444
2024-06-13,Orange,Pune,1459
2024-06-14,Orange,Pune,1481
2024-06-15,Orange,Pune,1471
2024-06-16,Orange,Pune,1491
2024-06-17,Orange,Pune,1487
2024-06-18,Orange,Pune,1493
2024-06-19,Orange,Pune,1481
2024-06-20,Orange,Pune,1486
2024-06-21,Orange,Pune,1478
2024-06-22,Orange,Pune,1478
2024-06-23,Orange,Pune,1461
2024-06-24,Orange,Pune,1482
2024-06-25,Orange,Pune,1482
2024-06-26,Orange,Pune,1501
2024-06-27,Orange,Pune,1512
2024-06-28,Orange,Pune,1532
2024-06-29,Orange,Pune,1533
2024-06-30,Orange,Pune,1541
2024-07-01,Orange,Pune,1560
2024-07-02,Orange,Pune,1546
2024-07-03,Orange,Pune,1533
2024-07-04,Orange,Pune,1513
2024-07-05,Orange,Pune,1534
2024-07-06,Orange,Pune,1529
2024-07-07,Orange,Pune,1533
2024-07-08,Orange,Pune,1523
2024-07-09,Orange,Pune,1513
2024-07-10,Orange,Pune,1501
2024-07-11,Orange,Pune,1494
2024-07-12,Orange,Pune,1504
2024-07-13,Orange,Pune,1486
2024-07-14,Orange,Pune,1507
2024-07-15,Orange,Pune,1523
2024-07-16,Orange,Pune,1531
2024-07-17,Orange,Pune,1519
2024-07-18,Orange,Pune,1502
2024-07-19,Orange,Pune,1502
2024-07-20,Orange,Pune,1503
2024-07-21,Orange,Pune,1505
2024-07-22,Orange,Pune,1530
2024-07-23,Orange,Pune,1545
2024-07-24,Orange,Pune,1562
2024-07-25,Orange,Pune,1566
2024-07-26,Orange,Pune,1556
2024-07-27,Orange,Pune,1548
2024-07-28,Orange,Pune,1566
2024-07-29,Orange,Pune,1559
2024-07-30,Orange,Pune,1539
2024-07-31,Orange,Pune,1550
2024-08-01,Orange,Pune,1568
2024-08-02,Orange,Pune,1585
2024-08-03,Orange,Pune,1591
2024-08-04,Orange,Pune,1598
2024-08-05,Orange,Pune,1599
2024-08-06,Orange,Pune,1582
2024-08-07,Orange,Pune,1589
2024-08-08,Orange,Pune,1593
2024-08-09,Orange,Pune,1586
2024-08-10,Orange,Pune,1605
2024-08-11,Orange,Pune,1626
2024-08-12,Orange,Pune,1626
2024-08-13,Orange,Pune,1612
2024-08-14,Orange,Pune,1608
2024-08-15,Orange,Pune,1629
2024-08-16,Orange,Pune,1645
2024-08-17,Orange,Pune,1625
2024-08-18,Orange,Pune,1628
2024-08-19,Orange,Pune,1649
2024-08-20,Orange,Pune,1650
2024-08-21,Orange,Pune,1643
2024-08-22,Orange,Pune,1656
2024-08-23,Orange,Pune,1646
2024-08-24,Orange,Pune,1643
2024-08-25,Orange,Pune,1639
2024-08-26,Orange,Pune,1644
2024-08-27,Orange,Pune,1669
2024-08-28,Orange,Pune,1666
2024-08-29,Orange,Pune,1647
2024-08-30,Orange,Pune,1647
2024-08-31,Orange,Pune,1629
2024-09-01,Orange,Pune,1627
2024-09-02,Orange,Pune,1649
2024-09-03,Orange,Pune,1664
2024-09-04,Orange,Pune,1663
2024-09-05,Orange,Pune,1676
2024-09-06,Orange,Pune,1677
2024-09-07,Orange,Pune,1669
2024-09-08,Orange,Pune,1689
2024-09-09,Orange,Pune,1691
2024-09-10,Orange,Pune,1701
2024-09-11,Orange,Pune,1714
2024-09-12,Orange,Pune,1716
2024-09-13,Orange,Pune,1722
2024-09-14,Orange,Pune,1734
2024-09-15,Orange,Pune,1736
2024-09-16,Orange,Pune,1737
2024-09-17,Orange,Pune,1741
2024-09-18,Orange,Pune,1765
2024-09-19,Orange,Pune,1751
2024-09-20,Orange,Pune,1739
2024-09-21,Orange,Pune,1732
2024-09-22,Orange,Pune,1724
2024-09-23,Orange,Pune,1733
2024-09-24,Orange,Pune,1751
2024-09-25,Orange,Pune,1732
2024-09-26,Orange,Pune,1744
2024-09-27,Orange,Pune,1752
2024-09-28,Orange,Pune,1741
2024-09-29,Orange,Pune,1766
2024-09-30,Orange,Pune,1777
2024-10-01,Orange,Pune,1786
2024-10-02,Orange,Pune,1803
2024-10-03,Orange,Pune,1793
2024-10-04,Orange,Pune,1817
2024-10-05,Orange,Pune,1826
2024-10-06,Orange,Pune,1845
2024-10-07,Orange,Pune,1843
2024-10-08,Orange,Pune,1860
2024-10-09,Orange,Pune,1861
2024-10-10,Orange,Pune,1880
2024-10-11,Orange,Pune,1875
2024-10-12,Orange,Pune,1890
2024-10-13,Orange,Pune,1891
2024-10-14,Orange,Pune,1871
2024-10-15,Orange,Pune,1852
2024-10-16,Orange,Pune,1847
2024-10-17,Orange,Pune,1849
2024-10-18,Orange,Pune,1852
2024-10-19,Orange,Pune,1844
2024-10-20,Orange,Pune,1855
2024-10-21,Orange,Pune,1852
2024-10-22,Orange,Pune,1834
2024-10-23,Orange,Pune,1820
2024-10-24,Orange,Pune,1836
2024-10-25,Orange,Pune,1819
2024-10-26,Orange,Pune,1844
2024-10-27,Orange,Pune,1855
2024-10-28,Orange,Pune,1851
2024-10-29,Orange,Pune,1872
2024-10-30,Orange,Pune,1877
2024-10-31,Orange,Pune,1897
2024-11-01,Orange,Pune,1914
2024-11-02,Orange,Pune,1910
2024-11-03,Orange,Pune,1905
2024-11-04,Orange,Pune,1927
2024-11-05,Orange,Pune,1917
2024-11-06,Orange,Pune,1940
2024-11-07,Orange,Pune,1955
2024-11-08,Orange,Pune,1940
2024-11-09,Orange,Pune,1921
2024-11-10,Orange,Pune,1936
2024-11-11,Orange,Pune,1956
2024-11-12,Orange,Pune,1942
2024-11-13,Orange,Pune,1942
2024-11-14,Orange,Pune,1958
2024-11-15,Orange,Pune,1947
2024-11-16,Orange,Pune,1962
2024-11-17,Orange,Pune,1961
2024-11-18,Orange,Pune,1983
2024-11-19,Orange,Pune,1977
2024-11-20,Orange,Pune,1960
2024-11-21,Orange,Pune,1957
2024-11-22,Orange,Pune,1962
2024-11-23,Orange,Pune,1971
2024-11-24,Orange,Pune,1968
2024-11-25,Orange,Pune,1976
2024-11-26,Orange,Pune,1985
2024-11-27,Orange,Pune,1985
2024-11-28,Orange,Pune,2006
2024-11-29,Orange,Pune,2002
2024-11-30,Orange,Pune,2017
2024-12-01,Orange,Pune,2015
2024-12-02,Orange,Pune,1998
2024-12-03,Orange,Pune,1988
2024-12-04,Orange,Pune,2007
2024-12-05,Orange,Pune,2005
2024-12-06,Orange,Pune,1995
2024-12-07,Orange,Pune,1992
2024-12-08,Orange,Pune,1980
2024-12-09,Orange,Pune,1989
2024-12-10,Orange,Pune,1994
2024-12-11,Orange,Pune,1991
2024-12-12,Orange,Pune,1979
2024-12-13,Orange,Pune,1963
2024-12-14,Orange,Pune,1974
2024-12-15,Orange,Pune,1969
2024-12-16,Orange,Pune,1979
2024-12-17,Orange,Pune,2002
2024-12-18,Orange,Pune,1994
2024-12-19,Orange,Pune,2003
2024-12-20,Orange,Pune,2005
2024-12-21,Orange,Pune,1996
2024-12-22,Orange,Pune,1990
2024-12-23,Orange,Pune,1975
2024-12-24,Orange,Pune,1955
2024-12-25,Orange,Pune,1959
2024-12-26,Orange,Pune,1949
2024-12-27,Orange,Pune,1954
2024-12-28,Orange,Pune,1957
2024-12-29,Orange,Pune,1957
2024-12-30,Orange,Pune,1964
2024-12-31,Orange,Pune,1966
2025-01-01,Orange,Pune,1975
2025-01-02,Orange,Pune,2000
2025-01-03,Orange,Pune,1983
2025-01-04,Orange,Pune,2002
2025-01-05,Orange,Pune,1998
2025-01-06,Orange,Pune,1983
2025-01-07,Orange,Pune,1982
2025-01-08,Orange,Pune,2005
2025-01-09,Orange,Pune,1990
2025-01-10,Orange,Pune,1975
2025-01-11,Orange,Pune,1998
2025-01-12,Orange,Pune,2012
2025-01-13,Orange,Pune,2028
2025-01-14,Orange,Pune,2034
2025-01-15,Orange,Pune,2059
2025-01-16,Orange,Pune,2064
2025-01-17,Orange,Pune,2079
2025-01-18,Orange,Pune,2077
2025-01-19,Orange,Pune,2098
2025-01-20,Orange,Pune,2100
2025-01-21,Orange,Pune,2099
2025-01-22,Orange,Pune,2114
2025-01-23,Orange,Pune,2108
2025-01-24,Orange,Pune,2112
2025-01-25,Orange,Pune,2113
2025-01-26,Orange,Pune,2132
2025-01-27,Orange,Pune,2156
2025-01-28,Orange,Pune,2164
2025-01-29,Orange,Pune,2165
2025-01-30,Orange,Pune,2172
2025-01-31,Orange,Pune,2167
2025-02-01,Orange,Pune,2154
2025-02-02,Orange,Pune,2159
2025-02-03,Orange,Pune,2156
2025-02-04,Orange,Pune,2180
2025-02-05,Orange,Pune,2182
2025-02-06,Orange,Pune,2180
2025-02-07,Orange,Pune,2203
2025-02-08,Orange,Pune,2188
2025-02-09,Orange,Pune,2213
2025-02-10,Orange,Pune,2234
2025-02-11,Orange,Pune,2234
2025-02-12,Orange,Pune,2227
2025-02-13,Orange,Pune,2207
2025-02-14,Orange,Pune,2225
2025-02-15,Orange,Pune,2224
2025-02-16,Orange,Pune,2244
2025-02-17,Orange,Pune,2243
2025-02-18,Orange,Pune,2263
2025-02-19,Orange,Pune,2249
2025-02-20,Orange,Pune,2261
2025-02-21,Orange,Pune,2242
2025-02-22,Orange,Pune,2265
2025-02-23,Orange,Pune,2278
2025-02-24,Orange,Pune,2281
2025-02-25,Orange,Pune,2303
2025-02-26,Orange,Pune,2284
2025-02-27,Orange,Pune,2301
2025-02-28,Orange,Pune,2323
2025-03-01,Orange,Pune,2308
2025-03-02,Orange,Pune,2298
2025-03-03,Orange,Pune,2279
2025-03-04,Orange,Pune,2299
2025-03-05,Orange,Pune,2294
2025-03-06,Orange,Pune,2278
2025-03-07,Orange,Pune,2262
2025-03-08,Orange,Pune,2263
2025-03-09,Orange,Pune,2268
2025-03-10,Orange,Pune,2293
2025-03-11,Orange,Pune,2280
2025-03-12,Orange,Pune,2265
2025-03-13,Orange,Pune,2260
2025-03-14,Orange,Pune,2281
2025-03-15,Orange,Pune,2280
2025-03-16,Orange,Pune,2297
2025-03-17,Orange,Pune,2298
2025-03-18,Orange,Pune,2297
2025-03-19,Orange,Pune,2290
2025-03-20,Orange,Pune,2292
2025-03-21,Orange,Pune,2290
2025-03-22,Orange,Pune,2293
2025-03-23,Orange,Pune,2286
2025-03-24,Orange,Pune,2292
2025-03-25,Orange,Pune,2280
2025-03-26,Orange,Pune,2300
2025-03-27,Orange,Pune,2325
2025-03-28,Orange,Pune,2328
2025-03-29,Orange,Pune,2350
2025-03-30,Orange,Pune,2358
2025-03-31,Orange,Pune,2344
2025-04-01,Orange,Pune,2331
2025-04-02,Orange,Pune,2349
2025-04-03,Orange,Pune,2361
2025-04-04,Orange,Pune,2383
2025-04-05,Orange,Pune,2393
2025-04-06,Orange,Pune,2386
2025-04-07,Orange,Pune,2373
2025-04-08,Orange,Pune,2395
2025-04-09,Orange,Pune,2404
2025-04-10,Orange,Pune,2407
2025-04-11,Orange,Pune,2395
2025-04-12,Orange,Pune,2397
2025-04-13,Orange,Pune,2377
2025-04-14,Orange,Pune,2390
2025-04-15,Orange,Pune,2398
2025-04-16,Orange,Pune,2378
2025-04-17,Orange,Pune,2361
2025-04-18,Orange,Pune,2383
2025-04-19,Orange,Pune,2379
2025-04-20,Orange,Pune,2390
2025-04-21,Orange,Pune,2413
2025-04-22,Orange,Pune,2402
2025-04-23,Orange,Pune,2382
2025-04-24,Orange,Pune,2367
2025-04-25,Orange,Pune,2371
2025-04-26,Orange,Pune,2390
2025-04-27,Orange,Pune,2392
2025-04-28,Orange,Pune,2386
2025-04-29,Orange,Pune,2396
2025-04-30,Orange,Pune,2414
2025-05-01,Orange,Pune,2432
2025-05-02,Orange,Pune,2432
2025-05-03,Orange,Pune,2444
2025-05-04,Orange,Pune,2426
2025-05-05,Orange,Pune,2425
2025-05-06,Orange,Pune,2413
2025-05-07,Orange,Pune,2435
2025-05-08,Orange,Pune,2425
2025-05-09,Orange,Pune,2441
2025-05-10,Orange,Pune,2425
2025-05-11,Orange,Pune,2410
2025-05-12,Orange,Pune,2391
2025-05-13,Orange,Pune,2414
2025-05-14,Orange,Pune,2416
2025-05-15,Orange,Pune,2413
2025-05-16,Orange,Pune,2404
2025-05-17,Orange,Pune,2407
2025-05-18,Orange,Pune,2422
2025-05-19,Orange,Pune,2437
2025-05-20,Orange,Pune,2456
2025-05-21,Orange,Pune,2440
2025-05-22,Orange,Pune,2421
2025-05-23,Orange,Pune,2429
2025-05-24,Orange,Pune,2426
2025-05-25,Orange,Pune,2412
2025-05-26,Orange,Pune,2425
2025-05-27,Orange,Pune,2439
2025-05-28,Orange,Pune,2459
2025-05-29,Orange,Pune,2474
2025-05-30,Orange,Pune,2487
2025-05-31,Orange,Pune,2487
2025-06-01,Orange,Pune,2512
2025-06-02,Orange,Pune,2497
2025-06-03,Orange,Pune,2509
2025-06-04,Orange,Pune,2518
2025-06-05,Orange,Pune,2525
2025-06-06,Orange,Pune,2515
2025-06-07,Orange,Pune,2516
2025-06-08,Orange,Pune,2523
2025-06-09,Orange,Pune,2524
2025-06-10,Orange,Pune,2528
2025-06-11,Orange,Pune,2512
2025-06-12,Orange,Pune,2521
2025-06-13,Orange,Pune,2534
2025-06-14,Orange,Pune,2544
2025-06-15,Orange,Pune,2529
2025-06-16,Orange,Pune,2532
2025-06-17,Orange,Pune,2525
2025-06-18,Orange,Pune,2525
2025-06-19,Orange,Pune,2516
2025-06-20,Orange,Pune,2500
2025-06-21,Orange,Pune,2511
2025-06-22,Orange,Pune,2527
2025-06-23,Orange,Pune,2540
2025-06-24,Orange,Pune,2549
2025-06-25,Orange,Pune,2538
2025-06-26,Orange,Pune,2524
2025-06-27,Orange,Pune,2543
2025-06-28,Orange,Pune,2559
2025-06-29,Orange,Pune,2579
2025-06-30,Orange,Pune,2599
2025-07-01,Orange,Pune,2624
2025-07-02,Orange,Pune,2623
2025-07-03,Orange,Pune,2642
2025-07-04,Orange,Pune,2658
2025-07-05,Orange,Pune,2681
2025-07-06,Orange,Pune,2683
2025-07-07,Orange,Pune,2704
2025-07-08,Orange,Pune,2687
2025-07-09,Orange,Pune,2679
2025-07-10,Orange,Pune,2703
2025-07-11,Orange,Pune,2703
2025-07-12,Orange,Pune,2690
2025-07-13,Orange,Pune,2680
2025-07-14,Orange,Pune,2677
2025-07-15,Orange,Pune,2676
2025-07-16,Orange,Pune,2661
2025-07-17,Orange,Pune,2683
2025-07-18,Orange,Pune,2698
2025-07-19,Orange,Pune,2703
2025-07-20,Orange,Pune,2712
2025-07-21,Orange,Pune,2715
2025-07-22,Orange,Pune,2730
2025-07-23,Orange,Pune,2742
2025-07-24,Orange,Pune,2728
2025-07-25,Orange,Pune,2726
2025-07-26,Orange,Pune,2726
2025-07-27,Orange,Pune,2721
2025-07-28,Orange,Pune,2740
2025-07-29,Orange,Pune,2754
2025-07-30,Orange,Pune,2735
2025-07-31,Orange,Pune,2735
2025-08-01,Orange,Pune,2737
2025-08-02,Orange,Pune,2732
2025-08-03,Orange,Pune,2740
2025-08-04,Orange,Pune,2753
2025-08-05,Orange,Pune,2748
2025-08-06,Orange,Pune,2735
2025-08-07,Orange,Pune,2755
2025-08-08,Orange,Pune,2777
2025-08-09,Orange,Pune,2767
2025-08-10,Orange,Pune,2763
2025-08-11,Orange,Pune,2750
2025-08-12,Orange,Pune,2754
2025-08-13,Orange,Pune,2741
2025-08-14,Orange,Pune,2727
2025-08-15,Orange,Pune,2749
2025-08-16,Orange,Pune,2761
2025-08-17,Orange,Pune,2759
2025-08-18,Orange,Pune,2772
2025-08-19,Orange,Pune,2775
2025-08-20,Orange,Pune,2764
2025-08-21,Orange,Pune,2744
2025-08-22,Orange,Pune,2764
2025-08-23,Orange,Pune,2769
2025-08-24,Orange,Pune,2779
2025-08-25,Orange,Pune,2775
2025-08-26,Orange,Pune,2795
2025-08-27,Orange,Pune,2784
2025-08-28,Orange,Pune,2771
2025-08-29,Orange,Pune,2755
2025-08-30,Orange,Pune,2764
2025-08-31,Orange,Pune,2780
2025-09-01,Orange,Pune,2788
2025-09-02,Orange,Pune,2784
2025-09-03,Orange,Pune,2780
2025-09-04,Orange,Pune,2793
2025-09-05,Orange,Pune,2796
2025-09-06,Orange,Pune,2777
2025-09-07,Orange,Pune,2763
2025-09-08,Orange,Pune,2788
2025-09-09,Orange,Pune,2773
2025-09-10,Orange,Pune,2780
2025-09-11,Orange,Pune,2760
2025-09-12,Orange,Pune,2750
2025-09-13,Orange,Pune,2760
2025-09-14,Orange,Pune,2743
2025-09-15,Orange,Pune,2767
2025-09-16,Orange,Pune,2763
2025-09-17,Orange,Pune,2778
2025-09-18,Orange,Pune,2795
2025-09-19,Orange,Pune,2790
2025-09-20,Orange,Pune,2777
2025-09-21,Orange,Pune,2768
2025-09-22,Orange,Pune,2762
2025-09-23,Orange,Pune,2748
2025-09-24,Orange,Pune,2772
2025-09-25,Orange,Pune,2757
2025-09-26,Orange,Pune,2763
2025-09-27,Orange,Pune,2745
2025-09-28,Orange,Pune,2742
2025-09-29,Orange,Pune,2746
2025-09-30,Orange,Pune,2768
2025-10-01,Orange,Pune,2783
2025-10-02,Orange,Pune,2766
2025-10-03,Orange,Pune,2768
2025-10-04,Orange,Pune,2760
2025-10-05,Orange,Pune,2769
2025-10-06,Orange,Pune,2786
2025-10-07,Orange,Pune,2791
2025-10-08,Orange,Pune,2808
2025-10-09,Orange,Pune,2830
2025-10-10,Orange,Pune,2842
2025-10-11,Orange,Pune,2823
2025-10-12,Orange,Pune,2846
2025-10-13,Orange,Pune,2863
2025-10-14,Orange,Pune,2858
2025-10-15,Orange,Pune,2871
2025-10-16,Orange,Pune,2855
2025-10-17,Orange,Pune,2836
2025-10-18,Orange,Pune,2820
2025-10-19,Orange,Pune,2835
2025-10-20,Orange,Pune,2839
2025-10-21,Orange,Pune,2839
2025-10-22,Orange,Pune,2830
2025-10-23,Orange,Pune,2840
2025-10-24,Orange,Pune,2825
2025-10-25,Orange,Pune,2820
2025-10-26,Orange,Pune,2835
2025-10-27,Orange,Pune,2856
2025-10-28,Orange,Pune,2864
2025-10-29,Orange,Pune,2873
2025-10-30,Orange,Pune,2853
2025-10-31,Orange,Pune,2849
2025-11-01,Orange,Pune,2849
2025-11-02,Orange,Pune,2837
2025-11-03,Orange,Pune,2839
2025-11-04,Orange,Pune,2855
2025-11-05,Orange,Pune,2878
2025-11-06,Orange,Pune,2885
2025-11-07,Orange,Pune,2883
2025-11-08,Orange,Pune,2888
2025-11-09,Orange,Pune,2894
2025-11-10,Orange,Pune,2885
2025-11-11,Orange,Pune,2872
2025-11-12,Orange,Pune,2860
2025-11-13,Orange,Pune,2862
2025-11-14,Orange,Pune,2878
2025-11-15,Orange,Pune,2879
2025-11-16,Orange,Pune,2866
2025-11-17,Orange,Pune,2860
2025-11-18,Orange,Pune,2843
2025-11-19,Orange,Pune,2825
2025-11-20,Orange,Pune,2828
2025-11-21,Orange,Pune,2809
2025-11-22,Orange,Pune,2818
2025-11-23,Orange,Pune,2829
2025-11-24,Orange,Pune,2833
2025-11-25,Orange,Pune,2827
2025-11-26,Orange,Pune,2819
2025-11-27,Orange,Pune,2816
2025-11-28,Orange,Pune,2814
2025-11-29,Orange,Pune,2836
2025-11-30,Orange,Pune,2855
2025-12-01,Orange,Pune,2844
2025-12-02,Orange,Pune,2827
2025-12-03,Orange,Pune,2823
2025-12-04,Orange,Pune,2831
2025-12-05,Orange,Pune,2818
2025-12-06,Orange,Pune,2823
2025-12-07,Orange,Pune,2804
2025-12-08,Orange,Pune,2804
2025-12-09,Orange,Pune,2788
2025-12-10,Orange,Pune,2808
2025-12-11,Orange,Pune,2830
2025-12-12,Orange,Pune,2828
2025-12-13,Orange,Pune,2851
2025-12-14,Orange,Pune,2865
2025-12-15,Orange,Pune,2877
2025-12-16,Orange,Pune,2861
2025-12-17,Orange,Pune,2866
2025-12-18,Orange,Pune,2847
2025-12-19,Orange,Pune,2863
2025-12-20,Orange,Pune,2885
2025-12-21,Orange,Pune,2884
2025-12-22,Orange,Pune,2896
2025-12-23,Orange,Pune,2896
2025-12-24,Orange,Pune,2909
2025-12-25,Orange,Pune,2900
2025-12-26,Orange,Pune,2906
2025-12-27,Orange,Pune,2896
2025-12-28,Orange,Pune,2920
2025-12-29,Orange,Pune,2938
2025-12-30,Orange,Pune,2937
2025-12-31,Orange,Pune,2928
2024-01-01,Orange,Mumbai,872
2024-01-02,Orange,Mumbai,897
2024-01-03,Orange,Mumbai,897
2024-01-04,Orange,Mumbai,899
2024-01-05,Orange,Mumbai,910
2024-01-06,Orange,Mumbai,895
2024-01-07,Orange,Mumbai,886
2024-01-08,Orange,Mumbai,893
2024-01-09,Orange,Mumbai,917
2024-01-10,Orange,Mumbai,899
2024-01-11,Orange,Mumbai,904
2024-01-12,Orange,Mumbai,928
2024-01-13,Orange,Mumbai,930
2024-01-14,Orange,Mumbai,947
2024-01-15,Orange,Mumbai,964
2024-01-16,Orange,Mumbai,973
2024-01-17,Orange,Mumbai,980
2024-01-18,Orange,Mumbai,996
2024-01-19,Orange,Mumbai,984
2024-01-20,Orange,Mumbai,979
2024-01-21,Orange,Mumbai,988
2024-01-22,Orange,Mumbai,1002
2024-01-23,Orange,Mumbai,988
2024-01-24,Orange,Mumbai,983
2024-01-25,Orange,Mumbai,1002
2024-01-26,Orange,Mumbai,1025
2024-01-27,Orange,Mumbai,1009
2024-01-28,Orange,Mumbai,1022
2024-01-29,Orange,Mumbai,1018
2024-01-30,Orange,Mumbai,1007
2024-01-31,Orange,Mumbai,1013
2024-02-01,Orange,Mumbai,995
2024-02-02,Orange,Mumbai,984
2024-02-03,Orange,Mumbai,1006
2024-02-04,Orange,Mumbai,1012
2024-02-05,Orange,Mumbai,1021
2024-02-06,Orange,Mumbai,1008
2024-02-07,Orange,Mumbai,1020
2024-02-08,Orange,Mumbai,1037
2024-02-09,Orange,Mumbai,1047
2024-02-10,Orange,Mumbai,1033
2024-02-11,Orange,Mumbai,1047
2024-02-12,Orange,Mumbai,1047
2024-02-13,Orange,Mumbai,1062
2024-02-14,Orange,Mumbai,1087
2024-02-15,Orange,Mumbai,1112
2024-02-16,Orange,Mumbai,1125
2024-02-17,Orange,Mumbai,1138
2024-02-18,Orange,Mumbai,1123
2024-02-19,Orange,Mumbai,1105
2024-02-20,Orange,Mumbai,1094
2024-02-21,Orange,Mumbai,1090
2024-02-22,Orange,Mumbai,1097
2024-02-23,Orange,Mumbai,1111
2024-02-24,Orange,Mumbai,1093
2024-02-25,Orange,Mumbai,1087
2024-02-26,Orange,Mumbai,1104
2024-02-27,Orange,Mumbai,1106
2024-02-28,Orange,Mumbai,1088
2024-02-29,Orange,Mumbai,1083
2024-03-01,Orange,Mumbai,1100
2024-03-02,Orange,Mumbai,1095
2024-03-03,Orange,Mumbai,1109
2024-03-04,Orange,Mumbai,1095
2024-03-05,Orange,Mumbai,1097
2024-03-06,Orange,Mumbai,1117
2024-03-07,Orange,Mumbai,1106
2024-03-08,Orange,Mumbai,1107
2024-03-09,Orange,Mumbai,1124
2024-03-10,Orange,Mumbai,1133
2024-03-11,Orange,Mumbai,1150
2024-03-12,Orange,Mumbai,1143
2024-03-13,Orange,Mumbai,1167
2024-03-14,Orange,Mumbai,1191
2024-03-15,Orange,Mumbai,1214
2024-03-16,Orange,Mumbai,1226
2024-03-17,Orange,Mumbai,1218
2024-03-18,Orange,Mumbai,1215
2024-03-19,Orange,Mumbai,1207
2024-03-20,Orange,Mumbai,1212
2024-03-21,Orange,Mumbai,1197
2024-03-22,Orange,Mumbai,1213
2024-03-23,Orange,Mumbai,1223
2024-03-24,Orange,Mumbai,1239
2024-03-25,Orange,Mumbai,1247
2024-03-26,Orange,Mumbai,1264
2024-03-27,Orange,Mumbai,1284
2024-03-28,Orange,Mumbai,1280
2024-03-29,Orange,Mumbai,1261
2024-03-30,Orange,Mumbai,1282
2024-03-31,Orange,Mumbai,1287
2024-04-01,Orange,Mumbai,1280
2024-04-02,Orange,Mumbai,1274
2024-04-03,Orange,Mumbai,1280
2024-04-04,Orange,Mumbai,1276
2024-04-05,Orange,Mumbai,1276
2024-04-06,Orange,Mumbai,1277
2024-04-07,Orange,Mumbai,1285
2024-04-08,Orange,Mumbai,1295
2024-04-09,Orange,Mumbai,1310
2024-04-10,Orange,Mumbai,1291
2024-04-11,Orange,Mumbai,1272
2024-04-12,Orange,Mumbai,1265
2024-04-13,Orange,Mumbai,1250
2024-04-14,Orange,Mumbai,1246
2024-04-15,Orange,Mumbai,1271
2024-04-16,Orange,Mumbai,1260
2024-04-17,Orange,Mumbai,1270
2024-04-18,Orange,Mumbai,1283
2024-04-19,Orange,Mumbai,1279
2024-04-20,Orange,Mumbai,1283
2024-04-21,Orange,Mumbai,1296
2024-04-22,Orange,Mumbai,1302
2024-04-23,Orange,Mumbai,1295
2024-04-24,Orange,Mumbai,1308
2024-04-25,Orange,Mumbai,1310
2024-04-26,Orange,Mumbai,1292
2024-04-27,Orange,Mumbai,1293
2024-04-28,Orange,Mumbai,1279
2024-04-29,Orange,Mumbai,1270
2024-04-30,Orange,Mumbai,1257
2024-05-01,Orange,Mumbai,1244
2024-05-02,Orange,Mumbai,1265
2024-05-03,Orange,Mumbai,1253
2024-05-04,Orange,Mumbai,1233
2024-05-05,Orange,Mumbai,1247
2024-05-06,Orange,Mumbai,1248
2024-05-07,Orange,Mumbai,1244
2024-05-08,Orange,Mumbai,1257
2024-05-09,Orange,Mumbai,1251
2024-05-10,Orange,Mumbai,1259
2024-05-11,Orange,Mumbai,1256
2024-05-12,Orange,Mumbai,1280
2024-05-13,Orange,Mumbai,1293
2024-05-14,Orange,Mumbai,1291
2024-05-15,Orange,Mumbai,1308
2024-05-16,Orange,Mumbai,1311
2024-05-17,Orange,Mumbai,1335
2024-05-18,Orange,Mumbai,1352
2024-05-19,Orange,Mumbai,1371
2024-05-20,Orange,Mumbai,1388
2024-05-21,Orange,Mumbai,1408
2024-05-22,Orange,Mumbai,1390
2024-05-23,Orange,Mumbai,1408
2024-05-24,Orange,Mumbai,1401
2024-05-25,Orange,Mumbai,1413
2024-05-26,Orange,Mumbai,1424
2024-05-27,Orange,Mumbai,1408
2024-05-28,Orange,Mumbai,1415
2024-05-29,Orange,Mumbai,1413
2024-05-30,Orange,Mumbai,1430
2024-05-31,Orange,Mumbai,1415
2024-06-01,Orange,Mumbai,1419
2024-06-02,Orange,Mumbai,1401
2024-06-03,Orange,Mumbai,1405
2024-06-04,Orange,Mumbai,1392
2024-06-05,Orange,Mumbai,1382
2024-06-06,Orange,Mumbai,1387
2024-06-07,Orange,Mumbai,1397
2024-06-08,Orange,Mumbai,1384
2024-06-09,Orange,Mumbai,1395
2024-06-10,Orange,Mumbai,1377
2024-06-11,Orange,Mumbai,1396
2024-06-12,Orange,Mumbai,1399
2024-06-13,Orange,Mumbai,1400
2024-06-14,Orange,Mumbai,1424
2024-06-15,Orange,Mumbai,1408
2024-06-16,Orange,Mumbai,1390
2024-06-17,Orange,Mumbai,1384
2024-06-18,Orange,Mumbai,1399
2024-06-19,Orange,Mumbai,1384
2024-06-20,Orange,Mumbai,1364
2024-06-21,Orange,Mumbai,1388
2024-06-22,Orange,Mumbai,1370
2024-06-23,Orange,Mumbai,1371
2024-06-24,Orange,Mumbai,1363
2024-06-25,Orange,Mumbai,1351
2024-06-26,Orange,Mumbai,1348
2024-06-27,Orange,Mumbai,1336
2024-06-28,Orange,Mumbai,1320
2024-06-29,Orange,Mumbai,1311
2024-06-30,Orange,Mumbai,1309
2024-07-01,Orange,Mumbai,1300
2024-07-02,Orange,Mumbai,1291
2024-07-03,Orange,Mumbai,1278
2024-07-04,Orange,Mumbai,1299
2024-07-05,Orange,Mumbai,1295
2024-07-06,Orange,Mumbai,1312
2024-07-07,Orange,Mumbai,1321
2024-07-08,Orange,Mumbai,1332
2024-07-09,Orange,Mumbai,1347
2024-07-10,Orange,Mumbai,1345
2024-07-11,Orange,Mumbai,1361
2024-07-12,Orange,Mumbai,1342
2024-07-13,Orange,Mumbai,1359
2024-07-14,Orange,Mumbai,1384
2024-07-15,Orange,Mumbai,1371
2024-07-16,Orange,Mumbai,1358
2024-07-17,Orange,Mumbai,1375
2024-07-18,Orange,Mumbai,1369
2024-07-19,Orange,Mumbai,1361
2024-07-20,Orange,Mumbai,1357
2024-07-21,Orange,Mumbai,1357
2024-07-22,Orange,Mumbai,1339
2024-07-23,Orange,Mumbai,1363
2024-07-24,Orange,Mumbai,1358
2024-07-25,Orange,Mumbai,1349
2024-07-26,Orange,Mumbai,1332
2024-07-27,Orange,Mumbai,1322
2024-07-28,Orange,Mumbai,1336
2024-07-29,Orange,Mumbai,1347
2024-07-30,Orange,Mumbai,1339
2024-07-31,Orange,Mumbai,1340
2024-08-01,Orange,Mumbai,1327
2024-08-02,Orange,Mumbai,1339
2024-08-03,Orange,Mumbai,1354
2024-08-04,Orange,Mumbai,1379
2024-08-05,Orange,Mumbai,1371
2024-08-06,Orange,Mumbai,1377
2024-08-07,Orange,Mumbai,1388
2024-08-08,Orange,Mumbai,1377
2024-08-09,Orange,Mumbai,1369
2024-08-10,Orange,Mumbai,1354
2024-08-11,Orange,Mumbai,1351
2024-08-12,Orange,Mumbai,1349
2024-08-13,Orange,Mumbai,1339
2024-08-14,Orange,Mumbai,1360
2024-08-15,Orange,Mumbai,1384
2024-08-16,Orange,Mumbai,1373
2024-08-17,Orange,Mumbai,1382
2024-08-18,Orange,Mumbai,1399
2024-08-19,Orange,Mumbai,1419
2024-08-20,Orange,Mumbai,1437
2024-08-21,Orange,Mumbai,1422
2024-08-22,Orange,Mumbai,1441
2024-08-23,Orange,Mumbai,1430
2024-08-24,Orange,Mumbai,1436
2024-08-25,Orange,Mumbai,1456
2024-08-26,Orange,Mumbai,1442
2024-08-27,Orange,Mumbai,1429
2024-08-28,Orange,Mumbai,1451
2024-08-29,Orange,Mumbai,1443
2024-08-30,Orange,Mumbai,1434
2024-08-31,Orange,Mumbai,1456
2024-09-01,Orange,Mumbai,1480
2024-09-02,Orange,Mumbai,1461
2024-09-03,Orange,Mumbai,1458
2024-09-04,Orange,Mumbai,1447
2024-09-05,Orange,Mumbai,1448
2024-09-06,Orange,Mumbai,1473
2024-09-07,Orange,Mumbai,1458
2024-09-08,Orange,Mumbai,1460
2024-09-09,Orange,Mumbai,1473
2024-09-10,Orange,Mumbai,1473
2024-09-11,Orange,Mumbai,1481
2024-09-12,Orange,Mumbai,1469
2024-09-13,Orange,Mumbai,1460
2024-09-14,Orange,Mumbai,1454
2024-09-15,Orange,Mumbai,1445
2024-09-16,Orange,Mumbai,1469
2024-09-17,Orange,Mumbai,1473
2024-09-18,Orange,Mumbai,1453
2024-09-19,Orange,Mumbai,1467
2024-09-20,Orange,Mumbai,1491
2024-09-21,Orange,Mumbai,1472
2024-09-22,Orange,Mumbai,1489
2024-09-23,Orange,Mumbai,1496
2024-09-24,Orange,Mumbai,1505
2024-09-25,Orange,Mumbai,1513
2024-09-26,Orange,Mumbai,1516
2024-09-27,Orange,Mumbai,1501
2024-09-28,Orange,Mumbai,1526
2024-09-29,Orange,Mumbai,1542
2024-09-30,Orange,Mumbai,1535
2024-10-01,Orange,Mumbai,1550
2024-10-02,Orange,Mumbai,1543
2024-10-03,Orange,Mumbai,1552
2024-10-04,Orange,Mumbai,1560
2024-10-05,Orange,Mumbai,1551
2024-10-06,Orange,Mumbai,1546
2024-10-07,Orange,Mumbai,1545
2024-10-08,Orange,Mumbai,1528
2024-10-09,Orange,Mumbai,1515
2024-10-10,Orange,Mumbai,1508
2024-10-11,Orange,Mumbai,1525
2024-10-12,Orange,Mumbai,1542
2024-10-13,Orange,Mumbai,1525
2024-10-14,Orange,Mumbai,1541
2024-10-15,Orange,Mumbai,1522
2024-10-16,Orange,Mumbai,1545
2024-10-17,Orange,Mumbai,1570
2024-10-18,Orange,Mumbai,1558
2024-10-19,Orange,Mumbai,1569
2024-10-20,Orange,Mumbai,1584
2024-10-21,Orange,Mumbai,1592
2024-10-22,Orange,Mumbai,1574
2024-10-23,Orange,Mumbai,1576
2024-10-24,Orange,Mumbai,1557
2024-10-25,Orange,Mumbai,1573
2024-10-26,Orange,Mumbai,1583
2024-10-27,Orange,Mumbai,1592
2024-10-28,Orange,Mumbai,1581
2024-10-29,Orange,Mumbai,1580
2024-10-30,Orange,Mumbai,1585
2024-10-31,Orange,Mumbai,1597
2024-11-01,Orange,Mumbai,1587
2024-11-02,Orange,Mumbai,1608
2024-11-03,Orange,Mumbai,1603
2024-11-04,Orange,Mumbai,1628
2024-11-05,Orange,Mumbai,1630
2024-11-06,Orange,Mumbai,1622
2024-11-07,Orange,Mumbai,1646
2024-11-08,Orange,Mumbai,1660
2024-11-09,Orange,Mumbai,1643
2024-11-10,Orange,Mumbai,1661
2024-11-11,Orange,Mumbai,1675
2024-11-12,Orange,Mumbai,1669
2024-11-13,Orange,Mumbai,1652
2024-11-14,Orange,Mumbai,1640
2024-11-15,Orange,Mumbai,1627
2024-11-16,Orange,Mumbai,1631
2024-11-17,Orange,Mumbai,1620
2024-11-18,Orange,Mumbai,1639
2024-11-19,Orange,Mumbai,1630
2024-11-20,Orange,Mumbai,1610
2024-11-21,Orange,Mumbai,1626
2024-11-22,Orange,Mumbai,1610
2024-11-23,Orange,Mumbai,1606
2024-11-24,Orange,Mumbai,1630
2024-11-25,Orange,Mumbai,1628
2024-11-26,Orange,Mumbai,1631
2024-11-27,Orange,Mumbai,1632
2024-11-28,Orange,Mumbai,1639
2024-11-29,Orange,Mumbai,1661
2024-11-30,Orange,Mumbai,1683
2024-12-01,Orange,Mumbai,1680
2024-12-02,Orange,Mumbai,1670
2024-12-03,Orange,Mumbai,1691
2024-12-04,Orange,Mumbai,1698
2024-12-05,Orange,Mumbai,1681
2024-12-06,Orange,Mumbai,1675
2024-12-07,Orange,Mumbai,1695
2024-12-08,Orange,Mumbai,1710
2024-12-09,Orange,Mumbai,1708
2024-12-10,Orange,Mumbai,1700
2024-12-11,Orange,Mumbai,1722
2024-12-12,Orange,Mumbai,1745
2024-12-13,Orange,Mumbai,1730
2024-12-14,Orange,Mumbai,1740
2024-12-15,Orange,Mumbai,1747
2024-12-16,Orange,Mumbai,1732
2024-12-17,Orange,Mumbai,1714
2024-12-18,Orange,Mumbai,1721
2024-12-19,Orange,Mumbai,1724
2024-12-20,Orange,Mumbai,1736
2024-12-21,Orange,Mumbai,1728
2024-12-22,Orange,Mumbai,1746
2024-12-23,Orange,Mumbai,1761
2024-12-24,Orange,Mumbai,1778
2024-12-25,Orange,Mumbai,1799
2024-12-26,Orange,Mumbai,1787
2024-12-27,Orange,Mumbai,1789
2024-12-28,Orange,Mumbai,1771
2024-12-29,Orange,Mumbai,1789
2024-12-30,Orange,Mumbai,1803
2024-12-31,Orange,Mumbai,1804
2025-01-01,Orange,Mumbai,1808
2025-01-02,Orange,Mumbai,1791
2025-01-03,Orange,Mumbai,1774
2025-01-04,Orange,Mumbai,1775
2025-01-05,Orange,Mumbai,1784
2025-01-06,Orange,Mumbai,1792
2025-01-07,Orange,Mumbai,1799
2025-01-08,Orange,Mumbai,1781
2025-01-09,Orange,Mumbai,1767
2025-01-10,Orange,Mumbai,1780
2025-01-11,Orange,Mumbai,1800
2025-01-12,Orange,Mumbai,1823
2025-01-13,Orange,Mumbai,1820
2025-01-14,Orange,Mumbai,1804
2025-01-15,Orange,Mumbai,1786
2025-01-16,Orange,Mumbai,1802
2025-01-17,Orange,Mumbai,1787
2025-01-18,Orange,Mumbai,1788
2025-01-19,Orange,Mumbai,1784
2025-01-20,Orange,Mumbai,1792
2025-01-21,Orange,Mumbai,1803
2025-01-22,Orange,Mumbai,1809
2025-01-23,Orange,Mumbai,1804
2025-01-24,Orange,Mumbai,1812
2025-01-25,Orange,Mumbai,1799
2025-01-26,Orange,Mumbai,1793
2025-01-27,Orange,Mumbai,1813
2025-01-28,Orange,Mumbai,1809
2025-01-29,Orange,Mumbai,1791
2025-01-30,Orange,Mumbai,1793
2025-01-31,Orange,Mumbai,1816
2025-02-01,Orange,Mumbai,1800
2025-02-02,Orange,Mumbai,1785
2025-02-03,Orange,Mumbai,1765
2025-02-04,Orange,Mumbai,1783
2025-02-05,Orange,Mumbai,1799
2025-02-06,Orange,Mumbai,1816
2025-02-07,Orange,Mumbai,1831
2025-02-08,Orange,Mumbai,1827
2025-02-09,Orange,Mumbai,1812
2025-02-10,Orange,Mumbai,1804
2025-02-11,Orange,Mumbai,1819
2025-02-12,Orange,Mumbai,1839
2025-02-13,Orange,Mumbai,1829
2025-02-14,Orange,Mumbai,1816
2025-02-15,Orange,Mumbai,1835
2025-02-16,Orange,Mumbai,1852
2025-02-17,Orange,Mumbai,1876
2025-02-18,Orange,Mumbai,1896
2025-02-19,Orange,Mumbai,1916
2025-02-20,Orange,Mumbai,1910
2025-02-21,Orange,Mumbai,1916
2025-02-22,Orange,Mumbai,1928
2025-02-23,Orange,Mumbai,1944
2025-02-24,Orange,Mumbai,1947
2025-02-25,Orange,Mumbai,1959
2025-02-26,Orange,Mumbai,1940
2025-02-27,Orange,Mumbai,1923
2025-02-28,Orange,Mumbai,1929
2025-03-01,Orange,Mumbai,1942
2025-03-02,Orange,Mumbai,1935
2025-03-03,Orange,Mumbai,1928
2025-03-04,Orange,Mumbai,1928
2025-03-05,Orange,Mumbai,1933
2025-03-06,Orange,Mumbai,1939
2025-03-07,Orange,Mumbai,1947
2025-03-08,Orange,Mumbai,1953
2025-03-09,Orange,Mumbai,1965
2025-03-10,Orange,Mumbai,1968
2025-03-11,Orange,Mumbai,1966
2025-03-12,Orange,Mumbai,1958
2025-03-13,Orange,Mumbai,1975
2025-03-14,Orange,Mumbai,1959
2025-03-15,Orange,Mumbai,1980
2025-03-16,Orange,Mumbai,1972
2025-03-17,Orange,Mumbai,1984
2025-03-18,Orange,Mumbai,2009
2025-03-19,Orange,Mumbai,2003
2025-03-20,Orange,Mumbai,2006
2025-03-21,Orange,Mumbai,1987
2025-03-22,Orange,Mumbai,1998
2025-03-23,Orange,Mumbai,1998
2025-03-24,Orange,Mumbai,1993
2025-03-25,Orange,Mumbai,2017
2025-03-26,Orange,Mumbai,2010
2025-03-27,Orange,Mumbai,2016
2025-03-28,Orange,Mumbai,2005
2025-03-29,Orange,Mumbai,2008
2025-03-30,Orange,Mumbai,1995
2025-03-31,Orange,Mumbai,2014
2025-04-01,Orange,Mumbai,2000
2025-04-02,Orange,Mumbai,1987
2025-04-03,Orange,Mumbai,2001
2025-04-04,Orange,Mumbai,2017
2025-04-05,Orange,Mumbai,2003
2025-04-06,Orange,Mumbai,2005
2025-04-07,Orange,Mumbai,2023
2025-04-08,Orange,Mumbai,2027
2025-04-09,Orange,Mumbai,2025
2025-04-10,Orange,Mumbai,2013
2025-04-11,Orange,Mumbai,2007
2025-04-12,Orange,Mumbai,1991
2025-04-13,Orange,Mumbai,1989
2025-04-14,Orange,Mumbai,1991
2025-04-15,Orange,Mumbai,1996
2025-04-16,Orange,Mumbai,2013
2025-04-17,Orange,Mumbai,2017
2025-04-18,Orange,Mumbai,2026
2025-04-19,Orange,Mumbai,2013
2025-04-20,Orange,Mumbai,2002
2025-04-21,Orange,Mumbai,2002
2025-04-22,Orange,Mumbai,2026
2025-04-23,Orange,Mumbai,2035
2025-04-24,Orange,Mumbai,2017
2025-04-25,Orange,Mumbai,2032
2025-04-26,Orange,Mumbai,2025
2025-04-27,Orange,Mumbai,2050
2025-04-28,Orange,Mumbai,2045
2025-04-29,Orange,Mumbai,2032
2025-04-30,Orange,Mumbai,2022
2025-05-01,Orange,Mumbai,2036
2025-05-02,Orange,Mumbai,2051
2025-05-03,Orange,Mumbai,2044
2025-05-04,Orange,Mumbai,2025
2025-05-05,Orange,Mumbai,2019
2025-05-06,Orange,Mumbai,2032
2025-05-07,Orange,Mumbai,2036
2025-05-08,Orange,Mumbai,2027
2025-05-09,Orange,Mumbai,2021
2025-05-10,Orange,Mumbai,2024
2025-05-11,Orange,Mumbai,2025
2025-05-12,Orange,Mumbai,2034
2025-05-13,Orange,Mumbai,2031
2025-05-14,Orange,Mumbai,2019
2025-05-15,Orange,Mumbai,2021
2025-05-16,Orange,Mumbai,2012
2025-05-17,Orange,Mumbai,2001
2025-05-18,Orange,Mumbai,1997
2025-05-19,Orange,Mumbai,1999
2025-05-20,Orange,Mumbai,2008
2025-05-21,Orange,Mumbai,2026
2025-05-22,Orange,Mumbai,2029
2025-05-23,Orange,Mumbai,2015
2025-05-24,Orange,Mumbai,1998
2025-05-25,Orange,Mumbai,2011
2025-05-26,Orange,Mumbai,2029
2025-05-27,Orange,Mumbai,2017
2025-05-28,Orange,Mumbai,2012
2025-05-29,Orange,Mumbai,2029
2025-05-30,Orange,Mumbai,2021
2025-05-31,Orange,Mumbai,2029
2025-06-01,Orange,Mumbai,2036
2025-06-02,Orange,Mumbai,2031
2025-06-03,Orange,Mumbai,2038
2025-06-04,Orange,Mumbai,2019
2025-06-05,Orange,Mumbai,2011
2025-06-06,Orange,Mumbai,2002
2025-06-07,Orange,Mumbai,1989
2025-06-08,Orange,Mumbai,2000
2025-06-09,Orange,Mumbai,2009
2025-06-10,Orange,Mumbai,2003
2025-06-11,Orange,Mumbai,2010
2025-06-12,Orange,Mumbai,2002
2025-06-13,Orange,Mumbai,2001
2025-06-14,Orange,Mumbai,2013
2025-06-15,Orange,Mumbai,1999
2025-06-16,Orange,Mumbai,2006
2025-06-17,Orange,Mumbai,2021
2025-06-18,Orange,Mumbai,2021
2025-06-19,Orange,Mumbai,2008
2025-06-20,Orange,Mumbai,2028
2025-06-21,Orange,Mumbai,2032
2025-06-22,Orange,Mumbai,2014
2025-06-23,Orange,Mumbai,1998
2025-06-24,Orange,Mumbai,2008
2025-06-25,Orange,Mumbai,2009
2025-06-26,Orange,Mumbai,2014
2025-06-27,Orange,Mumbai,2039
2025-06-28,Orange,Mumbai,2057
2025-06-29,Orange,Mumbai,2068
2025-06-30,Orange,Mumbai,2087
2025-07-01,Orange,Mumbai,2110
2025-07-02,Orange,Mumbai,2135
2025-07-03,Orange,Mumbai,2155
2025-07-04,Orange,Mumbai,2167
2025-07-05,Orange,Mumbai,2188
2025-07-06,Orange,Mumbai,2189
2025-07-07,Orange,Mumbai,2182
2025-07-08,Orange,Mumbai,2176
2025-07-09,Orange,Mumbai,2189
2025-07-10,Orange,Mumbai,2184
2025-07-11,Orange,Mumbai,2174
2025-07-12,Orange,Mumbai,2158
2025-07-13,Orange,Mumbai,2177
2025-07-14,Orange,Mumbai,2173
2025-07-15,Orange,Mumbai,2160
2025-07-16,Orange,Mumbai,2178
2025-07-17,Orange,Mumbai,2163
2025-07-18,Orange,Mumbai,2156
2025-07-19,Orange,Mumbai,2136
2025-07-20,Orange,Mumbai,2160
2025-07-21,Orange,Mumbai,2149
2025-07-22,Orange,Mumbai,2136
2025-07-23,Orange,Mumbai,2138
2025-07-24,Orange,Mumbai,2151
2025-07-25,Orange,Mumbai,2136
2025-07-26,Orange,Mumbai,2148
2025-07-27,Orange,Mumbai,2129
2025-07-28,Orange,Mumbai,2137
2025-07-29,Orange,Mumbai,2144
2025-07-30,Orange,Mumbai,2128
2025-07-31,Orange,Mumbai,2113
2025-08-01,Orange,Mumbai,2133
2025-08-02,Orange,Mumbai,2130
2025-08-03,Orange,Mumbai,2117
2025-08-04,Orange,Mumbai,2128
2025-08-05,Orange,Mumbai,2127
2025-08-06,Orange,Mumbai,2142
2025-08-07,Orange,Mumbai,2146
2025-08-08,Orange,Mumbai,2130
2025-08-09,Orange,Mumbai,2120
2025-08-10,Orange,Mumbai,2108
2025-08-11,Orange,Mumbai,2133
2025-08-12,Orange,Mumbai,2138
2025-08-13,Orange,Mumbai,2119
2025-08-14,Orange,Mumbai,2110
2025-08-15,Orange,Mumbai,2097
2025-08-16,Orange,Mumbai,2094
2025-08-17,Orange,Mumbai,2092
2025-08-18,Orange,Mumbai,2086
2025-08-19,Orange,Mumbai,2090
2025-08-20,Orange,Mumbai,2100
2025-08-21,Orange,Mumbai,2093
2025-08-22,Orange,Mumbai,2101
2025-08-23,Orange,Mumbai,2089
2025-08-24,Orange,Mumbai,2076
2025-08-25,Orange,Mumbai,2062
2025-08-26,Orange,Mumbai,2045
2025-08-27,Orange,Mumbai,2044
2025-08-28,Orange,Mumbai,2028
2025-08-29,Orange,Mumbai,2044
2025-08-30,Orange,Mumbai,2062
2025-08-31,Orange,Mumbai,2078
2025-09-01,Orange,Mumbai,2061
2025-09-02,Orange,Mumbai,2042
2025-09-03,Orange,Mumbai,2058
2025-09-04,Orange,Mumbai,2072
2025-09-05,Orange,Mumbai,2076
2025-09-06,Orange,Mumbai,2067
2025-09-07,Orange,Mumbai,2076
2025-09-08,Orange,Mumbai,2071
2025-09-09,Orange,Mumbai,2054
2025-09-10,Orange,Mumbai,2041
2025-09-11,Orange,Mumbai,2047
2025-09-12,Orange,Mumbai,2059
2025-09-13,Orange,Mumbai,2045
2025-09-14,Orange,Mumbai,2025
2025-09-15,Orange,Mumbai,2012
2025-09-16,Orange,Mumbai,2028
2025-09-17,Orange,Mumbai,2019
2025-09-18,Orange,Mumbai,2024
2025-09-19,Orange,Mumbai,2036
2025-09-20,Orange,Mumbai,2049
2025-09-21,Orange,Mumbai,2072
2025-09-22,Orange,Mumbai,2065
2025-09-23,Orange,Mumbai,2085
2025-09-24,Orange,Mumbai,2083
2025-09-25,Orange,Mumbai,2077
2025-09-26,Orange,Mumbai,2087
2025-09-27,Orange,Mumbai,2067
2025-09-28,Orange,Mumbai,2090
2025-09-29,Orange,Mumbai,2106
2025-09-30,Orange,Mumbai,2094
2025-10-01,Orange,Mumbai,2115
2025-10-02,Orange,Mumbai,2115
2025-10-03,Orange,Mumbai,2128
2025-10-04,Orange,Mumbai,2116
2025-10-05,Orange,Mumbai,2130
2025-10-06,Orange,Mumbai,2129
2025-10-07,Orange,Mumbai,2145
2025-10-08,Orange,Mumbai,2139
2025-10-09,Orange,Mumbai,2143
2025-10-10,Orange,Mumbai,2129
2025-10-11,Orange,Mumbai,2130
2025-10-12,Orange,Mumbai,2146
2025-10-13,Orange,Mumbai,2130
2025-10-14,Orange,Mumbai,2116
2025-10-15,Orange,Mumbai,2103
2025-10-16,Orange,Mumbai,2128
2025-10-17,Orange,Mumbai,2127
2025-10-18,Orange,Mumbai,2143
2025-10-19,Orange,Mumbai,2150
2025-10-20,Orange,Mumbai,2142
2025-10-21,Orange,Mumbai,2166
2025-10-22,Orange,Mumbai,2168
2025-10-23,Orange,Mumbai,2183
2025-10-24,Orange,Mumbai,2205
2025-10-25,Orange,Mumbai,2220
2025-10-26,Orange,Mumbai,2204
2025-10-27,Orange,Mumbai,2217
2025-10-28,Orange,Mumbai,2234
2025-10-29,Orange,Mumbai,2236
2025-10-30,Orange,Mumbai,2218
2025-10-31,Orange,Mumbai,2209
2025-11-01,Orange,Mumbai,2205
2025-11-02,Orange,Mumbai,2229
2025-11-03,Orange,Mumbai,2237
2025-11-04,Orange,Mumbai,2240
2025-11-05,Orange,Mumbai,2264
2025-11-06,Orange,Mumbai,2251
2025-11-07,Orange,Mumbai,2257
2025-11-08,Orange,Mumbai,2244
2025-11-09,Orange,Mumbai,2247
2025-11-10,Orange,Mumbai,2251
2025-11-11,Orange,Mumbai,2274
2025-11-12,Orange,Mumbai,2266
2025-11-13,Orange,Mumbai,2252
2025-11-14,Orange,Mumbai,2232
2025-11-15,Orange,Mumbai,2242
2025-11-16,Orange,Mumbai,2239
2025-11-17,Orange,Mumbai,2246
2025-11-18,Orange,Mumbai,2235
2025-11-19,Orange,Mumbai,2257
2025-11-20,Orange,Mumbai,2275
2025-11-21,Orange,Mumbai,2292
2025-11-22,Orange,Mumbai,2310
2025-11-23,Orange,Mumbai,2319
2025-11-24,Orange,Mumbai,2300
2025-11-25,Orange,Mumbai,2286
2025-11-26,Orange,Mumbai,2274
2025-11-27,Orange,Mumbai,2272
2025-11-28,Orange,Mumbai,2273
2025-11-29,Orange,Mumbai,2265
2025-11-30,Orange,Mumbai,2268
2025-12-01,Orange,Mumbai,2271
2025-12-02,Orange,Mumbai,2264
2025-12-03,Orange,Mumbai,2248
2025-12-04,Orange,Mumbai,2230
2025-12-05,Orange,Mumbai,2212
2025-12-06,Orange,Mumbai,2234
2025-12-07,Orange,Mumbai,2251
2025-12-08,Orange,Mumbai,2265
2025-12-09,Orange,Mumbai,2263
2025-12-10,Orange,Mumbai,2274
2025-12-11,Orange,Mumbai,2292
2025-12-12,Orange,Mumbai,2283
2025-12-13,Orange,Mumbai,2274
2025-12-14,Orange,Mumbai,2269
2025-12-15,Orange,Mumbai,2265
2025-12-16,Orange,Mumbai,2279
2025-12-17,Orange,Mumbai,2267
2025-12-18,Orange,Mumbai,2262
2025-12-19,Orange,Mumbai,2252
2025-12-20,Orange,Mumbai,2274
2025-12-21,Orange,Mumbai,2284
2025-12-22,Orange,Mumbai,2281
2025-12-23,Orange,Mumbai,2299
2025-12-24,Orange,Mumbai,2292
2025-12-25,Orange,Mumbai,2287
2025-12-26,Orange,Mumbai,2305
2025-12-27,Orange,Mumbai,2294
2025-12-28,Orange,Mumbai,2299
2025-12-29,Orange,Mumbai,2294
2025-12-30,Orange,Mumbai,2285
2025-12-31,Orange,Mumbai,2288
2024-01-01,Orange,Nagpur,878
2024-01-02,Orange,Nagpur,882
2024-01-03,Orange,Nagpur,885
2024-01-04,Orange,Nagpur,900
2024-01-05,Orange,Nagpur,902
2024-01-06,Orange,Nagpur,921
2024-01-07,Orange,Nagpur,917
2024-01-08,Orange,Nagpur,916
2024-01-09,Orange,Nagpur,897
2024-01-10,Orange,Nagpur,893
2024-01-11,Orange,Nagpur,897
2024-01-12,Orange,Nagpur,910
2024-01-13,Orange,Nagpur,899
2024-01-14,Orange,Nagpur,923
2024-01-15,Orange,Nagpur,903
2024-01-16,Orange,Nagpur,927
2024-01-17,Orange,Nagpur,932
2024-01-18,Orange,Nagpur,932
2024-01-19,Orange,Nagpur,917
2024-01-20,Orange,Nagpur,924
2024-01-21,Orange,Nagpur,911
2024-01-22,Orange,Nagpur,920
2024-01-23,Orange,Nagpur,917
2024-01-24,Orange,Nagpur,899
2024-01-25,Orange,Nagpur,920
2024-01-26,Orange,Nagpur,945
2024-01-27,Orange,Nagpur,966
2024-01-28,Orange,Nagpur,957
2024-01-29,Orange,Nagpur,976
2024-01-30,Orange,Nagpur,984
2024-01-31,Orange,Nagpur,992
2024-02-01,Orange,Nagpur,983
2024-02-02,Orange,Nagpur,1003
2024-02-03,Orange,Nagpur,997
2024-02-04,Orange,Nagpur,996
2024-02-05,Orange,Nagpur,989
2024-02-06,Orange,Nagpur,982
2024-02-07,Orange,Nagpur,979
2024-02-08,Orange,Nagpur,974
2024-02-09,Orange,Nagpur,957
2024-02-10,Orange,Nagpur,959
2024-02-11,Orange,Nagpur,960
2024-02-12,Orange,Nagpur,963
2024-02-13,Orange,Nagpur,957
2024-02-14,Orange,Nagpur,937
2024-02-15,Orange,Nagpur,954
2024-02-16,Orange,Nagpur,964
2024-02-17,Orange,Nagpur,989
2024-02-18,Orange,Nagpur,993
2024-02-19,Orange,Nagpur,1012
2024-02-20,Orange,Nagpur,1007
2024-02-21,Orange,Nagpur,1007
2024-02-22,Orange,Nagpur,995
2024-02-23,Orange,Nagpur,1020
2024-02-24,Orange,Nagpur,1002
2024-02-25,Orange,Nagpur,1011
2024-02-26,Orange,Nagpur,1007
2024-02-27,Orange,Nagpur,1012
2024-02-28,Orange,Nagpur,1036
2024-02-29,Orange,Nagpur,1031
2024-03-01,Orange,Nagpur,1015
2024-03-02,Orange,Nagpur,1017
2024-03-03,Orange,Nagpur,1020
2024-03-04,Orange,Nagpur,1042
2024-03-05,Orange,Nagpur,1044
2024-03-06,Orange,Nagpur,1047
2024-03-07,Orange,Nagpur,1041
2024-03-08,Orange,Nagpur,1043
2024-03-09,Orange,Nagpur,1033
2024-03-10,Orange,Nagpur,1052
2024-03-11,Orange,Nagpur,1076
2024-03-12,Orange,Nagpur,1096
2024-03-13,Orange,Nagpur,1101
2024-03-14,Orange,Nagpur,1084
2024-03-15,Orange,Nagpur,1075
2024-03-16,Orange,Nagpur,1093
2024-03-17,Orange,Nagpur,1103
2024-03-18,Orange,Nagpur,1110
2024-03-19,Orange,Nagpur,1110
2024-03-20,Orange,Nagpur,1122
2024-03-21,Orange,Nagpur,1131
2024-03-22,Orange,Nagpur,1136
2024-03-23,Orange,Nagpur,1135
2024-03-24,Orange,Nagpur,1118
2024-03-25,Orange,Nagpur,1107
2024-03-26,Orange,Nagpur,1109
2024-03-27,Orange,Nagpur,1096
2024-03-28,Orange,Nagpur,1098
2024-03-29,Orange,Nagpur,1097
2024-03-30,Orange,Nagpur,1083
2024-03-31,Orange,Nagpur,1088
2024-04-01,Orange,Nagpur,1083
2024-04-02,Orange,Nagpur,1099
2024-04-03,Orange,Nagpur,1113
2024-04-04,Orange,Nagpur,1118
2024-04-05,Orange,Nagpur,1138
2024-04-06,Orange,Nagpur,1159
2024-04-07,Orange,Nagpur,1159
2024-04-08,Orange,Nagpur,1158
2024-04-09,Orange,Nagpur,1165
2024-04-10,Orange,Nagpur,1182
2024-04-11,Orange,Nagpur,1193
2024-04-12,Orange,Nagpur,1218
2024-04-13,Orange,Nagpur,1234
2024-04-14,Orange,Nagpur,1230
2024-04-15,Orange,Nagpur,1211
2024-04-16,Orange,Nagpur,1198
2024-04-17,Orange,Nagpur,1213
2024-04-18,Orange,Nagpur,1222
2024-04-19,Orange,Nagpur,1244
2024-04-20,Orange,Nagpur,1243
2024-04-21,Orange,Nagpur,1226
2024-04-22,Orange,Nagpur,1223
2024-04-23,Orange,Nagpur,1213
2024-04-24,Orange,Nagpur,1198
2024-04-25,Orange,Nagpur,1206
2024-04-26,Orange,Nagpur,1210
2024-04-27,Orange,Nagpur,1212
2024-04-28,Orange,Nagpur,1237
2024-04-29,Orange,Nagpur,1219
2024-04-30,Orange,Nagpur,1220
2024-05-01,Orange,Nagpur,1241
2024-05-02,Orange,Nagpur,1254
2024-05-03,Orange,Nagpur,1237
2024-05-04,Orange,Nagpur,1235
2024-05-05,Orange,Nagpur,1229
2024-05-06,Orange,Nagpur,1247
2024-05-07,Orange,Nagpur,1238
2024-05-08,Orange,Nagpur,1256
2024-05-09,Orange,Nagpur,1274
2024-05-10,Orange,Nagpur,1273
2024-05-11,Orange,Nagpur,1284
2024-05-12,Orange,Nagpur,1264
2024-05-13,Orange,Nagpur,1277
2024-05-14,Orange,Nagpur,1279
2024-05-15,Orange,Nagpur,1260
2024-05-16,Orange,Nagpur,1280
2024-05-17,Orange,Nagpur,1279
2024-05-18,Orange,Nagpur,1280
2024-05-19,Orange,Nagpur,1303
2024-05-20,Orange,Nagpur,1306
2024-05-21,Orange,Nagpur,1299
2024-05-22,Orange,Nagpur,1315
2024-05-23,Orange,Nagpur,1330
2024-05-24,Orange,Nagpur,1332
2024-05-25,Orange,Nagpur,1334
2024-05-26,Orange,Nagpur,1315
2024-05-27,Orange,Nagpur,1301
2024-05-28,Orange,Nagpur,1326
2024-05-29,Orange,Nagpur,1328
2024-05-30,Orange,Nagpur,1311
2024-05-31,Orange,Nagpur,1317
2024-06-01,Orange,Nagpur,1322
2024-06-02,Orange,Nagpur,1331
2024-06-03,Orange,Nagpur,1353
2024-06-04,Orange,Nagpur,1338
2024-06-05,Orange,Nagpur,1345
2024-06-06,Orange,Nagpur,1355
2024-06-07,Orange,Nagpur,1379
2024-06-08,Orange,Nagpur,1365
2024-06-09,Orange,Nagpur,1360
2024-06-10,Orange,Nagpur,1363
2024-06-11,Orange,Nagpur,1387
2024-06-12,Orange,Nagpur,1370
2024-06-13,Orange,Nagpur,1371
2024-06-14,Orange,Nagpur,1376
2024-06-15,Orange,Nagpur,1357
2024-06-16,Orange,Nagpur,1378
2024-06-17,Orange,Nagpur,1375
2024-06-18,Orange,Nagpur,1371
2024-06-19,Orange,Nagpur,1386
2024-06-20,Orange,Nagpur,1408
2024-06-21,Orange,Nagpur,1415
2024-06-22,Orange,Nagpur,1398
2024-06-23,Orange,Nagpur,1398
2024-06-24,Orange,Nagpur,1398
2024-06-25,Orange,Nagpur,1402
2024-06-26,Orange,Nagpur,1389
2024-06-27,Orange,Nagpur,1396
2024-06-28,Orange,Nagpur,1397
2024-06-29,Orange,Nagpur,1397
2024-06-30,Orange,Nagpur,1382
2024-07-01,Orange,Nagpur,1372
2024-07-02,Orange,Nagpur,1390
2024-07-03,Orange,Nagpur,1411
2024-07-04,Orange,Nagpur,1417
2024-07-05,Orange,Nagpur,1413
2024-07-06,Orange,Nagpur,1395
2024-07-07,Orange,Nagpur,1389
2024-07-08,Orange,Nagpur,1410
2024-07-09,Orange,Nagpur,1410
2024-07-10,Orange,Nagpur,1418
2024-07-11,Orange,Nagpur,1402
2024-07-12,Orange,Nagpur,1390
2024-07-13,Orange,Nagpur,1411
2024-07-14,Orange,Nagpur,1411
2024-07-15,Orange,Nagpur,1398
2024-07-16,Orange,Nagpur,1408
2024-07-17,Orange,Nagpur,1411
2024-07-18,Orange,Nagpur,1424
2024-07-19,Orange,Nagpur,1406
2024-07-20,Orange,Nagpur,1397
2024-07-21,Orange,Nagpur,1378
2024-07-22,Orange,Nagpur,1385
2024-07-23,Orange,Nagpur,1382
2024-07-24,Orange,Nagpur,1366
2024-07-25,Orange,Nagpur,1349
2024-07-26,Orange,Nagpur,1357
2024-07-27,Orange,Nagpur,1355
2024-07-28,Orange,Nagpur,1348
2024-07-29,Orange,Nagpur,1357
2024-07-30,Orange,Nagpur,1357
2024-07-31,Orange,Nagpur,1346
2024-08-01,Orange,Nagpur,1334
2024-08-02,Orange,Nagpur,1328
2024-08-03,Orange,Nagpur,1308
2024-08-04,Orange,Nagpur,1305
2024-08-05,Orange,Nagpur,1327
2024-08-06,Orange,Nagpur,1334
2024-08-07,Orange,Nagpur,1359
2024-08-08,Orange,Nagpur,1377
2024-08-09,Orange,Nagpur,1385
2024-08-10,Orange,Nagpur,1410
2024-08-11,Orange,Nagpur,1419
2024-08-12,Orange,Nagpur,1417
2024-08-13,Orange,Nagpur,1421
2024-08-14,Orange,Nagpur,1406
2024-08-15,Orange,Nagpur,1408
2024-08-16,Orange,Nagpur,1404
2024-08-17,Orange,Nagpur,1404
2024-08-18,Orange,Nagpur,1404
2024-08-19,Orange,Nagpur,1398
2024-08-20,Orange,Nagpur,1423
2024-08-21,Orange,Nagpur,1421
2024-08-22,Orange,Nagpur,1440
2024-08-23,Orange,Nagpur,1435
2024-08-24,Orange,Nagpur,1425
2024-08-25,Orange,Nagpur,1412
2024-08-26,Orange,Nagpur,1399
2024-08-27,Orange,Nagpur,1397
2024-08-28,Orange,Nagpur,1407
2024-08-29,Orange,Nagpur,1412
2024-08-30,Orange,Nagpur,1401
2024-08-31,Orange,Nagpur,1404
2024-09-01,Orange,Nagpur,1406
2024-09-02,Orange,Nagpur,1413
2024-09-03,Orange,Nagpur,1428
2024-09-04,Orange,Nagpur,1411
2024-09-05,Orange,Nagpur,1432
2024-09-06,Orange,Nagpur,1430
2024-09-07,Orange,Nagpur,1429
2024-09-08,Orange,Nagpur,1431
2024-09-09,Orange,Nagpur,1418
2024-09-10,Orange,Nagpur,1436
2024-09-11,Orange,Nagpur,1429
2024-09-12,Orange,Nagpur,1442
2024-09-13,Orange,Nagpur,1427
2024-09-14,Orange,Nagpur,1437
2024-09-15,Orange,Nagpur,1432
2024-09-16,Orange,Nagpur,1443
2024-09-17,Orange,Nagpur,1429
2024-09-18,Orange,Nagpur,1424
2024-09-19,Orange,Nagpur,1427
2024-09-20,Orange,Nagpur,1423
2024-09-21,Orange,Nagpur,1437
2024-09-22,Orange,Nagpur,1422
2024-09-23,Orange,Nagpur,1418
2024-09-24,Orange,Nagpur,1426
2024-09-25,Orange,Nagpur,1435
2024-09-26,Orange,Nagpur,1435
2024-09-27,Orange,Nagpur,1447
2024-09-28,Orange,Nagpur,1442
2024-09-29,Orange,Nagpur,1444
2024-09-30,Orange,Nagpur,1434
2024-10-01,Orange,Nagpur,1423
2024-10-02,Orange,Nagpur,1448
2024-10-03,Orange,Nagpur,1436
2024-10-04,Orange,Nagpur,1450
2024-10-05,Orange,Nagpur,1445
2024-10-06,Orange,Nagpur,1429
2024-10-07,Orange,Nagpur,1418
2024-10-08,Orange,Nagpur,1418
2024-10-09,Orange,Nagpur,1419
2024-10-10,Orange,Nagpur,1441
2024-10-11,Orange,Nagpur,1421
2024-10-12,Orange,Nagpur,1419
2024-10-13,Orange,Nagpur,1426
2024-10-14,Orange,Nagpur,1423
2024-10-15,Orange,Nagpur,1410
2024-10-16,Orange,Nagpur,1419
2024-10-17,Orange,Nagpur,1431
2024-10-18,Orange,Nagpur,1455
2024-10-19,Orange,Nagpur,1438
2024-10-20,Orange,Nagpur,1454
2024-10-21,Orange,Nagpur,1455
2024-10-22,Orange,Nagpur,1478
2024-10-23,Orange,Nagpur,1466
2024-10-24,Orange,Nagpur,1453
2024-10-25,Orange,Nagpur,1435
2024-10-26,Orange,Nagpur,1433
2024-10-27,Orange,Nagpur,1457
2024-10-28,Orange,Nagpur,1439
2024-10-29,Orange,Nagpur,1421
2024-10-30,Orange,Nagpur,1441
2024-10-31,Orange,Nagpur,1454
2024-11-01,Orange,Nagpur,1435
2024-11-02,Orange,Nagpur,1421
2024-11-03,Orange,Nagpur,1404
2024-11-04,Orange,Nagpur,1384
2024-11-05,Orange,Nagpur,1374
2024-11-06,Orange,Nagpur,1393
2024-11-07,Orange,Nagpur,1400
2024-11-08,Orange,Nagpur,1388
2024-11-09,Orange,Nagpur,1388
2024-11-10,Orange,Nagpur,1380
2024-11-11,Orange,Nagpur,1386
2024-11-12,Orange,Nagpur,1411
2024-11-13,Orange,Nagpur,1423
2024-11-14,Orange,Nagpur,1411
2024-11-15,Orange,Nagpur,1406
2024-11-16,Orange,Nagpur,1416
2024-11-17,Orange,Nagpur,1440
2024-11-18,Orange,Nagpur,1440
2024-11-19,Orange,Nagpur,1449
2024-11-20,Orange,Nagpur,1467
2024-11-21,Orange,Nagpur,1449
2024-11-22,Orange,Nagpur,1456
2024-11-23,Orange,Nagpur,1465
2024-11-24,Orange,Nagpur,1481
2024-11-25,Orange,Nagpur,1473
2024-11-26,Orange,Nagpur,1458
2024-11-27,Orange,Nagpur,1450
2024-11-28,Orange,Nagpur,1431
2024-11-29,Orange,Nagpur,1443
2024-11-30,Orange,Nagpur,1429
2024-12-01,Orange,Nagpur,1412
2024-12-02,Orange,Nagpur,1415
2024-12-03,Orange,Nagpur,1427
2024-12-04,Orange,Nagpur,1439
2024-12-05,Orange,Nagpur,1442
2024-12-06,Orange,Nagpur,1423
2024-12-07,Orange,Nagpur,1433
2024-12-08,Orange,Nagpur,1443
2024-12-09,Orange,Nagpur,1443
2024-12-10,Orange,Nagpur,1460
2024-12-11,Orange,Nagpur,1481
2024-12-12,Orange,Nagpur,1499
2024-12-13,Orange,Nagpur,1497
2024-12-14,Orange,Nagpur,1487
2024-12-15,Orange,Nagpur,1482
2024-12-16,Orange,Nagpur,1468
2024-12-17,Orange,Nagpur,1485
2024-12-18,Orange,Nagpur,1485
2024-12-19,Orange,Nagpur,1504
2024-12-20,Orange,Nagpur,1497
2024-12-21,Orange,Nagpur,1510
2024-12-22,Orange,Nagpur,1532
2024-12-23,Orange,Nagpur,1542
2024-12-24,Orange,Nagpur,1550
2024-12-25,Orange,Nagpur,1531
2024-12-26,Orange,Nagpur,1529
2024-12-27,Orange,Nagpur,1510
2024-12-28,Orange,Nagpur,1502
2024-12-29,Orange,Nagpur,1509
2024-12-30,Orange,Nagpur,1529
2024-12-31,Orange,Nagpur,1532
2025-01-01,Orange,Nagpur,1542
2025-01-02,Orange,Nagpur,1530
2025-01-03,Orange,Nagpur,1527
2025-01-04,Orange,Nagpur,1521
2025-01-05,Orange,Nagpur,1520
2025-01-06,Orange,Nagpur,1531
2025-01-07,Orange,Nagpur,1513
2025-01-08,Orange,Nagpur,1517
2025-01-09,Orange,Nagpur,1541
2025-01-10,Orange,Nagpur,1546
2025-01-11,Orange,Nagpur,1529
2025-01-12,Orange,Nagpur,1524
2025-01-13,Orange,Nagpur,1518
2025-01-14,Orange,Nagpur,1524
2025-01-15,Orange,Nagpur,1535
2025-01-16,Orange,Nagpur,1560
2025-01-17,Orange,Nagpur,1575
2025-01-18,Orange,Nagpur,1567
2025-01-19,Orange,Nagpur,1588
2025-01-20,Orange,Nagpur,1591
2025-01-21,Orange,Nagpur,1580
2025-01-22,Orange,Nagpur,1597
2025-01-23,Orange,Nagpur,1586
2025-01-24,Orange,Nagpur,1604
2025-01-25,Orange,Nagpur,1587
2025-01-26,Orange,Nagpur,1583
2025-01-27,Orange,Nagpur,1597
2025-01-28,Orange,Nagpur,1594
2025-01-29,Orange,Nagpur,1574
2025-01-30,Orange,Nagpur,1566
2025-01-31,Orange,Nagpur,1563
2025-02-01,Orange,Nagpur,1547
2025-02-02,Orange,Nagpur,1546
2025-02-03,Orange,Nagpur,1530
2025-02-04,Orange,Nagpur,1511
2025-02-05,Orange,Nagpur,1494
2025-02-06,Orange,Nagpur,1476
2025-02-07,Orange,Nagpur,1479
2025-02-08,Orange,Nagpur,1467
2025-02-09,Orange,Nagpur,1462
2025-02-10,Orange,Nagpur,1454
2025-02-11,Orange,Nagpur,1464
2025-02-12,Orange,Nagpur,1467
2025-02-13,Orange,Nagpur,1488
2025-02-14,Orange,Nagpur,1492
2025-02-15,Orange,Nagpur,1491
2025-02-16,Orange,Nagpur,1488
2025-02-17,Orange,Nagpur,1480
2025-02-18,Orange,Nagpur,1469
2025-02-19,Orange,Nagpur,1473
2025-02-20,Orange,Nagpur,1476
2025-02-21,Orange,Nagpur,1462
2025-02-22,Orange,Nagpur,1460
2025-02-23,Orange,Nagpur,1471
2025-02-24,Orange,Nagpur,1451
2025-02-25,Orange,Nagpur,1431
2025-02-26,Orange,Nagpur,1449
2025-02-27,Orange,Nagpur,1468
2025-02-28,Orange,Nagpur,1463
2025-03-01,Orange,Nagpur,1449
2025-03-02,Orange,Nagpur,1445
2025-03-03,Orange,Nagpur,1426
2025-03-04,Orange,Nagpur,1444
2025-03-05,Orange,Nagpur,1460
2025-03-06,Orange,Nagpur,1444
2025-03-07,Orange,Nagpur,1436
2025-03-08,Orange,Nagpur,1458
2025-03-09,Orange,Nagpur,1476
2025-03-10,Orange,Nagpur,1467
2025-03-11,Orange,Nagpur,1490
2025-03-12,Orange,Nagpur,1472
2025-03-13,Orange,Nagpur,1459
2025-03-14,Orange,Nagpur,1477
2025-03-15,Orange,Nagpur,1493
2025-03-16,Orange,Nagpur,1503
2025-03-17,Orange,Nagpur,1512
2025-03-18,Orange,Nagpur,1517
2025-03-19,Orange,Nagpur,1534
2025-03-20,Orange,Nagpur,1537
2025-03-21,Orange,Nagpur,1519
2025-03-22,Orange,Nagpur,1511
2025-03-23,Orange,Nagpur,1514
2025-03-24,Orange,Nagpur,1509
2025-03-25,Orange,Nagpur,1511
2025-03-26,Orange,Nagpur,1496
2025-03-27,Orange,Nagpur,1504
2025-03-28,Orange,Nagpur,1487
2025-03-29,Orange,Nagpur,1467
2025-03-30,Orange,Nagpur,1485
2025-03-31,Orange,Nagpur,1480
2025-04-01,Orange,Nagpur,1469
2025-04-02,Orange,Nagpur,1477
2025-04-03,Orange,Nagpur,1496
2025-04-04,Orange,Nagpur,1513
2025-04-05,Orange,Nagpur,1495
2025-04-06,Orange,Nagpur,1487
2025-04-07,Orange,Nagpur,1470
2025-04-08,Orange,Nagpur,1477
2025-04-09,Orange,Nagpur,1475
2025-04-10,Orange,Nagpur,1469
2025-04-11,Orange,Nagpur,1455
2025-04-12,Orange,Nagpur,1453
2025-04-13,Orange,Nagpur,1450
2025-04-14,Orange,Nagpur,1474
2025-04-15,Orange,Nagpur,1486
2025-04-16,Orange,Nagpur,1507
2025-04-17,Orange,Nagpur,1505
2025-04-18,Orange,Nagpur,1514
2025-04-19,Orange,Nagpur,1535
2025-04-20,Orange,Nagpur,1553
2025-04-21,Orange,Nagpur,1559
2025-04-22,Orange,Nagpur,1561
2025-04-23,Orange,Nagpur,1563
2025-04-24,Orange,Nagpur,1586
2025-04-25,Orange,Nagpur,1597
2025-04-26,Orange,Nagpur,1603
2025-04-27,Orange,Nagpur,1621
2025-04-28,Orange,Nagpur,1610
2025-04-29,Orange,Nagpur,1629
2025-04-30,Orange,Nagpur,1637
2025-05-01,Orange,Nagpur,1626
2025-05-02,Orange,Nagpur,1643
2025-05-03,Orange,Nagpur,1623
2025-05-04,Orange,Nagpur,1640
2025-05-05,Orange,Nagpur,1633
2025-05-06,Orange,Nagpur,1632
2025-05-07,Orange,Nagpur,1616
2025-05-08,Orange,Nagpur,1632
2025-05-09,Orange,Nagpur,1621
2025-05-10,Orange,Nagpur,1609
2025-05-11,Orange,Nagpur,1616
2025-05-12,Orange,Nagpur,1634
2025-05-13,Orange,Nagpur,1621
2025-05-14,Orange,Nagpur,1622
2025-05-15,Orange,Nagpur,1608
2025-05-16,Orange,Nagpur,1615
2025-05-17,Orange,Nagpur,1608
2025-05-18,Orange,Nagpur,1612
2025-05-19,Orange,Nagpur,1602
2025-05-20,Orange,Nagpur,1582
2025-05-21,Orange,Nagpur,1595
2025-05-22,Orange,Nagpur,1604
2025-05-23,Orange,Nagpur,1586
2025-05-24,Orange,Nagpur,1576
2025-05-25,Orange,Nagpur,1565
2025-05-26,Orange,Nagpur,1570
2025-05-27,Orange,Nagpur,1561
2025-05-28,Orange,Nagpur,1580
2025-05-29,Orange,Nagpur,1598
2025-05-30,Orange,Nagpur,1579
2025-05-31,Orange,Nagpur,1585
2025-06-01,Orange,Nagpur,1576
2025-06-02,Orange,Nagpur,1574
2025-06-03,Orange,Nagpur,1558
2025-06-04,Orange,Nagpur,1570
2025-06-05,Orange,Nagpur,1556
2025-06-06,Orange,Nagpur,1576
2025-06-07,Orange,Nagpur,1574
2025-06-08,Orange,Nagpur,1598
2025-06-09,Orange,Nagpur,1615
2025-06-10,Orange,Nagpur,1612
2025-06-11,Orange,Nagpur,1624
2025-06-12,Orange,Nagpur,1627
2025-06-13,Orange,Nagpur,1616
2025-06-14,Orange,Nagpur,1618
2025-06-15,Orange,Nagpur,1609
2025-06-16,Orange,Nagpur,1614
2025-06-17,Orange,Nagpur,1625
2025-06-18,Orange,Nagpur,1614
2025-06-19,Orange,Nagpur,1613
2025-06-20,Orange,Nagpur,1597
2025-06-21,Orange,Nagpur,1578
2025-06-22,Orange,Nagpur,1572
2025-06-23,Orange,Nagpur,1595
2025-06-24,Orange,Nagpur,1582
2025-06-25,Orange,Nagpur,1567
2025-06-26,Orange,Nagpur,1547
2025-06-27,Orange,Nagpur,1545
2025-06-28,Orange,Nagpur,1560
2025-06-29,Orange,Nagpur,1551
2025-06-30,Orange,Nagpur,1559
2025-07-01,Orange,Nagpur,1568
2025-07-02,Orange,Nagpur,1563
2025-07-03,Orange,Nagpur,1543
2025-07-04,Orange,Nagpur,1554
2025-07-05,Orange,Nagpur,1576
2025-07-06,Orange,Nagpur,1583
2025-07-07,Orange,Nagpur,1582
2025-07-08,Orange,Nagpur,1599
2025-07-09,Orange,Nagpur,1619
2025-07-10,Orange,Nagpur,1636
2025-07-11,Orange,Nagpur,1617
2025-07-12,Orange,Nagpur,1618
2025-07-13,Orange,Nagpur,1620
2025-07-14,Orange,Nagpur,1605
2025-07-15,Orange,Nagpur,1604
2025-07-16,Orange,Nagpur,1605
2025-07-17,Orange,Nagpur,1601
2025-07-18,Orange,Nagpur,1583
2025-07-19,Orange,Nagpur,1592
2025-07-20,Orange,Nagpur,1608
2025-07-21,Orange,Nagpur,1589
2025-07-22,Orange,Nagpur,1577
2025-07-23,Orange,Nagpur,1591
2025-07-24,Orange,Nagpur,1587
2025-07-25,Orange,Nagpur,1580
2025-07-26,Orange,Nagpur,1594
2025-07-27,Orange,Nagpur,1619
2025-07-28,Orange,Nagpur,1626
2025-07-29,Orange,Nagpur,1617
2025-07-30,Orange,Nagpur,1641
2025-07-31,Orange,Nagpur,1653
2025-08-01,Orange,Nagpur,1643
2025-08-02,Orange,Nagpur,1652
2025-08-03,Orange,Nagpur,1635
2025-08-04,Orange,Nagpur,1653
2025-08-05,Orange,Nagpur,1654
2025-08-06,Orange,Nagpur,1650
2025-08-07,Orange,Nagpur,1665
2025-08-08,Orange,Nagpur,1656
2025-08-09,Orange,Nagpur,1681
2025-08-10,Orange,Nagpur,1689
2025-08-11,Orange,Nagpur,1709
2025-08-12,Orange,Nagpur,1692
2025-08-13,Orange,Nagpur,1676
2025-08-14,Orange,Nagpur,1668
2025-08-15,Orange,Nagpur,1652
2025-08-16,Orange,Nagpur,1633
2025-08-17,Orange,Nagpur,1629
2025-08-18,Orange,Nagpur,1642
2025-08-19,Orange,Nagpur,1629
2025-08-20,Orange,Nagpur,1610
2025-08-21,Orange,Nagpur,1635
2025-08-22,Orange,Nagpur,1624
2025-08-23,Orange,Nagpur,1612
2025-08-24,Orange,Nagpur,1630
2025-08-25,Orange,Nagpur,1654
2025-08-26,Orange,Nagpur,1670
2025-08-27,Orange,Nagpur,1669
2025-08-28,Orange,Nagpur,1652
2025-08-29,Orange,Nagpur,1654
2025-08-30,Orange,Nagpur,1674
2025-08-31,Orange,Nagpur,1667
2025-09-01,Orange,Nagpur,1668
2025-09-02,Orange,Nagpur,1650
2025-09-03,Orange,Nagpur,1669
2025-09-04,Orange,Nagpur,1690
2025-09-05,Orange,Nagpur,1690
2025-09-06,Orange,Nagpur,1698
2025-09-07,Orange,Nagpur,1697
2025-09-08,Orange,Nagpur,1721
2025-09-09,Orange,Nagpur,1737
2025-09-10,Orange,Nagpur,1723
2025-09-11,Orange,Nagpur,1711
2025-09-12,Orange,Nagpur,1701
2025-09-13,Orange,Nagpur,1698
2025-09-14,Orange,Nagpur,1695
2025-09-15,Orange,Nagpur,1696
2025-09-16,Orange,Nagpur,1694
2025-09-17,Orange,Nagpur,1676
2025-09-18,Orange,Nagpur,1683
2025-09-19,Orange,Nagpur,1689
2025-09-20,Orange,Nagpur,1703
2025-09-21,Orange,Nagpur,1699
2025-09-22,Orange,Nagpur,1716
2025-09-23,Orange,Nagpur,1697
2025-09-24,Orange,Nagpur,1716
2025-09-25,Orange,Nagpur,1729
2025-09-26,Orange,Nagpur,1744
2025-09-27,Orange,Nagpur,1768
2025-09-28,Orange,Nagpur,1789
2025-09-29,Orange,Nagpur,1809
2025-09-30,Orange,Nagpur,1817
2025-10-01,Orange,Nagpur,1814
2025-10-02,Orange,Nagpur,1800
2025-10-03,Orange,Nagpur,1798
2025-10-04,Orange,Nagpur,1810
2025-10-05,Orange,Nagpur,1819
2025-10-06,Orange,Nagpur,1825
2025-10-07,Orange,Nagpur,1841
2025-10-08,Orange,Nagpur,1833
2025-10-09,Orange,Nagpur,1823
2025-10-10,Orange,Nagpur,1847
2025-10-11,Orange,Nagpur,1847
2025-10-12,Orange,Nagpur,1870
2025-10-13,Orange,Nagpur,1854
2025-10-14,Orange,Nagpur,1852
2025-10-15,Orange,Nagpur,1857
2025-10-16,Orange,Nagpur,1838
2025-10-17,Orange,Nagpur,1831
2025-10-18,Orange,Nagpur,1819
2025-10-19,Orange,Nagpur,1831
2025-10-20,Orange,Nagpur,1823
2025-10-21,Orange,Nagpur,1847
2025-10-22,Orange,Nagpur,1858
2025-10-23,Orange,Nagpur,1875
2025-10-24,Orange,Nagpur,1891
2025-10-25,Orange,Nagpur,1879
2025-10-26,Orange,Nagpur,1883
2025-10-27,Orange,Nagpur,1893
2025-10-28,Orange,Nagpur,1912
2025-10-29,Orange,Nagpur,1933
2025-10-30,Orange,Nagpur,1953
2025-10-31,Orange,Nagpur,1968
2025-11-01,Orange,Nagpur,1951
2025-11-02,Orange,Nagpur,1944
2025-11-03,Orange,Nagpur,1931
2025-11-04,Orange,Nagpur,1921
2025-11-05,Orange,Nagpur,1911
2025-11-06,Orange,Nagpur,1923
2025-11-07,Orange,Nagpur,1941
2025-11-08,Orange,Nagpur,1950
2025-11-09,Orange,Nagpur,1967
2025-11-10,Orange,Nagpur,1957
2025-11-11,Orange,Nagpur,1956
2025-11-12,Orange,Nagpur,1937
2025-11-13,Orange,Nagpur,1945
2025-11-14,Orange,Nagpur,1965
2025-11-15,Orange,Nagpur,1967
2025-11-16,Orange,Nagpur,1981
2025-11-17,Orange,Nagpur,1993
2025-11-18,Orange,Nagpur,1976
2025-11-19,Orange,Nagpur,1962
2025-11-20,Orange,Nagpur,1970
2025-11-21,Orange,Nagpur,1974
2025-11-22,Orange,Nagpur,1973
2025-11-23,Orange,Nagpur,1998
2025-11-24,Orange,Nagpur,1993
2025-11-25,Orange,Nagpur,1985
2025-11-26,Orange,Nagpur,1973
2025-11-27,Orange,Nagpur,1955
2025-11-28,Orange,Nagpur,1950
2025-11-29,Orange,Nagpur,1935
2025-11-30,Orange,Nagpur,1928
2025-12-01,Orange,Nagpur,1936
2025-12-02,Orange,Nagpur,1926
2025-12-03,Orange,Nagpur,1910
2025-12-04,Orange,Nagpur,1912
2025-12-05,Orange,Nagpur,1904
2025-12-06,Orange,Nagpur,1924
2025-12-07,Orange,Nagpur,1908
2025-12-08,Orange,Nagpur,1890
2025-12-09,Orange,Nagpur,1891
2025-12-10,Orange,Nagpur,1915
2025-12-11,Orange,Nagpur,1931
2025-12-12,Orange,Nagpur,1944
2025-12-13,Orange,Nagpur,1944
2025-12-14,Orange,Nagpur,1934
2025-12-15,Orange,Nagpur,1946
2025-12-16,Orange,Nagpur,1936
2025-12-17,Orange,Nagpur,1920
2025-12-18,Orange,Nagpur,1908
2025-12-19,Orange,Nagpur,1926
2025-12-20,Orange,Nagpur,1927
2025-12-21,Orange,Nagpur,1933
2025-12-22,Orange,Nagpur,1932
2025-12-23,Orange,Nagpur,1946
2025-12-24,Orange,Nagpur,1935
2025-12-25,Orange,Nagpur,1918
2025-12-26,Orange,Nagpur,1912
2025-12-27,Orange,Nagpur,1909
2025-12-28,Orange,Nagpur,1917
2025-12-29,Orange,Nagpur,1937
2025-12-30,Orange,Nagpur,1958
2025-12-31,Orange,Nagpur,1967
2024-01-01,Orange,Indore,849
2024-01-02,Orange,Indore,829
2024-01-03,Orange,Indore,835
2024-01-04,Orange,Indore,823
2024-01-05,Orange,Indore,822
2024-01-06,Orange,Indore,845
2024-01-07,Orange,Indore,861
2024-01-08,Orange,Indore,878
2024-01-09,Orange,Indore,870
2024-01-10,Orange,Indore,886
2024-01-11,Orange,Indore,899
2024-01-12,Orange,Indore,880
2024-01-13,Orange,Indore,863
2024-01-14,Orange,Indore,852
2024-01-15,Orange,Indore,840
2024-01-16,Orange,Indore,850
2024-01-17,Orange,Indore,869
2024-01-18,Orange,Indore,857
2024-01-19,Orange,Indore,879
2024-01-20,Orange,Indore,860
2024-01-21,Orange,Indore,851
2024-01-22,Orange,Indore,860
2024-01-23,Orange,Indore,879
2024-01-24,Orange,Indore,887
2024-01-25,Orange,Indore,900
2024-01-26,Orange,Indore,882
2024-01-27,Orange,Indore,898
2024-01-28,Orange,Indore,914
2024-01-29,Orange,Indore,906
2024-01-30,Orange,Indore,926
2024-01-31,Orange,Indore,951
2024-02-01,Orange,Indore,936
2024-02-02,Orange,Indore,926
2024-02-03,Orange,Indore,923
2024-02-04,Orange,Indore,933
2024-02-05,Orange,Indore,940
2024-02-06,Orange,Indore,923
2024-02-07,Orange,Indore,922
2024-02-08,Orange,Indore,939
2024-02-09,Orange,Indore,939
2024-02-10,Orange,Indore,942
2024-02-11,Orange,Indore,943
2024-02-12,Orange,Indore,940
2024-02-13,Orange,Indore,936
2024-02-14,Orange,Indore,927
2024-02-15,Orange,Indore,942
2024-02-16,Orange,Indore,955
2024-02-17,Orange,Indore,947
2024-02-18,Orange,Indore,950
2024-02-19,Orange,Indore,953
2024-02-20,Orange,Indore,977
2024-02-21,Orange,Indore,987
2024-02-22,Orange,Indore,976
2024-02-23,Orange,Indore,961
2024-02-24,Orange,Indore,950
2024-02-25,Orange,Indore,966
2024-02-26,Orange,Indore,947
2024-02-27,Orange,Indore,958
2024-02-28,Orange,Indore,950
2024-02-29,Orange,Indore,967
2024-03-01,Orange,Indore,984
2024-03-02,Orange,Indore,1001
2024-03-03,Orange,Indore,1006
2024-03-04,Orange,Indore,994
2024-03-05,Orange,Indore,1017
2024-03-06,Orange,Indore,1008
2024-03-07,Orange,Indore,997
2024-03-08,Orange,Indore,990
2024-03-09,Orange,Indore,977
2024-03-10,Orange,Indore,976
2024-03-11,Orange,Indore,959
2024-03-12,Orange,Indore,959
2024-03-13,Orange,Indore,965
2024-03-14,Orange,Indore,977
2024-03-15,Orange,Indore,982
2024-03-16,Orange,Indore,1001
2024-03-17,Orange,Indore,1015
2024-03-18,Orange,Indore,997
2024-03-19,Orange,Indore,991
2024-03-20,Orange,Indore,1000
2024-03-21,Orange,Indore,1012
2024-03-22,Orange,Indore,1025
2024-03-23,Orange,Indore,1013
2024-03-24,Orange,Indore,1003
2024-03-25,Orange,Indore,1005
2024-03-26,Orange,Indore,1000
2024-03-27,Orange,Indore,988
2024-03-28,Orange,Indore,1000
2024-03-29,Orange,Indore,1010
2024-03-30,Orange,Indore,1025
2024-03-31,Orange,Indore,1046
2024-04-01,Orange,Indore,1048
2024-04-02,Orange,Indore,1066
2024-04-03,Orange,Indore,1070
2024-04-04,Orange,Indore,1051
2024-04-05,Orange,Indore,1059
2024-04-06,Orange,Indore,1051
2024-04-07,Orange,Indore,1056
2024-04-08,Orange,Indore,1057
2024-04-09,Orange,Indore,1056
2024-04-10,Orange,Indore,1074
2024-04-11,Orange,Indore,1068
2024-04-12,Orange,Indore,1064
2024-04-13,Orange,Indore,1066
2024-04-14,Orange,Indore,1061
2024-04-15,Orange,Indore,1076
2024-04-16,Orange,Indore,1076
2024-04-17,Orange,Indore,1081
2024-04-18,Orange,Indore,1089
2024-04-19,Orange,Indore,1077
2024-04-20,Orange,Indore,1091
2024-04-21,Orange,Indore,1104
2024-04-22,Orange,Indore,1110
2024-04-23,Orange,Indore,1091
2024-04-24,Orange,Indore,1111
2024-04-25,Orange,Indore,1123
2024-04-26,Orange,Indore,1130
2024-04-27,Orange,Indore,1127
2024-04-28,Orange,Indore,1125
2024-04-29,Orange,Indore,1114
2024-04-30,Orange,Indore,1106
2024-05-01,Orange,Indore,1106
2024-05-02,Orange,Indore,1129
2024-05-03,Orange,Indore,1147
2024-05-04,Orange,Indore,1136
2024-05-05,Orange,Indore,1151
2024-05-06,Orange,Indore,1146
2024-05-07,Orange,Indore,1134
2024-05-08,Orange,Indore,1114
2024-05-09,Orange,Indore,1096
2024-05-10,Orange,Indore,1117
2024-05-11,Orange,Indore,1134
2024-05-12,Orange,Indore,1120
2024-05-13,Orange,Indore,1137
2024-05-14,Orange,Indore,1154
2024-05-15,Orange,Indore,1165
2024-05-16,Orange,Indore,1187
2024-05-17,Orange,Indore,1179
2024-05-18,Orange,Indore,1202
2024-05-19,Orange,Indore,1197
2024-05-20,Orange,Indore,1177
2024-05-21,Orange,Indore,1159
2024-05-22,Orange,Indore,1144
2024-05-23,Orange,Indore,1137
2024-05-24,Orange,Indore,1144
2024-05-25,Orange,Indore,1158
2024-05-26,Orange,Indore,1170
2024-05-27,Orange,Indore,1157
2024-05-28,Orange,Indore,1154
2024-05-29,Orange,Indore,1139
2024-05-30,Orange,Indore,1131
2024-05-31,Orange,Indore,1142
2024-06-01,Orange,Indore,1126
2024-06-02,Orange,Indore,1130
2024-06-03,Orange,Indore,1115
2024-06-04,Orange,Indore,1105
2024-06-05,Orange,Indore,1126
2024-06-06,Orange,Indore,1131
2024-06-07,Orange,Indore,1150
2024-06-08,Orange,Indore,1145
2024-06-09,Orange,Indore,1161
2024-06-10,Orange,Indore,1170
2024-06-11,Orange,Indore,1194
2024-06-12,Orange,Indore,1196
2024-06-13,Orange,Indore,1176
2024-06-14,Orange,Indore,1168
2024-06-15,Orange,Indore,1170
2024-06-16,Orange,Indore,1161
2024-06-17,Orange,Indore,1177
2024-06-18,Orange,Indore,1162
2024-06-19,Orange,Indore,1164
2024-06-20,Orange,Indore,1179
2024-06-21,Orange,Indore,1160
2024-06-22,Orange,Indore,1152
2024-06-23,Orange,Indore,1162
2024-06-24,Orange,Indore,1184
2024-06-25,Orange,Indore,1175
2024-06-26,Orange,Indore,1191
2024-06-27,Orange,Indore,1209
2024-06-28,Orange,Indore,1211
2024-06-29,Orange,Indore,1197
2024-06-30,Orange,Indore,1194
2024-07-01,Orange,Indore,1197
2024-07-02,Orange,Indore,1204
2024-07-03,Orange,Indore,1199
2024-07-04,Orange,Indore,1183
2024-07-05,Orange,Indore,1181
2024-07-06,Orange,Indore,1201
2024-07-07,Orange,Indore,1203
2024-07-08,Orange,Indore,1198
2024-07-09,Orange,Indore,1180
2024-07-10,Orange,Indore,1185
2024-07-11,Orange,Indore,1172
2024-07-12,Orange,Indore,1179
2024-07-13,Orange,Indore,1163
2024-07-14,Orange,Indore,1165
2024-07-15,Orange,Indore,1169
2024-07-16,Orange,Indore,1174
2024-07-17,Orange,Indore,1194
2024-07-18,Orange,Indore,1206
2024-07-19,Orange,Indore,1226
2024-07-20,Orange,Indore,1225
2024-07-21,Orange,Indore,1230
2024-07-22,Orange,Indore,1217
2024-07-23,Orange,Indore,1205
2024-07-24,Orange,Indore,1197
2024-07-25,Orange,Indore,1216
2024-07-26,Orange,Indore,1235
2024-07-27,Orange,Indore,1235
2024-07-28,Orange,Indore,1231
2024-07-29,Orange,Indore,1220
2024-07-30,Orange,Indore,1206
2024-07-31,Orange,Indore,1198
2024-08-01,Orange,Indore,1199
2024-08-02,Orange,Indore,1185
2024-08-03,Orange,Indore,1201
2024-08-04,Orange,Indore,1211
2024-08-05,Orange,Indore,1193
2024-08-06,Orange,Indore,1193
2024-08-07,Orange,Indore,1216
2024-08-08,Orange,Indore,1200
2024-08-09,Orange,Indore,1207
2024-08-10,Orange,Indore,1224
2024-08-11,Orange,Indore,1230
2024-08-12,Orange,Indore,1219
2024-08-13,Orange,Indore,1235
2024-08-14,Orange,Indore,1256
2024-08-15,Orange,Indore,1237
2024-08-16,Orange,Indore,1227
2024-08-17,Orange,Indore,1246
2024-08-18,Orange,Indore,1260
2024-08-19,Orange,Indore,1281
2024-08-20,Orange,Indore,1291
2024-08-21,Orange,Indore,1306
2024-08-22,Orange,Indore,1297
2024-08-23,Orange,Indore,1317
2024-08-24,Orange,Indore,1336
2024-08-25,Orange,Indore,1317
2024-08-26,Orange,Indore,1319
2024-08-27,Orange,Indore,1336
2024-08-28,Orange,Indore,1331
2024-08-29,Orange,Indore,1328
2024-08-30,Orange,Indore,1353
2024-08-31,Orange,Indore,1377
2024-09-01,Orange,Indore,1363
2024-09-02,Orange,Indore,1353
2024-09-03,Orange,Indore,1371
2024-09-04,Orange,Indore,1388
2024-09-05,Orange,Indore,1393
2024-09-06,Orange,Indore,1403
2024-09-07,Orange,Indore,1403
2024-09-08,Orange,Indore,1426
2024-09-09,Orange,Indore,1420
2024-09-10,Orange,Indore,1401
2024-09-11,Orange,Indore,1424
2024-09-12,Orange,Indore,1448
2024-09-13,Orange,Indore,1437
2024-09-14,Orange,Indore,1441
2024-09-15,Orange,Indore,1428
2024-09-16,Orange,Indore,1423
2024-09-17,Orange,Indore,1440
2024-09-18,Orange,Indore,1437
2024-09-19,Orange,Indore,1454
2024-09-20,Orange,Indore,1457
2024-09-21,Orange,Indore,1476
2024-09-22,Orange,Indore,1472
2024-09-23,Orange,Indore,1459
2024-09-24,Orange,Indore,1471
2024-09-25,Orange,Indore,1494
2024-09-26,Orange,Indore,1474
2024-09-27,Orange,Indore,1499
2024-09-28,Orange,Indore,1485
2024-09-29,Orange,Indore,1471
2024-09-30,Orange,Indore,1489
2024-10-01,Orange,Indore,1489
2024-10-02,Orange,Indore,1499
2024-10-03,Orange,Indore,1482
2024-10-04,Orange,Indore,1469
2024-10-05,Orange,Indore,1459
2024-10-06,Orange,Indore,1454
2024-10-07,Orange,Indore,1464
2024-10-08,Orange,Indore,1483
2024-10-09,Orange,Indore,1490
2024-10-10,Orange,Indore,1499
2024-10-11,Orange,Indore,1512
2024-10-12,Orange,Indore,1516
2024-10-13,Orange,Indore,1512
2024-10-14,Orange,Indore,1496
2024-10-15,Orange,Indore,1506
2024-10-16,Orange,Indore,1506
2024-10-17,Orange,Indore,1501
2024-10-18,Orange,Indore,1494
2024-10-19,Orange,Indore,1500
2024-10-20,Orange,Indore,1513
2024-10-21,Orange,Indore,1509
2024-10-22,Orange,Indore,1517
2024-10-23,Orange,Indore,1505
2024-10-24,Orange,Indore,1504
2024-10-25,Orange,Indore,1514
2024-10-26,Orange,Indore,1508
2024-10-27,Orange,Indore,1492
2024-10-28,Orange,Indore,1475
2024-10-29,Orange,Indore,1479
2024-10-30,Orange,Indore,1473
2024-10-31,Orange,Indore,1462
2024-11-01,Orange,Indore,1458
2024-11-02,Orange,Indore,1446
2024-11-03,Orange,Indore,1430
2024-11-04,Orange,Indore,1449
2024-11-05,Orange,Indore,1443
2024-11-06,Orange,Indore,1466
2024-11-07,Orange,Indore,1487
2024-11-08,Orange,Indore,1500
2024-11-09,Orange,Indore,1481
2024-11-10,Orange,Indore,1472
2024-11-11,Orange,Indore,1454
2024-11-12,Orange,Indore,1444
2024-11-13,Orange,Indore,1467
2024-11-14,Orange,Indore,1459
2024-11-15,Orange,Indore,1451
2024-11-16,Orange,Indore,1443
2024-11-17,Orange,Indore,1458
2024-11-18,Orange,Indore,1473
2024-11-19,Orange,Indore,1454
2024-11-20,Orange,Indore,1465
2024-11-21,Orange,Indore,1483
2024-11-22,Orange,Indore,1496
2024-11-23,Orange,Indore,1512
2024-11-24,Orange,Indore,1531
2024-11-25,Orange,Indore,1524
2024-11-26,Orange,Indore,1505
2024-11-27,Orange,Indore,1516
2024-11-28,Orange,Indore,1497
2024-11-29,Orange,Indore,1497
2024-11-30,Orange,Indore,1493
2024-12-01,Orange,Indore,1482
2024-12-02,Orange,Indore,1471
2024-12-03,Orange,Indore,1479
2024-12-04,Orange,Indore,1485
2024-12-05,Orange,Indore,1472
2024-12-06,Orange,Indore,1455
2024-12-07,Orange,Indore,1439
2024-12-08,Orange,Indore,1446
2024-12-09,Orange,Indore,1448
2024-12-10,Orange,Indore,1438
2024-12-11,Orange,Indore,1429
2024-12-12,Orange,Indore,1422
2024-12-13,Orange,Indore,1417
2024-12-14,Orange,Indore,1437
2024-12-15,Orange,Indore,1447
2024-12-16,Orange,Indore,1441
2024-12-17,Orange,Indore,1454
2024-12-18,Orange,Indore,1458
2024-12-19,Orange,Indore,1456
2024-12-20,Orange,Indore,1441
2024-12-21,Orange,Indore,1429
2024-12-22,Orange,Indore,1432
2024-12-23,Orange,Indore,1432
2024-12-24,Orange,Indore,1444
2024-12-25,Orange,Indore,1438
2024-12-26,Orange,Indore,1447
2024-12-27,Orange,Indore,1461
2024-12-28,Orange,Indore,1472
2024-12-29,Orange,Indore,1481
2024-12-30,Orange,Indore,1469
2024-12-31,Orange,Indore,1452
2025-01-01,Orange,Indore,1473
2025-01-02,Orange,Indore,1457
2025-01-03,Orange,Indore,1461
2025-01-04,Orange,Indore,1479
2025-01-05,Orange,Indore,1483
2025-01-06,Orange,Indore,1481
2025-01-07,Orange,Indore,1498
2025-01-08,Orange,Indore,1521
2025-01-09,Orange,Indore,1508
2025-01-10,Orange,Indore,1533
2025-01-11,Orange,Indore,1530
2025-01-12,Orange,Indore,1546
2025-01-13,Orange,Indore,1566
2025-01-14,Orange,Indore,1584
2025-01-15,Orange,Indore,1595
2025-01-16,Orange,Indore,1593
2025-01-17,Orange,Indore,1613
2025-01-18,Orange,Indore,1616
2025-01-19,Orange,Indore,1615
2025-01-20,Orange,Indore,1627
2025-01-21,Orange,Indore,1643
2025-01-22,Orange,Indore,1635
2025-01-23,Orange,Indore,1651
2025-01-24,Orange,Indore,1656
2025-01-25,Orange,Indore,1657
2025-01-26,Orange,Indore,1639
2025-01-27,Orange,Indore,1633
2025-01-28,Orange,Indore,1621
2025-01-29,Orange,Indore,1624
2025-01-30,Orange,Indore,1619
2025-01-31,Orange,Indore,1630
2025-02-01,Orange,Indore,1638
2025-02-02,Orange,Indore,1634
2025-02-03,Orange,Indore,1615
2025-02-04,Orange,Indore,1625
2025-02-05,Orange,Indore,1609
2025-02-06,Orange,Indore,1621
2025-02-07,Orange,Indore,1638
2025-02-08,Orange,Indore,1627
2025-02-09,Orange,Indore,1650
2025-02-10,Orange,Indore,1643
2025-02-11,Orange,Indore,1640
2025-02-12,Orange,Indore,1647
2025-02-13,Orange,Indore,1643
2025-02-14,Orange,Indore,1633
2025-02-15,Orange,Indore,1630
2025-02-16,Orange,Indore,1619
2025-02-17,Orange,Indore,1639
2025-02-18,Orange,Indore,1660
2025-02-19,Orange,Indore,1648
2025-02-20,Orange,Indore,1628
2025-02-21,Orange,Indore,1637
2025-02-22,Orange,Indore,1619
2025-02-23,Orange,Indore,1629
2025-02-24,Orange,Indore,1645
2025-02-25,Orange,Indore,1647
2025-02-26,Orange,Indore,1648
2025-02-27,Orange,Indore,1646
2025-02-28,Orange,Indore,1665
2025-03-01,Orange,Indore,1658
2025-03-02,Orange,Indore,1654
2025-03-03,Orange,Indore,1641
2025-03-04,Orange,Indore,1638
2025-03-05,Orange,Indore,1651
2025-03-06,Orange,Indore,1674
2025-03-07,Orange,Indore,1659
2025-03-08,Orange,Indore,1670
2025-03-09,Orange,Indore,1674
2025-03-10,Orange,Indore,1670
2025-03-11,Orange,Indore,1683
2025-03-12,Orange,Indore,1686
2025-03-13,Orange,Indore,1687
2025-03-14,Orange,Indore,1669
2025-03-15,Orange,Indore,1650
2025-03-16,Orange,Indore,1658
2025-03-17,Orange,Indore,1648
2025-03-18,Orange,Indore,1654
2025-03-19,Orange,Indore,1636
2025-03-20,Orange,Indore,1622
2025-03-21,Orange,Indore,1638
2025-03-22,Orange,Indore,1629
2025-03-23,Orange,Indore,1610
2025-03-24,Orange,Indore,1590
2025-03-25,Orange,Indore,1586
2025-03-26,Orange,Indore,1603
2025-03-27,Orange,Indore,1626
2025-03-28,Orange,Indore,1637
2025-03-29,Orange,Indore,1622
2025-03-30,Orange,Indore,1618
2025-03-31,Orange,Indore,1630
2025-04-01,Orange,Indore,1635
2025-04-02,Orange,Indore,1645
2025-04-03,Orange,Indore,1657
2025-04-04,Orange,Indore,1675
2025-04-05,Orange,Indore,1670
2025-04-06,Orange,Indore,1680
2025-04-07,Orange,Indore,1703
2025-04-08,Orange,Indore,1695
2025-04-09,Orange,Indore,1711
2025-04-10,Orange,Indore,1726
2025-04-11,Orange,Indore,1734
2025-04-12,Orange,Indore,1742
2025-04-13,Orange,Indore,1753
2025-04-14,Orange,Indore,1762
2025-04-15,Orange,Indore,1749
2025-04-16,Orange,Indore,1741
2025-04-17,Orange,Indore,1721
2025-04-18,Orange,Indore,1709
2025-04-19,Orange,Indore,1722
2025-04-20,Orange,Indore,1747
2025-04-21,Orange,Indore,1734
2025-04-22,Orange,Indore,1721
2025-04-23,Orange,Indore,1729
2025-04-24,Orange,Indore,1718
2025-04-25,Orange,Indore,1719
2025-04-26,Orange,Indore,1709
2025-04-27,Orange,Indore,1690
2025-04-28,Orange,Indore,1686
2025-04-29,Orange,Indore,1688
2025-04-30,Orange,Indore,1701
2025-05-01,Orange,Indore,1700
2025-05-02,Orange,Indore,1713
2025-05-03,Orange,Indore,1728
2025-05-04,Orange,Indore,1747
2025-05-05,Orange,Indore,1750
2025-05-06,Orange,Indore,1774
2025-05-07,Orange,Indore,1783
2025-05-08,Orange,Indore,1783
2025-05-09,Orange,Indore,1798
2025-05-10,Orange,Indore,1818
2025-05-11,Orange,Indore,1838
2025-05-12,Orange,Indore,1821
2025-05-13,Orange,Indore,1821
2025-05-14,Orange,Indore,1831
2025-05-15,Orange,Indore,1827
2025-05-16,Orange,Indore,1843
2025-05-17,Orange,Indore,1823
2025-05-18,Orange,Indore,1845
2025-05-19,Orange,Indore,1833
2025-05-20,Orange,Indore,1823
2025-05-21,Orange,Indore,1810
2025-05-22,Orange,Indore,1815
2025-05-23,Orange,Indore,1800
2025-05-24,Orange,Indore,1815
2025-05-25,Orange,Indore,1812
2025-05-26,Orange,Indore,1804
2025-05-27,Orange,Indore,1807
2025-05-28,Orange,Indore,1798
2025-05-29,Orange,Indore,1779
2025-05-30,Orange,Indore,1781
2025-05-31,Orange,Indore,1775
2025-06-01,Orange,Indore,1777
2025-06-02,Orange,Indore,1784
2025-06-03,Orange,Indore,1771
2025-06-04,Orange,Indore,1790
2025-06-05,Orange,Indore,1814
2025-06-06,Orange,Indore,1807
2025-06-07,Orange,Indore,1821
2025-06-08,Orange,Indore,1811
2025-06-09,Orange,Indore,1813
2025-06-10,Orange,Indore,1824
2025-06-11,Orange,Indore,1836
2025-06-12,Orange,Indore,1842
2025-06-13,Orange,Indore,1845
2025-06-14,Orange,Indore,1854
2025-06-15,Orange,Indore,1863
2025-06-16,Orange,Indore,1887
2025-06-17,Orange,Indore,1874
2025-06-18,Orange,Indore,1862
2025-06-19,Orange,Indore,1855
2025-06-20,Orange,Indore,1849
2025-06-21,Orange,Indore,1857
2025-06-22,Orange,Indore,1869
2025-06-23,Orange,Indore,1870
2025-06-24,Orange,Indore,1865
2025-06-25,Orange,Indore,1846
2025-06-26,Orange,Indore,1852
2025-06-27,Orange,Indore,1861
2025-06-28,Orange,Indore,1886
2025-06-29,Orange,Indore,1890
2025-06-30,Orange,Indore,1888
2025-07-01,Orange,Indore,1907
2025-07-02,Orange,Indore,1900
2025-07-03,Orange,Indore,1885
2025-07-04,Orange,Indore,1907
2025-07-05,Orange,Indore,1915
2025-07-06,Orange,Indore,1898
2025-07-07,Orange,Indore,1912
2025-07-08,Orange,Indore,1907
2025-07-09,Orange,Indore,1905
2025-07-10,Orange,Indore,1897
2025-07-11,Orange,Indore,1910
2025-07-12,Orange,Indore,1923
2025-07-13,Orange,Indore,1930
2025-07-14,Orange,Indore,1935
2025-07-15,Orange,Indore,1939
2025-07-16,Orange,Indore,1962
2025-07-17,Orange,Indore,1974
2025-07-18,Orange,Indore,1988
2025-07-19,Orange,Indore,2000
2025-07-20,Orange,Indore,2007
2025-07-21,Orange,Indore,2001
2025-07-22,Orange,Indore,2006
2025-07-23,Orange,Indore,2031
2025-07-24,Orange,Indore,2051
2025-07-25,Orange,Indore,2037
2025-07-26,Orange,Indore,2051
2025-07-27,Orange,Indore,2070
2025-07-28,Orange,Indore,2052
2025-07-29,Orange,Indore,2053
2025-07-30,Orange,Indore,2060
2025-07-31,Orange,Indore,2064
2025-08-01,Orange,Indore,2085
2025-08-02,Orange,Indore,2076
2025-08-03,Orange,Indore,2098
2025-08-04,Orange,Indore,2093
2025-08-05,Orange,Indore,2079
2025-08-06,Orange,Indore,2082
2025-08-07,Orange,Indore,2104
2025-08-08,Orange,Indore,2103
2025-08-09,Orange,Indore,2091
2025-08-10,Orange,Indore,2075
2025-08-11,Orange,Indore,2095
2025-08-12,Orange,Indore,2077
2025-08-13,Orange,Indore,2081
2025-08-14,Orange,Indore,2076
2025-08-15,Orange,Indore,2062
2025-08-16,Orange,Indore,2047
2025-08-17,Orange,Indore,2061
2025-08-18,Orange,Indore,2042
2025-08-19,Orange,Indore,2043
2025-08-20,Orange,Indore,2058
2025-08-21,Orange,Indore,2078
2025-08-22,Orange,Indore,2080
2025-08-23,Orange,Indore,2086
2025-08-24,Orange,Indore,2082
2025-08-25,Orange,Indore,2106
2025-08-26,Orange,Indore,2108
2025-08-27,Orange,Indore,2088
2025-08-28,Orange,Indore,2070
2025-08-29,Orange,Indore,2063
2025-08-30,Orange,Indore,2088
2025-08-31,Orange,Indore,2109
2025-09-01,Orange,Indore,2098
2025-09-02,Orange,Indore,2106
2025-09-03,Orange,Indore,2127
2025-09-04,Orange,Indore,2134
2025-09-05,Orange,Indore,2143
2025-09-06,Orange,Indore,2136
2025-09-07,Orange,Indore,2117
2025-09-08,Orange,Indore,2098
2025-09-09,Orange,Indore,2088
2025-09-10,Orange,Indore,2073
2025-09-11,Orange,Indore,2060
2025-09-12,Orange,Indore,2065
2025-09-13,Orange,Indore,2085
2025-09-14,Orange,Indore,2079
2025-09-15,Orange,Indore,2100
2025-09-16,Orange,Indore,2089
2025-09-17,Orange,Indore,2085
2025-09-18,Orange,Indore,2104
2025-09-19,Orange,Indore,2094
2025-09-20,Orange,Indore,2085
2025-09-21,Orange,Indore,2067
2025-09-22,Orange,Indore,2092
2025-09-23,Orange,Indore,2099
2025-09-24,Orange,Indore,2096
2025-09-25,Orange,Indore,2118
2025-09-26,Orange,Indore,2108
2025-09-27,Orange,Indore,2117
2025-09-28,Orange,Indore,2140
2025-09-29,Orange,Indore,2139
2025-09-30,Orange,Indore,2123
2025-10-01,Orange,Indore,2130
2025-10-02,Orange,Indore,2144
2025-10-03,Orange,Indore,2165
2025-10-04,Orange,Indore,2187
2025-10-05,Orange,Indore,2196
2025-10-06,Orange,Indore,2183
2025-10-07,Orange,Indore,2180
2025-10-08,Orange,Indore,2161
2025-10-09,Orange,Indore,2151
2025-10-10,Orange,Indore,2142
2025-10-11,Orange,Indore,2156
2025-10-12,Orange,Indore,2159
2025-10-13,Orange,Indore,2180
2025-10-14,Orange,Indore,2165
2025-10-15,Orange,Indore,2166
2025-10-16,Orange,Indore,2168
2025-10-17,Orange,Indore,2160
2025-10-18,Orange,Indore,2147
2025-10-19,Orange,Indore,2140
2025-10-20,Orange,Indore,2125
2025-10-21,Orange,Indore,2114
2025-10-22,Orange,Indore,2134
2025-10-23,Orange,Indore,2122
2025-10-24,Orange,Indore,2141
2025-10-25,Orange,Indore,2151
2025-10-26,Orange,Indore,2155
2025-10-27,Orange,Indore,2150
2025-10-28,Orange,Indore,2142
2025-10-29,Orange,Indore,2134
2025-10-30,Orange,Indore,2124
2025-10-31,Orange,Indore,2111
2025-11-01,Orange,Indore,2104
2025-11-02,Orange,Indore,2092
2025-11-03,Orange,Indore,2077
2025-11-04,Orange,Indore,2067
2025-11-05,Orange,Indore,2052
2025-11-06,Orange,Indore,2048
2025-11-07,Orange,Indore,2057
2025-11-08,Orange,Indore,2053
2025-11-09,Orange,Indore,2054
2025-11-10,Orange,Indore,2066
2025-11-11,Orange,Indore,2051
2025-11-12,Orange,Indore,2069
2025-11-13,Orange,Indore,2057
2025-11-14,Orange,Indore,2061
2025-11-15,Orange,Indore,2067
2025-11-16,Orange,Indore,2052
2025-11-17,Orange,Indore,2052
2025-11-18,Orange,Indore,2059
2025-11-19,Orange,Indore,2068
2025-11-20,Orange,Indore,2083
2025-11-21,Orange,Indore,2063
2025-11-22,Orange,Indore,2072
2025-11-23,Orange,Indore,2067
2025-11-24,Orange,Indore,2073
2025-11-25,Orange,Indore,2058
2025-11-26,Orange,Indore,2064
2025-11-27,Orange,Indore,2051
2025-11-28,Orange,Indore,2075
2025-11-29,Orange,Indore,2064
2025-11-30,Orange,Indore,2050
2025-12-01,Orange,Indore,2047
2025-12-02,Orange,Indore,2043
2025-12-03,Orange,Indore,2051
2025-12-04,Orange,Indore,2046
2025-12-05,Orange,Indore,2057
2025-12-06,Orange,Indore,2079
2025-12-07,Orange,Indore,2095
2025-12-08,Orange,Indore,2113
2025-12-09,Orange,Indore,2118
2025-12-10,Orange,Indore,2125
2025-12-11,Orange,Indore,2109
2025-12-12,Orange,Indore,2098
2025-12-13,Orange,Indore,2119
2025-12-14,Orange,Indore,2102
2025-12-15,Orange,Indore,2107
2025-12-16,Orange,Indore,2118
2025-12-17,Orange,Indore,2133
2025-12-18,Orange,Indore,2156
2025-12-19,Orange,Indore,2137
2025-12-20,Orange,Indore,2117
2025-12-21,Orange,Indore,2123
2025-12-22,Orange,Indore,2145
2025-12-23,Orange,Indore,2131
2025-12-24,Orange,Indore,2143
2025-12-25,Orange,Indore,2152
2025-12-26,Orange,Indore,2174
2025-12-27,Orange,Indore,2170
2025-12-28,Orange,Indore,2156
2025-12-29,Orange,Indore,2151
2025-12-30,Orange,Indore,2140
2025-12-31,Orange,Indore,2149
2024-01-01,Orange,Jaipur,857
2024-01-02,Orange,Jaipur,864
2024-01-03,Orange,Jaipur,880
2024-01-04,Orange,Jaipur,881
2024-01-05,Orange,Jaipur,883
2024-01-06,Orange,Jaipur,887
2024-01-07,Orange,Jaipur,867
2024-01-08,Orange,Jaipur,875
2024-01-09,Orange,Jaipur,878
2024-01-10,Orange,Jaipur,892
2024-01-11,Orange,Jaipur,881
2024-01-12,Orange,Jaipur,884
2024-01-13,Orange,Jaipur,909
2024-01-14,Orange,Jaipur,924
2024-01-15,Orange,Jaipur,930
2024-01-16,Orange,Jaipur,911
2024-01-17,Orange,Jaipur,908
2024-01-18,Orange,Jaipur,897
2024-01-19,Orange,Jaipur,910
2024-01-20,Orange,Jaipur,930
2024-01-21,Orange,Jaipur,930
2024-01-22,Orange,Jaipur,931
2024-01-23,Orange,Jaipur,938
2024-01-24,Orange,Jaipur,929
2024-01-25,Orange,Jaipur,912
2024-01-26,Orange,Jaipur,936
2024-01-27,Orange,Jaipur,917
2024-01-28,Orange,Jaipur,904
2024-01-29,Orange,Jaipur,895
2024-01-30,Orange,Jaipur,909
2024-01-31,Orange,Jaipur,917
2024-02-01,Orange,Jaipur,923
2024-02-02,Orange,Jaipur,925
2024-02-03,Orange,Jaipur,940
2024-02-04,Orange,Jaipur,920
2024-02-05,Orange,Jaipur,903
2024-02-06,Orange,Jaipur,905
2024-02-07,Orange,Jaipur,893
2024-02-08,Orange,Jaipur,897
2024-02-09,Orange,Jaipur,913
2024-02-10,Orange,Jaipur,893
2024-02-11,Orange,Jaipur,906
2024-02-12,Orange,Jaipur,916
2024-02-13,Orange,Jaipur,935
2024-02-14,Orange,Jaipur,932
2024-02-15,Orange,Jaipur,953
2024-02-16,Orange,Jaipur,949
2024-02-17,Orange,Jaipur,949
2024-02-18,Orange,Jaipur,972
2024-02-19,Orange,Jaipur,990
2024-02-20,Orange,Jaipur,1009
2024-02-21,Orange,Jaipur,992
2024-02-22,Orange,Jaipur,984
2024-02-23,Orange,Jaipur,966
2024-02-24,Orange,Jaipur,979
2024-02-25,Orange,Jaipur,981
2024-02-26,Orange,Jaipur,963
2024-02-27,Orange,Jaipur,961
2024-02-28,Orange,Jaipur,947
2024-02-29,Orange,Jaipur,946
2024-03-01,Orange,Jaipur,961
2024-03-02,Orange,Jaipur,977
2024-03-03,Orange,Jaipur,964
2024-03-04,Orange,Jaipur,988
2024-03-05,Orange,Jaipur,1012
2024-03-06,Orange,Jaipur,993
2024-03-07,Orange,Jaipur,1016
2024-03-08,Orange,Jaipur,1038
2024-03-09,Orange,Jaipur,1024
2024-03-10,Orange,Jaipur,1017
2024-03-11,Orange,Jaipur,1039
2024-03-12,Orange,Jaipur,1048
2024-03-13,Orange,Jaipur,1029
2024-03-14,Orange,Jaipur,1036
2024-03-15,Orange,Jaipur,1041
2024-03-16,Orange,Jaipur,1049
2024-03-17,Orange,Jaipur,1041
2024-03-18,Orange,Jaipur,1025
2024-03-19,Orange,Jaipur,1044
2024-03-20,Orange,Jaipur,1062
2024-03-21,Orange,Jaipur,1075
2024-03-22,Orange,Jaipur,1079
2024-03-23,Orange,Jaipur,1095
2024-03-24,Orange,Jaipur,1112
2024-03-25,Orange,Jaipur,1129
2024-03-26,Orange,Jaipur,1109
2024-03-27,Orange,Jaipur,1121
2024-03-28,Orange,Jaipur,1138
2024-03-29,Orange,Jaipur,1149
2024-03-30,Orange,Jaipur,1144
2024-03-31,Orange,Jaipur,1124
2024-04-01,Orange,Jaipur,1123
2024-04-02,Orange,Jaipur,1140
2024-04-03,Orange,Jaipur,1158
2024-04-04,Orange,Jaipur,1183
2024-04-05,Orange,Jaipur,1193
2024-04-06,Orange,Jaipur,1181
2024-04-07,Orange,Jaipur,1196
2024-04-08,Orange,Jaipur,1190
2024-04-09,Orange,Jaipur,1191
2024-04-10,Orange,Jaipur,1216
2024-04-11,Orange,Jaipur,1212
2024-04-12,Orange,Jaipur,1222
2024-04-13,Orange,Jaipur,1212
2024-04-14,Orange,Jaipur,1236
2024-04-15,Orange,Jaipur,1240
2024-04-16,Orange,Jaipur,1262
2024-04-17,Orange,Jaipur,1253
2024-04-18,Orange,Jaipur,1244
2024-04-19,Orange,Jaipur,1260
2024-04-20,Orange,Jaipur,1269
2024-04-21,Orange,Jaipur,1277
2024-04-22,Orange,Jaipur,1296
2024-04-23,Orange,Jaipur,1288
2024-04-24,Orange,Jaipur,1284
2024-04-25,Orange,Jaipur,1281
2024-04-26,Orange,Jaipur,1267
2024-04-27,Orange,Jaipur,1270
2024-04-28,Orange,Jaipur,1277
2024-04-29,Orange,Jaipur,1287
2024-04-30,Orange,Jaipur,1268
2024-05-01,Orange,Jaipur,1284
2024-05-02,Orange,Jaipur,1293
2024-05-03,Orange,Jaipur,1284
2024-05-04,Orange,Jaipur,1289
2024-05-05,Orange,Jaipur,1278
2024-05-06,Orange,Jaipur,1292
2024-05-07,Orange,Jaipur,1293
2024-05-08,Orange,Jaipur,1294
2024-05-09,Orange,Jaipur,1309
2024-05-10,Orange,Jaipur,1306
2024-05-11,Orange,Jaipur,1306
2024-05-12,Orange,Jaipur,1310
2024-05-13,Orange,Jaipur,1309
2024-05-14,Orange,Jaipur,1299
2024-05-15,Orange,Jaipur,1307
2024-05-16,Orange,Jaipur,1332
2024-05-17,Orange,Jaipur,1351
2024-05-18,Orange,Jaipur,1375
2024-05-19,Orange,Jaipur,1379
2024-05-20,Orange,Jaipur,1398
2024-05-21,Orange,Jaipur,1421
2024-05-22,Orange,Jaipur,1408
2024-05-23,Orange,Jaipur,1398
2024-05-24,Orange,Jaipur,1408
2024-05-25,Orange,Jaipur,1431
2024-05-26,Orange,Jaipur,1438
2024-05-27,Orange,Jaipur,1432
2024-05-28,Orange,Jaipur,1450
2024-05-29,Orange,Jaipur,1453
2024-05-30,Orange,Jaipur,1478
2024-05-31,Orange,Jaipur,1476
2024-06-01,Orange,Jaipur,1458
2024-06-02,Orange,Jaipur,1483
2024-06-03,Orange,Jaipur,1474
2024-06-04,Orange,Jaipur,1483
2024-06-05,Orange,Jaipur,1497
2024-06-06,Orange,Jaipur,1517
2024-06-07,Orange,Jaipur,1501
2024-06-08,Orange,Jaipur,1516
2024-06-09,Orange,Jaipur,1515
2024-06-10,Orange,Jaipur,1524
2024-06-11,Orange,Jaipur,1516
2024-06-12,Orange,Jaipur,1538
2024-06-13,Orange,Jaipur,1554
2024-06-14,Orange,Jaipur,1558
2024-06-15,Orange,Jaipur,1545
2024-06-16,Orange,Jaipur,1536
2024-06-17,Orange,Jaipur,1531
2024-06-18,Orange,Jaipur,1529
2024-06-19,Orange,Jaipur,1535
2024-06-20,Orange,Jaipur,1541
2024-06-21,Orange,Jaipur,1549
2024-06-22,Orange,Jaipur,1562
2024-06-23,Orange,Jaipur,1570
2024-06-24,Orange,Jaipur,1565
2024-06-25,Orange,Jaipur,1571
2024-06-26,Orange,Jaipur,1564
2024-06-27,Orange,Jaipur,1555
2024-06-28,Orange,Jaipur,1570
2024-06-29,Orange,Jaipur,1562
2024-06-30,Orange,Jaipur,1545
2024-07-01,Orange,Jaipur,1525
2024-07-02,Orange,Jaipur,1528
2024-07-03,Orange,Jaipur,1524
2024-07-04,Orange,Jaipur,1548
2024-07-05,Orange,Jaipur,1547
2024-07-06,Orange,Jaipur,1539
2024-07-07,Orange,Jaipur,1562
2024-07-08,Orange,Jaipur,1569
2024-07-09,Orange,Jaipur,1591
2024-07-10,Orange,Jaipur,1614
2024-07-11,Orange,Jaipur,1616
2024-07-12,Orange,Jaipur,1633
2024-07-13,Orange,Jaipur,1635
2024-07-14,Orange,Jaipur,1660
2024-07-15,Orange,Jaipur,1655
2024-07-16,Orange,Jaipur,1639
2024-07-17,Orange,Jaipur,1633
2024-07-18,Orange,Jaipur,1654
2024-07-19,Orange,Jaipur,1665
2024-07-20,Orange,Jaipur,1656
2024-07-21,Orange,Jaipur,1657
2024-07-22,Orange,Jaipur,1665
2024-07-23,Orange,Jaipur,1678
2024-07-24,Orange,Jaipur,1682
2024-07-25,Orange,Jaipur,1695
2024-07-26,Orange,Jaipur,1677
2024-07-27,Orange,Jaipur,1682
2024-07-28,Orange,Jaipur,1697
2024-07-29,Orange,Jaipur,1687
2024-07-30,Orange,Jaipur,1701
2024-07-31,Orange,Jaipur,1696
2024-08-01,Orange,Jaipur,1693
2024-08-02,Orange,Jaipur,1713
2024-08-03,Orange,Jaipur,1715
2024-08-04,Orange,Jaipur,1709
2024-08-05,Orange,Jaipur,1733
2024-08-06,Orange,Jaipur,1758
2024-08-07,Orange,Jaipur,1744
2024-08-08,Orange,Jaipur,1756
2024-08-09,Orange,Jaipur,1772
2024-08-10,Orange,Jaipur,1790
2024-08-11,Orange,Jaipur,1806
2024-08-12,Orange,Jaipur,1793
2024-08-13,Orange,Jaipur,1797
2024-08-14,Orange,Jaipur,1818
2024-08-15,Orange,Jaipur,1814
2024-08-16,Orange,Jaipur,1798
2024-08-17,Orange,Jaipur,1823
2024-08-18,Orange,Jaipur,1827
2024-08-19,Orange,Jaipur,1844
2024-08-20,Orange,Jaipur,1854
2024-08-21,Orange,Jaipur,1835
2024-08-22,Orange,Jaipur,1849
2024-08-23,Orange,Jaipur,1864
2024-08-24,Orange,Jaipur,1885
2024-08-25,Orange,Jaipur,1898
2024-08-26,Orange,Jaipur,1902
2024-08-27,Orange,Jaipur,1919
2024-08-28,Orange,Jaipur,1934
2024-08-29,Orange,Jaipur,1946
2024-08-30,Orange,Jaipur,1965
2024-08-31,Orange,Jaipur,1988
2024-09-01,Orange,Jaipur,1990
2024-09-02,Orange,Jaipur,2006
2024-09-03,Orange,Jaipur,2004
2024-09-04,Orange,Jaipur,2010
2024-09-05,Orange,Jaipur,2013
2024-09-06,Orange,Jaipur,2010
2024-09-07,Orange,Jaipur,2034
2024-09-08,Orange,Jaipur,2028
2024-09-09,Orange,Jaipur,2050
2024-09-10,Orange,Jaipur,2049
2024-09-11,Orange,Jaipur,2029
2024-09-12,Orange,Jaipur,2046
2024-09-13,Orange,Jaipur,2042
2024-09-14,Orange,Jaipur,2065
2024-09-15,Orange,Jaipur,2064
2024-09-16,Orange,Jaipur,2087
2024-09-17,Orange,Jaipur,2092
2024-09-18,Orange,Jaipur,2094
2024-09-19,Orange,Jaipur,2095
2024-09-20,Orange,Jaipur,2091
2024-09-21,Orange,Jaipur,2106
2024-09-22,Orange,Jaipur,2111
2024-09-23,Orange,Jaipur,2127
2024-09-24,Orange,Jaipur,2140
2024-09-25,Orange,Jaipur,2137
2024-09-26,Orange,Jaipur,2130
2024-09-27,Orange,Jaipur,2126
2024-09-28,Orange,Jaipur,2140
2024-09-29,Orange,Jaipur,2143
2024-09-30,Orange,Jaipur,2167
2024-10-01,Orange,Jaipur,2163
2024-10-02,Orange,Jaipur,2182
2024-10-03,Orange,Jaipur,2200
2024-10-04,Orange,Jaipur,2213
2024-10-05,Orange,Jaipur,2195
2024-10-06,Orange,Jaipur,2210
2024-10-07,Orange,Jaipur,2223
2024-10-08,Orange,Jaipur,2232
2024-10-09,Orange,Jaipur,2219
2024-10-10,Orange,Jaipur,2244
2024-10-11,Orange,Jaipur,2237
2024-10-12,Orange,Jaipur,2227
2024-10-13,Orange,Jaipur,2231
2024-10-14,Orange,Jaipur,2213
2024-10-15,Orange,Jaipur,2219
2024-10-16,Orange,Jaipur,2202
2024-10-17,Orange,Jaipur,2221
2024-10-18,Orange,Jaipur,2228
2024-10-19,Orange,Jaipur,2229
2024-10-20,Orange,Jaipur,2225
2024-10-21,Orange,Jaipur,2222
2024-10-22,Orange,Jaipur,2223
2024-10-23,Orange,Jaipur,2225
2024-10-24,Orange,Jaipur,2224
2024-10-25,Orange,Jaipur,2224
2024-10-26,Orange,Jaipur,2231
2024-10-27,Orange,Jaipur,2241
2024-10-28,Orange,Jaipur,2235
2024-10-29,Orange,Jaipur,2230
2024-10-30,Orange,Jaipur,2244
2024-10-31,Orange,Jaipur,2239
2024-11-01,Orange,Jaipur,2251
2024-11-02,Orange,Jaipur,2263
2024-11-03,Orange,Jaipur,2281
2024-11-04,Orange,Jaipur,2285
2024-11-05,Orange,Jaipur,2269
2024-11-06,Orange,Jaipur,2274
2024-11-07,Orange,Jaipur,2259
2024-11-08,Orange,Jaipur,2247
2024-11-09,Orange,Jaipur,2234
2024-11-10,Orange,Jaipur,2232
2024-11-11,Orange,Jaipur,2245
2024-11-12,Orange,Jaipur,2247
2024-11-13,Orange,Jaipur,2244
2024-11-14,Orange,Jaipur,2237
2024-11-15,Orange,Jaipur,2256
2024-11-16,Orange,Jaipur,2253
2024-11-17,Orange,Jaipur,2241
2024-11-18,Orange,Jaipur,2245
2024-11-19,Orange,Jaipur,2264
2024-11-20,Orange,Jaipur,2263
2024-11-21,Orange,Jaipur,2272
2024-11-22,Orange,Jaipur,2256
2024-11-23,Orange,Jaipur,2272
2024-11-24,Orange,Jaipur,2292
2024-11-25,Orange,Jaipur,2289
2024-11-26,Orange,Jaipur,2294
2024-11-27,Orange,Jaipur,2308
2024-11-28,Orange,Jaipur,2333
2024-11-29,Orange,Jaipur,2351
2024-11-30,Orange,Jaipur,2332
2024-12-01,Orange,Jaipur,2356
2024-12-02,Orange,Jaipur,2362
2024-12-03,Orange,Jaipur,2351
2024-12-04,Orange,Jaipur,2357
2024-12-05,Orange,Jaipur,2379
2024-12-06,Orange,Jaipur,2384
2024-12-07,Orange,Jaipur,2384
2024-12-08,Orange,Jaipur,2402
2024-12-09,Orange,Jaipur,2391
2024-12-10,Orange,Jaipur,2394
2024-12-11,Orange,Jaipur,2419
2024-12-12,Orange,Jaipur,2414
2024-12-13,Orange,Jaipur,2422
2024-12-14,Orange,Jaipur,2447
2024-12-15,Orange,Jaipur,2454
2024-12-16,Orange,Jaipur,2459
2024-12-17,Orange,Jaipur,2444
2024-12-18,Orange,Jaipur,2437
2024-12-19,Orange,Jaipur,2439
2024-12-20,Orange,Jaipur,2424
2024-12-21,Orange,Jaipur,2411
2024-12-22,Orange,Jaipur,2420
2024-12-23,Orange,Jaipur,2404
2024-12-24,Orange,Jaipur,2428
2024-12-25,Orange,Jaipur,2447
2024-12-26,Orange,Jaipur,2453
2024-12-27,Orange,Jaipur,2469
2024-12-28,Orange,Jaipur,2490
2024-12-29,Orange,Jaipur,2500
2024-12-30,Orange,Jaipur,2521
2024-12-31,Orange,Jaipur,2545
2025-01-01,Orange,Jaipur,2566
2025-01-02,Orange,Jaipur,2548
2025-01-03,Orange,Jaipur,2573
2025-01-04,Orange,Jaipur,2567
2025-01-05,Orange,Jaipur,2557
2025-01-06,Orange,Jaipur,2547
2025-01-07,Orange,Jaipur,2532
2025-01-08,Orange,Jaipur,2549
2025-01-09,Orange,Jaipur,2550
2025-01-10,Orange,Jaipur,2530
2025-01-11,Orange,Jaipur,2526
2025-01-12,Orange,Jaipur,2545
2025-01-13,Orange,Jaipur,2561
2025-01-14,Orange,Jaipur,2547
2025-01-15,Orange,Jaipur,2531
2025-01-16,Orange,Jaipur,2525
2025-01-17,Orange,Jaipur,2531
2025-01-18,Orange,Jaipur,2535
2025-01-19,Orange,Jaipur,2522
2025-01-20,Orange,Jaipur,2546
2025-01-21,Orange,Jaipur,2557
2025-01-22,Orange,Jaipur,2538
2025-01-23,Orange,Jaipur,2518
2025-01-24,Orange,Jaipur,2524
2025-01-25,Orange,Jaipur,2516
2025-01-26,Orange,Jaipur,2536
2025-01-27,Orange,Jaipur,2535
2025-01-28,Orange,Jaipur,2526
2025-01-29,Orange,Jaipur,2510
2025-01-30,Orange,Jaipur,2504
2025-01-31,Orange,Jaipur,2484
2025-02-01,Orange,Jaipur,2503
2025-02-02,Orange,Jaipur,2484
2025-02-03,Orange,Jaipur,2500
2025-02-04,Orange,Jaipur,2510
2025-02-05,Orange,Jaipur,2535
2025-02-06,Orange,Jaipur,2547
2025-02-07,Orange,Jaipur,2528
2025-02-08,Orange,Jaipur,2533
2025-02-09,Orange,Jaipur,2531
2025-02-10,Orange,Jaipur,2513
2025-02-11,Orange,Jaipur,2532
2025-02-12,Orange,Jaipur,2521
2025-02-13,Orange,Jaipur,2535
2025-02-14,Orange,Jaipur,2551
2025-02-15,Orange,Jaipur,2542
2025-02-16,Orange,Jaipur,2524
2025-02-17,Orange,Jaipur,2520
2025-02-18,Orange,Jaipur,2515
2025-02-19,Orange,Jaipur,2498
2025-02-20,Orange,Jaipur,2483
2025-02-21,Orange,Jaipur,2463
2025-02-22,Orange,Jaipur,2469
2025-02-23,Orange,Jaipur,2466
2025-02-24,Orange,Jaipur,2449
2025-02-25,Orange,Jaipur,2457
2025-02-26,Orange,Jaipur,2442
2025-02-27,Orange,Jaipur,2454
2025-02-28,Orange,Jaipur,2458
2025-03-01,Orange,Jaipur,2472
2025-03-02,Orange,Jaipur,2461
2025-03-03,Orange,Jaipur,2475
2025-03-04,Orange,Jaipur,2475
2025-03-05,Orange,Jaipur,2457
2025-03-06,Orange,Jaipur,2440
2025-03-07,Orange,Jaipur,2437
2025-03-08,Orange,Jaipur,2432
2025-03-09,Orange,Jaipur,2413
2025-03-10,Orange,Jaipur,2412
2025-03-11,Orange,Jaipur,2426
2025-03-12,Orange,Jaipur,2423
2025-03-13,Orange,Jaipur,2441
2025-03-14,Orange,Jaipur,2431
2025-03-15,Orange,Jaipur,2439
2025-03-16,Orange,Jaipur,2435
2025-03-17,Orange,Jaipur,2433
2025-03-18,Orange,Jaipur,2424
2025-03-19,Orange,Jaipur,2416
2025-03-20,Orange,Jaipur,2427
2025-03-21,Orange,Jaipur,2436
2025-03-22,Orange,Jaipur,2424
2025-03-23,Orange,Jaipur,2415
2025-03-24,Orange,Jaipur,2398
2025-03-25,Orange,Jaipur,2419
2025-03-26,Orange,Jaipur,2438
2025-03-27,Orange,Jaipur,2423
2025-03-28,Orange,Jaipur,2414
2025-03-29,Orange,Jaipur,2401
2025-03-30,Orange,Jaipur,2408
2025-03-31,Orange,Jaipur,2414
2025-04-01,Orange,Jaipur,2395
2025-04-02,Orange,Jaipur,2415
2025-04-03,Orange,Jaipur,2438
2025-04-04,Orange,Jaipur,2440
2025-04-05,Orange,Jaipur,2423
2025-04-06,Orange,Jaipur,2428
2025-04-07,Orange,Jaipur,2430
2025-04-08,Orange,Jaipur,2443
2025-04-09,Orange,Jaipur,2445
2025-04-10,Orange,Jaipur,2428
2025-04-11,Orange,Jaipur,2426
2025-04-12,Orange,Jaipur,2425
2025-04-13,Orange,Jaipur,2433
2025-04-14,Orange,Jaipur,2452
2025-04-15,Orange,Jaipur,2434
2025-04-16,Orange,Jaipur,2457
2025-04-17,Orange,Jaipur,2466
2025-04-18,Orange,Jaipur,2490
2025-04-19,Orange,Jaipur,2490
2025-04-20,Orange,Jaipur,2512
2025-04-21,Orange,Jaipur,2496
2025-04-22,Orange,Jaipur,2497
2025-04-23,Orange,Jaipur,2477
2025-04-24,Orange,Jaipur,2483
2025-04-25,Orange,Jaipur,2470
2025-04-26,Orange,Jaipur,2459
2025-04-27,Orange,Jaipur,2455
2025-04-28,Orange,Jaipur,2454
2025-04-29,Orange,Jaipur,2454
2025-04-30,Orange,Jaipur,2441
2025-05-01,Orange,Jaipur,2456
2025-05-02,Orange,Jaipur,2438
2025-05-03,Orange,Jaipur,2418
2025-05-04,Orange,Jaipur,2405
2025-05-05,Orange,Jaipur,2423
2025-05-06,Orange,Jaipur,2406
2025-05-07,Orange,Jaipur,2390
2025-05-08,Orange,Jaipur,2378
2025-05-09,Orange,Jaipur,2388
2025-05-10,Orange,Jaipur,2385
2025-05-11,Orange,Jaipur,2410
2025-05-12,Orange,Jaipur,2424
2025-05-13,Orange,Jaipur,2408
2025-05-14,Orange,Jaipur,2424
2025-05-15,Orange,Jaipur,2442
2025-05-16,Orange,Jaipur,2453
2025-05-17,Orange,Jaipur,2434
2025-05-18,Orange,Jaipur,2431
2025-05-19,Orange,Jaipur,2442
2025-05-20,Orange,Jaipur,2463
2025-05-21,Orange,Jaipur,2464
2025-05-22,Orange,Jaipur,2447
2025-05-23,Orange,Jaipur,2437
2025-05-24,Orange,Jaipur,2423
2025-05-25,Orange,Jaipur,2426
2025-05-26,Orange,Jaipur,2420
2025-05-27,Orange,Jaipur,2409
2025-05-28,Orange,Jaipur,2424
2025-05-29,Orange,Jaipur,2447
2025-05-30,Orange,Jaipur,2430
2025-05-31,Orange,Jaipur,2426
2025-06-01,Orange,Jaipur,2427
2025-06-02,Orange,Jaipur,2427
2025-06-03,Orange,Jaipur,2442
2025-06-04,Orange,Jaipur,2447
2025-06-05,Orange,Jaipur,2427
2025-06-06,Orange,Jaipur,2413
2025-06-07,Orange,Jaipur,2403
2025-06-08,Orange,Jaipur,2400
2025-06-09,Orange,Jaipur,2392
2025-06-10,Orange,Jaipur,2374
2025-06-11,Orange,Jaipur,2376
2025-06-12,Orange,Jaipur,2393
2025-06-13,Orange,Jaipur,2374
2025-06-14,Orange,Jaipur,2399
2025-06-15,Orange,Jaipur,2403
2025-06-16,Orange,Jaipur,2390
2025-06-17,Orange,Jaipur,2409
2025-06-18,Orange,Jaipur,2427
2025-06-19,Orange,Jaipur,2437
2025-06-20,Orange,Jaipur,2434
2025-06-21,Orange,Jaipur,2416
2025-06-22,Orange,Jaipur,2410
2025-06-23,Orange,Jaipur,2426
2025-06-24,Orange,Jaipur,2442
2025-06-25,Orange,Jaipur,2425
2025-06-26,Orange,Jaipur,2447
2025-06-27,Orange,Jaipur,2437
2025-06-28,Orange,Jaipur,2418
2025-06-29,Orange,Jaipur,2426
2025-06-30,Orange,Jaipur,2430
2025-07-01,Orange,Jaipur,2441
2025-07-02,Orange,Jaipur,2451
2025-07-03,Orange,Jaipur,2455
2025-07-04,Orange,Jaipur,2437
2025-07-05,Orange,Jaipur,2450
2025-07-06,Orange,Jaipur,2452
2025-07-07,Orange,Jaipur,2445
2025-07-08,Orange,Jaipur,2440
2025-07-09,Orange,Jaipur,2445
2025-07-10,Orange,Jaipur,2441
2025-07-11,Orange,Jaipur,2460
2025-07-12,Orange,Jaipur,2473
2025-07-13,Orange,Jaipur,2497
2025-07-14,Orange,Jaipur,2508
2025-07-15,Orange,Jaipur,2501
2025-07-16,Orange,Jaipur,2516
2025-07-17,Orange,Jaipur,2513
2025-07-18,Orange,Jaipur,2528
2025-07-19,Orange,Jaipur,2524
2025-07-20,Orange,Jaipur,2539
2025-07-21,Orange,Jaipur,2528
2025-07-22,Orange,Jaipur,2524
2025-07-23,Orange,Jaipur,2541
2025-07-24,Orange,Jaipur,2525
2025-07-25,Orange,Jaipur,2510
2025-07-26,Orange,Jaipur,2501
2025-07-27,Orange,Jaipur,2499
2025-07-28,Orange,Jaipur,2522
2025-07-29,Orange,Jaipur,2515
2025-07-30,Orange,Jaipur,2504
2025-07-31,Orange,Jaipur,2510
2025-08-01,Orange,Jaipur,2502
2025-08-02,Orange,Jaipur,2504
2025-08-03,Orange,Jaipur,2525
2025-08-04,Orange,Jaipur,2521
2025-08-05,Orange,Jaipur,2546
2025-08-06,Orange,Jaipur,2559
2025-08-07,Orange,Jaipur,2573
2025-08-08,Orange,Jaipur,2574
2025-08-09,Orange,Jaipur,2593
2025-08-10,Orange,Jaipur,2616
2025-08-11,Orange,Jaipur,2609
2025-08-12,Orange,Jaipur,2594
2025-08-13,Orange,Jaipur,2588
2025-08-14,Orange,Jaipur,2605
2025-08-15,Orange,Jaipur,2612
2025-08-16,Orange,Jaipur,2629
2025-08-17,Orange,Jaipur,2629
2025-08-18,Orange,Jaipur,2613
2025-08-19,Orange,Jaipur,2621
2025-08-20,Orange,Jaipur,2625
2025-08-21,Orange,Jaipur,2631
2025-08-22,Orange,Jaipur,2624
2025-08-23,Orange,Jaipur,2619
2025-08-24,Orange,Jaipur,2618
2025-08-25,Orange,Jaipur,2603
2025-08-26,Orange,Jaipur,2614
2025-08-27,Orange,Jaipur,2608
2025-08-28,Orange,Jaipur,2610
2025-08-29,Orange,Jaipur,2618
2025-08-30,Orange,Jaipur,2635
2025-08-31,Orange,Jaipur,2623
2025-09-01,Orange,Jaipur,2633
2025-09-02,Orange,Jaipur,2649
2025-09-03,Orange,Jaipur,2642
2025-09-04,Orange,Jaipur,2651
2025-09-05,Orange,Jaipur,2650
2025-09-06,Orange,Jaipur,2636
2025-09-07,Orange,Jaipur,2644
2025-09-08,Orange,Jaipur,2660
2025-09-09,Orange,Jaipur,2680
2025-09-10,Orange,Jaipur,2665
2025-09-11,Orange,Jaipur,2653
2025-09-12,Orange,Jaipur,2667
2025-09-13,Orange,Jaipur,2655
2025-09-14,Orange,Jaipur,2666
2025-09-15,Orange,Jaipur,2670
2025-09-16,Orange,Jaipur,2667
2025-09-17,Orange,Jaipur,2675
2025-09-18,Orange,Jaipur,2698
2025-09-19,Orange,Jaipur,2681
2025-09-20,Orange,Jaipur,2679
2025-09-21,Orange,Jaipur,2671
2025-09-22,Orange,Jaipur,2691
2025-09-23,Orange,Jaipur,2679
2025-09-24,Orange,Jaipur,2673
2025-09-25,Orange,Jaipur,2674
2025-09-26,Orange,Jaipur,2657
2025-09-27,Orange,Jaipur,2667
2025-09-28,Orange,Jaipur,2685
2025-09-29,Orange,Jaipur,2680
2025-09-30,Orange,Jaipur,2683
2025-10-01,Orange,Jaipur,2684
2025-10-02,Orange,Jaipur,2703
2025-10-03,Orange,Jaipur,2684
2025-10-04,Orange,Jaipur,2675
2025-10-05,Orange,Jaipur,2660
2025-10-06,Orange,Jaipur,2677
2025-10-07,Orange,Jaipur,2666
2025-10-08,Orange,Jaipur,2646
2025-10-09,Orange,Jaipur,2630
2025-10-10,Orange,Jaipur,2624
2025-10-11,Orange,Jaipur,2639
2025-10-12,Orange,Jaipur,2639
2025-10-13,Orange,Jaipur,2635
2025-10-14,Orange,Jaipur,2639
2025-10-15,Orange,Jaipur,2643
2025-10-16,Orange,Jaipur,2624
2025-10-17,Orange,Jaipur,2632
2025-10-18,Orange,Jaipur,2622
2025-10-19,Orange,Jaipur,2613
2025-10-20,Orange,Jaipur,2636
2025-10-21,Orange,Jaipur,2652
2025-10-22,Orange,Jaipur,2640
2025-10-23,Orange,Jaipur,2627
2025-10-24,Orange,Jaipur,2617
2025-10-25,Orange,Jaipur,2598
2025-10-26,Orange,Jaipur,2590
2025-10-27,Orange,Jaipur,2576
2025-10-28,Orange,Jaipur,2556
2025-10-29,Orange,Jaipur,2578
2025-10-30,Orange,Jaipur,2579
2025-10-31,Orange,Jaipur,2581
2025-11-01,Orange,Jaipur,2596
2025-11-02,Orange,Jaipur,2621
2025-11-03,Orange,Jaipur,2618
2025-11-04,Orange,Jaipur,2601
2025-11-05,Orange,Jaipur,2591
2025-11-06,Orange,Jaipur,2604
2025-11-07,Orange,Jaipur,2614
2025-11-08,Orange,Jaipur,2636
2025-11-09,Orange,Jaipur,2618
2025-11-10,Orange,Jaipur,2643
2025-11-11,Orange,Jaipur,2631
2025-11-12,Orange,Jaipur,2632
2025-11-13,Orange,Jaipur,2642
2025-11-14,Orange,Jaipur,2638
2025-11-15,Orange,Jaipur,2661
2025-11-16,Orange,Jaipur,2683
2025-11-17,Orange,Jaipur,2673
2025-11-18,Orange,Jaipur,2657
2025-11-19,Orange,Jaipur,2669
2025-11-20,Orange,Jaipur,2662
2025-11-21,Orange,Jaipur,2662
2025-11-22,Orange,Jaipur,2662
2025-11-23,Orange,Jaipur,2670
2025-11-24,Orange,Jaipur,2672
2025-11-25,Orange,Jaipur,2668
2025-11-26,Orange,Jaipur,2670
2025-11-27,Orange,Jaipur,2695
2025-11-28,Orange,Jaipur,2715
2025-11-29,Orange,Jaipur,2699
2025-11-30,Orange,Jaipur,2683
2025-12-01,Orange,Jaipur,2674
2025-12-02,Orange,Jaipur,2686
2025-12-03,Orange,Jaipur,2684
2025-12-04,Orange,Jaipur,2694
2025-12-05,Orange,Jaipur,2675
2025-12-06,Orange,Jaipur,2689
2025-12-07,Orange,Jaipur,2708
2025-12-08,Orange,Jaipur,2689
2025-12-09,Orange,Jaipur,2691
2025-12-10,Orange,Jaipur,2714
2025-12-11,Orange,Jaipur,2711
2025-12-12,Orange,Jaipur,2716
2025-12-13,Orange,Jaipur,2727
2025-12-14,Orange,Jaipur,2715
2025-12-15,Orange,Jaipur,2712
2025-12-16,Orange,Jaipur,2714
2025-12-17,Orange,Jaipur,2725
2025-12-18,Orange,Jaipur,2735
2025-12-19,Orange,Jaipur,2752
2025-12-20,Orange,Jaipur,2732
2025-12-21,Orange,Jaipur,2749
2025-12-22,Orange,Jaipur,2772
2025-12-23,Orange,Jaipur,2770
2025-12-24,Orange,Jaipur,2760
2025-12-25,Orange,Jaipur,2773
2025-12-26,Orange,Jaipur,2787
2025-12-27,Orange,Jaipur,2808
2025-12-28,Orange,Jaipur,2822
2025-12-29,Orange,Jaipur,2846
2025-12-30,Orange,Jaipur,2859
2025-12-31,Orange,Jaipur,2842
